# code<TAB>method<TAB>characters; membership only, not ranking
aai	cantonese	唉埃挨嗌艾哎噯騃餲阨
aak	cantonese	握厄扼呃幄齷軛渥偓喔鈪阨
aam	cantonese	啱
aan	cantonese	晏俺
aang	cantonese	罌
aap	cantonese	鴨
aat	cantonese	壓押歹恝遏戛揠閼齃餲猒頞堨
aau	cantonese	拗搲𢯎坳㘭𢱑
ah	cantonese	亞阿呀啊啞訝鴉丫吖迓婭椏掗俹
ai	cantonese	艾哎唉埃挨翳矮隘縊嗌噯騃
ak	cantonese	握厄扼呃幄齷軛渥偓喔阨
am	cantonese	暗黯諳奄庵鵪菴闇唵揞
an	cantonese	晏俺
ang	cantonese	鶯罌罃
ap	cantonese	噏罨悒
at	cantonese	壓遏押戛
au	cantonese	勾歐毆區嘔鷗鉤鈎凹甌漚
b	cantonese	啤
ba	cantonese	把霸罷吧巴爸葩靶疤叭芭笆壩峇灞鈀粑
baai	cantonese	敗拜擺湃掰稗
baak	cantonese	白百伯佰帛迫蔔匐栢檗
baan	cantonese	版板扮辦闆頒班舨阪斑瓣湴扳
baang	cantonese	崩繃蹦甭唪𠾴
baat	cantonese	八捌
baau	cantonese	包胞飽苞鮑爆齙孢
bai	cantonese	閉幣敝陛跛弊蔽斃薜稗
bak	cantonese	北
bam	cantonese	乓泵
ban	cantonese	品奔彬笨繽稟賓擯濱檳儐殯鬢斌嬪臏髕鑌賁犇
bang	cantonese	崩繃蹦甭憑凭
bat	cantonese	不筆畢拔跋弼鈸嗶蹕𢳂蓽
be	cantonese	啤
beep	cantonese	嗶
bei	cantonese	比被備避秘彼俾畀卑庇匕臂悲泌碑痺鼻憊睥脾媲捭埤裨祕毗肶妣髀痹詖沘篦鉍吡陂賁費鵯蓖屄
beng	cantonese	柄病餅
bik	cantonese	迫逼碧璧壁襞
bin	cantonese	便邊變辨辯扁貶鞭匾辮卞汴弁褊鯿砭
bing	cantonese	並兵秉摒冰併炳怦丙乒姘昺并迸
bip	cantonese	嗶
bit	cantonese	必別嗶咇鱉彆癟鉍蹩憋
biu	cantonese	表標飆彪錶鑣鏢驃婊裱膘飇滮俵
bo	cantonese	報部保佈布步補怖埔捕堡褒暴曝寶簿哺煲褓葆埗鴇
boh	cantonese	波播坡玻菠鄱啵噃陂叵
bok	cantonese	駁薄搏博縛膊礡雹舶壆扑卜箔鉑泊㩧攴魄
bong	cantonese	幫磅傍榜邦鎊綁膀螃蒡埲梆
book	cantonese	卜僕瀑
boon	cantonese	半本般搬伴叛胖拌絆畔苯畚
boot	cantonese	撥勃缽脖渤砵𠼭悖荸醱
bui	cantonese	背輩杯貝盃狽胚焙揹鋇悖褙姵
buk	cantonese	卜僕瀑蹼
bung	cantonese	埲
bye	cantonese	敗擺拜湃掰
card	cantonese	卡咭
cha	cantonese	差查茶叉搽扠詫喳岔杈衩姹
chaai	cantonese	猜踩差柴搓豺釵儕
chaak	cantonese	測策拆惻冊詫賊岔坼柵吒咤
chaam	cantonese	參慚慘杉懺摻蠶讒饞攙篸巉劖讖
chaan	cantonese	產殘餐燦剷鏟粲璨巉戔羼
chaang	cantonese	撐橙倀𥋇瞠罉傖棖掁
chaap	cantonese	插
chaat	cantonese	察擦刷獺嚓
chaau	cantonese	抄吵炒鈔巢摷皺
chai	cantonese	切齊妻砌棲悽凄淒萋霽柴沏薺
chak	cantonese	翟澤
cham	cantonese	尋參侵慚慘沉沈噚寢懺摻蠶杉讒饞攙鱘蕁篸讖譖噆
chan	cantonese	陳趁親襯塵診疹嚫嗔稹畛縝
chang	cantonese	曾層蹭噌
chap	cantonese	輯緝葺
chat	cantonese	七漆柒𨳍
chau	cantonese	酬抽秋籌湊臭惆嗅稠躊綢醜丑囚糗溴疇瞅鞦揪揍鰍仇儔讎遒
chea	cantonese	且扯車邪奢斜輋
cheh	cantonese	且扯車邪奢斜輋哆
chek	cantonese	尺呎赤刺
cheng	cantonese	請阱淨鄭青井凈
cheong	cantonese	窗唱倡昌猖娼槍鎗
cheuk	cantonese	卓桌綽灼婥芍戳焯倬噱
cheung	cantonese	將長像詳搶窗倡唱場張彰悵暢猖祥章腸昌娼掌槍障牆漲脹象翔賬鎗漿醬橡樟璋瘴鏘薔嬙囪囱嗆蟑漳墻戕鯧蹌
chi	cantonese	只知此自始似持磁止至指遲字次志仔子之致伺弛旨矢址支誌資緻紙詞智恃疵刺姊枝治池癡痴黐孜姿恥置幟咫賜雌齒熾質滋紫馳辭諮峙侈肢脂趾慈稚褫摯肆差匙瓷芝飼翅芷廁祠嗣寺痣痔嗤吱恣粢祉茲糍臍笞柿茨孳鶿錙梓祇聇蜘巳墀啻眥魑踟哆蚩薺訾
chik	cantonese	斥叱飭戚慼直值矽席夕寂植殖汐蟄
chim	cantonese	潛簽殲籤纖僭暹諂櫼塹槧燂
chin	cantonese	前展荐錢千纏淺踐遷韆濺仟芊阡氈闡顜
ching	cantonese	稱情清請精靜澄程青瞪呈征拯貞阱症偵淨逞懲蒸晴睛菁鯖靖秤騁怔氰蜻蟶禎埕凈楨裎
chip	cantonese	妾
chit	cantonese	設切徹撤澈轍
chiu	cantonese	朝超潮瞧悄俏憔肖峭樵趙礁昭鞘釗炤晁睄
cho	cantonese	措操粗糙草造噪嘈曹槽澡燥躁醋儲藻譟漕鰽
choh	cantonese	初錯坐挫楚礎蹉磋雛鋤銼搓嵯芻痤剉
choi	cantonese	才採采財彩材裁菜綵賽塞蔡睬啋纔
chok	cantonese	剒
chong	cantonese	創裝狀廠倉闖藏敞滄壯床牀莊葬蒼樁艙瘡傖贓臟髒䱽粧妝昶愴
chow	cantonese	周週洲州舟鄒謅
choy	cantonese	蔡
chu	cantonese	著註主住注諸株珠煮朱廚櫥豬駐鑄誅侏銖硃蛛茱
chue	cantonese	處儲署曙柱躇貯廚櫥褚佇苧躕杵
chuen	cantonese	傳全存吋寸川村邨穿揣串泉痊喘竄忖荃蹲湍汆詮佺銓恮烇牷筌絟輇駩醛釧氚瑔舛惴攢爨
chuet	cantonese	猝撮茁
chui	cantonese	隨除取趨趣催摧吹覷炊徐脆鎚錘娶搥槌捶翠璀崔椎隋廚櫥蜍啐淬橇
chuk	cantonese	速促束蓄蹴矗搐畜簇齪蹙涑
chum	cantonese	怎針浸斟枕覃
chun	cantonese	盡進準旬巡俊春准儘樽遵循峻竣晉秦諄蠢臻燼駿鶉椿皴
chung	cantonese	中重種終眾鐘從總充蹤縱匆衷綜衝蔥葱訟頌憧仲沖宗忠松腫聰盅囪囱淙鍾棕粽蟲寵誦叢欉涌舂塚鬃忡虫蓯冢銃驄荵翀
chut	cantonese	出齣
cut	cantonese	咳
d	cantonese	啲尐
da	cantonese	打
daai	cantonese	大帶歹戴獃呆
daam	cantonese	擔膽眈耽淡啖澹氮儋躭胆担叼髧
daan	cantonese	但旦單彈丹蛋憚誕鄲蜑殫𧩙
daap	cantonese	答踏搭疊瘩嗒荅沓耷傝蹋叠
daat	cantonese	達笪韃躂噠撻𢴈
dai	cantonese	大低第抵底弟帝遞逮砥隸詆蒂邸締諦棣牴娣渧碲柢悌觝胝
dak	cantonese	得特德突螣
dam	cantonese	抌沊揼黕紞澸丼衴耽髧
dan	cantonese	躉燉炖墩潡驐扽沌
dang	cantonese	等登鄧燈戥瞪凳櫈蹬澄
dap	cantonese	揼耷
dat	cantonese	突凸腯
dau	cantonese	糾鬥赳斗抖豆逗兜痘荳哣𢭃蚪陡竇鬭
de	cantonese	爹嗲
dei	cantonese	地哋
dek	cantonese	笛趯糴
deng	cantonese	訂釘盯掟頂叮埞疔
deuk	cantonese	剁啄琢涿斫
deung	cantonese	啄
dik	cantonese	的敵滴嫡滌迪廸嘀狄荻逖鏑
dim	cantonese	點店掂惦玷踮阽𠶧
din	cantonese	電典奠巔顛殿澱癲墊碘甸腆靛錠淀
ding	cantonese	定訂頂釘鼎丁叮盯酊汀町仃錠椗碇腚疔
dip	cantonese	碟疊諜蝶喋牒叠鰈
dit	cantonese	跌秩迭軼耋
diu	cantonese	調掉吊凋釣弔刁叼丟屌貂雕鵰彫碉鯛𨳒銩
do	cantonese	都導道到度倒盜渡蹈妒杜島睹悼刀堵稻賭鍍艔搗嘟蠹
doh	cantonese	多墮惰躲朵跺剁哆綞
doi	cantonese	待代袋玳岱怠黛
dok	cantonese	度踱鐸
dong	cantonese	當檔擋蕩盪黨噹璫鐺襠丼戙宕讜
du	cantonese	嘟
duen	cantonese	斷短段端鍛緞
duet	cantonese	奪嘟
dui	cantonese	對兌堆隊兑懟㨃
duk	cantonese	讀獨督毒黷篤瀆犢牘髑
dun	cantonese	鈍遁頓噸盹沌敦燉炖墩蹲
dung	cantonese	動懂東棟董慟冬洞凍幢咚恫胴峒戙硐
dut	cantonese	突凸
fa	cantonese	化花划
faai	cantonese	快傀塊筷
faan	cantonese	反凡煩犯翻範繁番返泛氾販飯瓣帆藩蕃范梵樊礬幡燔釩汎
faat	cantonese	發法髮琺砝醱
fai	cantonese	快費揮廢輝傀塊徽暉琿沸筷肺吠煇痱芾麾
fan	cantonese	反凡分份紛吩忿粉昏氛泛範繁翻返番帆芬訓瞓婚飯煩奮憤墳焚勳勛范梵樊薰熏燻醺蕃葷幡糞礬釩雰汾坋妢酚鈖蒶蕡昐枌玢砏秎羒翂衯魵賁
fang	cantonese	揈
fat	cantonese	發法乏彿忽弗伐囫拂佛髮罰閥筏惚氟狒窟笏琺砝芾
fau	cantonese	否浮剖埠阜
fe	cantonese	啡淝
fei	cantonese	非飛菲妃肥匪緋誹斐蜚翡啡扉霏痱腓淝悱
fing	cantonese	揈
fit	cantonese	弗
fo	cantonese	火科伙貨夥課顆棵蝌稞杝騍
foh	cantonese	火科伙貨夥課顆棵蝌稞杝騍
fok	cantonese	霍攫
fong	cantonese	方防放訪仿妨況彷房坊肪芳荒慌謊紡舫恍晃幌倣怳髣枋肓
foo	cantonese	附副符苦負付賦富婦庫赴呼輔撫敷膚傅扶仆夫伕父乎咐府斧芙虎俘枯俯訃釜孚腑孵腐褲甫琥唬骷駙麩戽蚹嘸袴頫
fooi	cantonese	灰恢悔詼晦誨魁喙奎煃
foon	cantonese	寬歡款髖盥
foot	cantonese	闊
fui	cantonese	灰恢悔詼晦誨魁喙奎煃鮪𡟼
fuk	cantonese	服幅覆復複腹福袱伏輻蝠馥茯
fung	cantonese	奉封風鋒逢峰烽豐楓諷縫俸馮蜂瘋鳳蓬篷峯丰灃唪
fut	cantonese	乏彿忽弗伐囫拂佛髮罰閥筏惚氟狒窟笏琺砝芾
ga	cantonese	加假價家駕嘉嫁咖架㗎珈傢賈稼茄伽袈迦痂枷葭嘎噶喀
gaai	cantonese	解佳皆界介屆尬戒階楷偕誡街芥𠝹鎅价疥蚧
gaak	cantonese	格隔革膈鎘胳骼緙嗝
gaam	cantonese	減鑑鑒監尷橄緘淦
gaan	cantonese	簡間艱奸諫揀菅柬姦澗繭鹼梘鐧癇筧
gaang	cantonese	更耕
gaap	cantonese	夾甲頰鴿革蛤鉀胛岬舺匣浹
gaau	cantonese	較交教狡郊搞校攪膠姣佼皎跤覺絞蛟餃骹鮫鉸茭窖滘飫
gai	cantonese	計繼雞偈髻薊鷄
gak	cantonese	隔格革膈胳鎘緙
gam	cantonese	今感敢禁金甘咁錦噤柑噉㩒撳淦泔贛
gan	cantonese	近僅跟緊根謹饉殣巾斤筋觔巹瑾覲槿艮
gang	cantonese	更梗耿羹庚賡哽鯁亙埂
gap	cantonese	急𥄫鴿蛤岌敆
gat	cantonese	吉桔疙訖曱拮趷㓤
gau	cantonese	夠究九久舊疚咎苟救糾灸狗詬垢嚿柩枸韭玖鳩尻𨳊廄鈎篝鬮佝搆
geh	cantonese	嘅痂
gei	cantonese	記技己既嘅幾機基肌紀羈忌寄覬譏杞碁璣飢饑妓箕萁几磯嘰畿姬乩伎奇犄麂
geng	cantonese	頸鏡驚猄麖儆擏
geuh	cantonese	鋸啹噱
geuk	cantonese	腳脚噱
geung	cantonese	薑疆僵殭韁姜羗羌礓
gi	cantonese	嘰
gik	cantonese	極激擊棘戟撠亟殛
gim	cantonese	兼檢儉劍蒹撿鶼
gin	cantonese	件建見堅健鍵肩乾虔蹇腱掮毽鰹
ging	cantonese	經勁竟競驚警景矜境敬憬京徑荊剄儆莖脛逕涇兢痙璟輘
gip	cantonese	劫澀喼篋狹硤
git	cantonese	結潔傑頡揭杰竭歇鍥拮詰訐蝎蠍羯桀愒孑挈擷黠
giu	cantonese	矯驕叫繳撬嬌轎蹻澆
go	cantonese	告高稿膏糕篙羔睾睪皋槁
goh	cantonese	個嗰歌哥箇戈哿
goi	cantonese	改該蓋賅閡
gok	cantonese	各角覺擱閣玨桷
gon	cantonese	趕幹乾肝干桿杆竿稈榦赶扞擀
gong	cantonese	江降剛港崗講綱鋼岡缸肛槓杠罡䚗螯
goo	cantonese	估故固鼓股顧僱孤古辜姑沽蠱錮菇雇鴣菰咕牯罟鈷蛄酤痼
goon	cantonese	管觀冠貫官灌罐館棺莞倌盥鸛
got	cantonese	割轕葛噶
guen	cantonese	券捐倦捲娟卷眷鵑絹涓狷
guet	cantonese	橛劂
gui	cantonese	舉據具巨車句居懼矩鉅据踞倨炬櫸鋸蒟颶齲瞿莒啹崌苣詎擧遽
guk	cantonese	局谷侷菊穀鵠焗掬跼鞠麴麯唂梏
gun	cantonese	近僅跟緊根謹饉殣巾斤筋觔瑾
gung	cantonese	功公共工供攻鞏拱弓恭貢躬龔宮槓蚣芎㧬贛
gwa	cantonese	掛寡瓜卦啩呱轇挂罣
gwaai	cantonese	怪乖拐柺枴蚧
gwaak	cantonese	摑
gwaan	cantonese	關慣摜躀綸鰥瘝
gwaang	cantonese	哐梗
gwaat	cantonese	刮颳㩿
gwai	cantonese	貴季歸軌悸詭餽饋鬼跪桂瑰閨櫃柜龜簋簣皈硅鮭珪圭晷癸匱匭
gwan	cantonese	均君軍鈞筠滾郡棍莙
gwang	cantonese	轟觥揈輷
gwat	cantonese	倔骨崛掘窟滑橘譎𥇣汩鶻榾
gweh	cantonese	𠺌
gwik	cantonese	隙闃虢
gwing	cantonese	炯炅迥囧
gwoh	cantonese	戈果過裹粿菓
gwok	cantonese	國郭幗廓蟈槨
gwong	cantonese	廣光胱桄獷
gwui	cantonese	攰
ha	cantonese	下吓哈夏廈霞暇瑕遐蝦蛤嗄鉿
haai	cantonese	懈諧邂孩械揩駭鞋骸蟹兮嗨嚡瀣
haak	cantonese	客嚇赫喀唬
haam	cantonese	涵函銜喊餡鹹咸啣頷
haan	cantonese	限閒慳嫺嫻閑僩癇
haang	cantonese	坑夯行桁
haap	cantonese	匣呷挾狹狎頰俠峽莢篋掐
haau	cantonese	效校考巧傚敲酵孝吼哮烤拷姣効
hai	cantonese	係喺孩械邂懈諧繫揩鞋系奚駭骸蟹兮嗨閪屄徯
hak	cantonese	克刻客黑嚇赫可剋氪緙
ham	cantonese	含陷堪嵌憾撼坎砍勘冚瞰磡扻戡龕蚶酣憨崁磕邯
han	cantonese	很恨狠限痕閑閒嫻墾懇癇
hang	cantonese	行幸肯恆恒亨恨狠倖杏哼痕莖墾衡懇鏗啃珩蘅姮桁枑悻
hap	cantonese	合恰洽盒俠瞌闔烚峽溘磕
hat	cantonese	核轄乞瞎劾齕檄楬閡
hau	cantonese	口巧候後效校考厚后逅傚敲酵吼孝哮烤拷喉侯猴鱟堠篌覷
hei	cantonese	希起棄喜豈欺稀氣器戲犧欷憩汽唏嬉嘻曦晞囍禧羲烯熙嘿僖熹餼
hek	cantonese	吃
heng	cantonese	輕
heuh	cantonese	靴噓
heung	cantonese	向香享響嚮鄉餉晌饗响
him	cantonese	欠險謙芡
hin	cantonese	顯獻遣掀衍牽譴繾軒憲蜆騫縴搴褰愆芡䘆讞攐
hing	cantonese	輕慶興兄卿氫罄馨㷫磬烴脛
hip	cantonese	協脅歉怯挾愜慊勰
hit	cantonese	歇挈愒
hiu	cantonese	曉僥竅囂澆驍橇梟繑蹺翹鴞
ho	cantonese	可好耗號浩毫何苛河呵荷賀豪壕嚎皓濠蠔顥灝犒蒿嗥皞昊淏鎬坷訶
hoh	cantonese	可何賀苛河呵荷坷訶蚵哿
hoi	cantonese	開海害凱亥氦愷嗨骸頦鎧剴
hok	cantonese	學殼鶴貉
hom	cantonese	含陷堪嵌憾撼瞰勘砍坎磡戡蚶啣頷憨
hon	cantonese	看捍悍汗旱刊罕寒漢韓鼾瀚焊銲翰侃扞邯頇
hong	cantonese	行降康項慷腔吭杭巷航烘糠眶匡香筐框誆洭哐䆲鱇桁沆
hop	cantonese	合恰洽盒俠瞌闔
hot	cantonese	喝渴褐曷暍鞨㓤
hou	cantonese	口厚候喉猴吼侯
huen	cantonese	勸圈渲犬券喧絢綣烜萱禤暄煖楦昍䘆
huet	cantonese	血
hui	cantonese	去許虛歔噓栩墟詡煦吁祛
huk	cantonese	哭酷鵠斛槲觳
hum	cantonese	含陷堪嵌憾撼瞰勘砍坎磡戡龕蚶
hung	cantonese	空紅洶恐控胸哄雄洪熊虹凶孔兇鬨訌匈汞烘鴻崆黌葒吽芎蕻
hur	cantonese	噓
ip	cantonese	葉
ja	cantonese	詐搾榨咋炸渣乍喳楂揸痄吒蚱咱蜡鮓柞砟拃碴髽
jaai	cantonese	債寨齋砦晢
jaak	cantonese	責擇摘擲窄宅澤翟嘖謫砸笮睪
jaam	cantonese	暫站湛嶄斬眨蹔䁪蘸簪糌劖
jaan	cantonese	讚贊賺撰綻盞棧饌趲攢
jaang	cantonese	爭睜踭掙𧶄
jaap	cantonese	習集雜襲閘什眨鍘砸咂鈒
jaat	cantonese	紮札扎軋鍘
jaau	cantonese	找肘驟嘲抓爪罩帚棹
jai	cantonese	製濟際制祭滯躋擠仔劑掣囝霽
jak	cantonese	則側仄昃鰂
jam	cantonese	怎針枕浸斟箴砧朕鴆譖噆椹葚
jan	cantonese	真振陣珍賑震鎮圳䟴胗畛縝
jang	cantonese	增爭贈曾僧憎掙睜箏諍猙崢錚琤噌𤺧鬙
jap	cantonese	執汁
jat	cantonese	質窒嫉侄姪疾躓蛭蟄甴桎蒺枳騭
jau	cantonese	就走周袖紂晝咒週宙州舟洲奏酒皺帚鄒謅縐啾僦
je	cantonese	者這借謝姐姊遮傘嗟蔗鷓鍺啫嗻
jek	cantonese	隻炙脊瘠蓆鶺
jeng	cantonese	井淨鄭阱正凈丼精
jer	cantonese	啫
jeuk	cantonese	著着酌雀鵲爵嚼勺妁焯桌棹淖斫
jeung	cantonese	將像張長仗章掌脹獎彰象漲障賬悵樟匠丈杖槳漿璋橡醬帳蔣瘴蟑漳嶂幛獐
ji	cantonese	只指支自知至止之字致緻置智誌資諮紙志子仔咫旨址孜姊枝治姿滋趾稚紫質摯輊肢吱脂飼嗣祉茲芝孳寺痣痔籽芷梓錙蜘祇祀巳眥咨酯滓螆枳雉伺黹貲贄笫梔胝訾
jik	cantonese	即直值績積藉席籍夕寂織職蹟跡迹矽植殖則稷汐鯽漬蟄蓆瘠跖蹠癪騭鬩睪鶺
jim	cantonese	佔漸瞻沾尖臢詹占霑粘櫼
jin	cantonese	戰展薦荐剪箋箭賤餞氈輾煎墊闡顫蹇搌碾膻羶蹍𦟌翦湔顜戔
jing	cantonese	整靜精證正晶証政淨徵偵征症剩蒸貞睛靖菁禎幀怔凈癥阱丼旌
jip	cantonese	接摺浹輒囁楫褶
jit	cantonese	截節捷折哲浙睫唧婕倢蜇踅晢𡁶摰櫛擳喆
jiu	cantonese	招朝照召椒礁焦剿勦沼趙蕉醮摷詔炤𡁻曌鷦
jo	cantonese	做造組早遭租皂祖蹧灶棗糟藻蚤祚竈
joh	cantonese	助坐左咗阻佐座詛俎唑
joi	cantonese	再在栽載災宰哉滓
jok	cantonese	作昨鑿酢擢濯
jong	cantonese	裝撞狀壯粧妝莊葬樁藏贓臟髒庄奘
ju	cantonese	主註注著住珠煮諸株朱誅豬駐鑄蛀侏銖硃蛛茱
jue	cantonese	主註注著住珠煮諸株朱誅豬駐鑄蛀炷侏銖硃蛛茱箸櫫
juen	cantonese	專轉尊鑽磚傳纂湍撙攢鐫
juet	cantonese	絕拙咄綴輟啜吮茁絀掇
jui	cantonese	最追序咀沮敘罪綴聚嘴墜醉狙椎錐贅嶼齟疽蛆敍蕞隹懟惴雎
juk	cantonese	續觸俗足逐囑矚捉竹祝築粥族軸濁燭鐲瀆贖妯筑竺鏃躅
jum	cantonese	怎針枕浸斟寢箴砧朕
jun	cantonese	盡進準儘遵俊樽津准峻蹲晉燼竣臻駿浚雋隼榛縉濬鐫
jung	cantonese	中重種鐘總終綜眾仲宗忠訟腫頌鍾縱蹤踪盅棕粽淙舂誦鬃糭糉踵
jut	cantonese	卒黜捽怵
ka	cantonese	加假家嘉卡傢嫁咖珈賈稼茄伽袈迦葭喀咔旮尕
kaai	cantonese	楷㷫
kaak	cantonese	緙
kaang	cantonese	啃
kaat	cantonese	卡咭
kaau	cantonese	靠銬
kai	cantonese	解皆佳啟計界介階尬戒屆楷偕契稽繼溪誡街芥雞价蹊疥鍇谿
kak	cantonese	隔格革膈胳鎘緙㩿
kam	cantonese	今感禁敢金錦襟衾琴甘柑冚淦禽擒咁妗噤琹蠄檎
kan	cantonese	近僅間跟緊簡根艱謹勤饉殣巾斤奸諫揀芹姦筋柬澗繭鹼觔瑾懃鄞靳
kang	cantonese	更梗耕耿羹庚賡哽鯁啃亙
kap	cantonese	給及吸級岌汲笈夾甲頰鉀鈒扱
kar	cantonese	假價卡架駕嫁咖賈稼
kat	cantonese	咳
kau	cantonese	購求九構夠究久扣咎疚灸糾救溝摳詬垢球叩臼銬狗苟寇釦舊逑裘媾舅蔻鳩枸佝韭俅玖璆搆毬
ke	cantonese	騎茄瘸
kee	cantonese	既記基寄
keh	cantonese	騎茄瘸
kei	cantonese	其奇期歧機旗棋企耆祈暨琪崎琦基覬寄畸祺淇冀騎碁姬麒鰭蹊祁磯芪萁驥騏蜞錡圻岐
kek	cantonese	劇屐乪
keuk	cantonese	卻噱
keung	cantonese	強强鏹襁薑疆韁僵殭姜礓
ki	cantonese	己技奇既記機基紀幾覬忌肌寄畸箕騎譏羈碁杞妓姬驥璣饑几磯畿嘰萁乩埼
kik	cantonese	棘𠽤撠虢
kim	cantonese	兼檢儉劍鉗拑箝蒹撿黔鈐
kin	cantonese	件建見堅健鍵肩乾虔蹇腱掮毽墘
king	cantonese	勁經竟競驚警景傾矜敬徑京荊兢境憬擎璟鯨琼逕涇痙瓊頃黥滰擏
kip	cantonese	劫澀硤
kit	cantonese	結潔傑頡揭杰竭歇鍥拮詰訐蝎蠍羯桀愒孑挈擷黠㓤碣謁楬
kiu	cantonese	叫竅橋驕矯翹繳喬僑嬌蹺繞撬轎蹻繑蕎
ko	cantonese	個高告箇歌稿哥篙羔膏糕睪誥槁鋯皋
koh	cantonese	個箇歌哥
koi	cantonese	該改蓋概慨溉鈣丐愾磕
kok	cantonese	覺確各榷擱角閣涸廓郝慤壑玨恪桷确
kon	cantonese	趕幹乾肝干桿杆竿稈榦赶
kong	cantonese	港剛講狂抗江綱鋼擴降曠礦鑛崗伉亢獷鄺岡缸肛罡炕扛
koo	cantonese	估故固鼓股顧僱孤古辜姑沽蠱錮箍菇雇鴣菰咕牯罟鈷蛄酤
kooi	cantonese	繪潰膾儈賄獪劊檜鄶
koon	cantonese	觀管官冠貫灌罐館棺莞倌鸛
koot	cantonese	括豁
kot	cantonese	割轕葛噶
kuen	cantonese	權拳顴蜷鬈
kuet	cantonese	缺決抉訣蹶獗闋厥闕炔玦孓蕨橛譎
kui	cantonese	據具舉懼巨拒俱驅軀居區佢距矩渠嶇車句拘鉅据倨踞炬駒鋸櫸蒟颶齲瞿莒蟝佝衢袪祛
kuk	cantonese	曲局谷侷菊焗穀鵠掬鞠跼麴蛐
kum	cantonese	今感禁敢金錦襟衾琴甘柑淦禽擒咁
kung	cantonese	功公共工供攻拱弓貢躬窮鞏恭穹宮龔槓蚣芎
kut	cantonese	括豁蛞聒
kwa	cantonese	誇跨胯垮褂袴夸侉姱
kwaang	cantonese	框逛眶筐哐䆲梗
kwai	cantonese	規貴季攜虧悸愧餽饋窺鬼軌桂葵睽跪盔瑰閨櫃歸簣皈龜鮭硅圭揆癸暌逵馗畦珪携
kwan	cantonese	君困均軍窘群關菌鈞坤裙滾睏綑捆棍郡昆筠羣崑琨焜錕堃鰥袞
kwik	cantonese	隙虢
kwo	cantonese	過果戈裹
kwoh	cantonese	郝壑
kwok	cantonese	國郭幗廓蟈漷擴
kwong	cantonese	光狂廣擴曠礦鄺鑛獷胱
la	cantonese	啦喇罅揦𠸎嘞旯𤶸
laai	cantonese	拉賴籟癩瀨舐𦧺奶孻剌
laak	cantonese	勒嘞肋
laam	cantonese	覽婪濫藍籃艦檻攬襤欖纜嵐腩
laan	cantonese	懶攔欄爛瀾闌蘭躝讕斕難𧕴赧
laang	cantonese	冷唥啷
laap	cantonese	立垃臘蠟邋鱲擸䁽𥅈
laat	cantonese	辣邋瘌鬎迾焫
laau	cantonese	撈錨
lai	cantonese	例拉厲勵禮麗儷黎嚟賴礪荔犁籟癩蠣瀨澧藜利戾捩醴矋蠡栃
lak	cantonese	叻勒嘞肋簕扐㪐
lam	cantonese	臨林諗淋琳霖凜廩冧醂覽濫婪檻藍籃艦攬襤欖纜嵐舔舐碄
lan	cantonese	撚懶攔欄爛瀾闌蘭𠹌𨶙
lang	cantonese	掕唥𠹌
lap	cantonese	立垃笠粒臘蠟邋凹𣲷
lat	cantonese	甩
lau	cantonese	流留陋漏劉樓縷瀏柳溜榴瘤琉褸硫遛嘍騮蹓螻髏僂婁鏤霤鎏餾摟
le	cantonese	哩
lee	cantonese	理利李你您妳履餌膩里俐俚哩厘浬離璃梨莉喱蒞罹釐鯉籬娌痢狸吏
leh	cantonese	哩呢咧
lei	cantonese	你您妳理利李里呢妮俐俚尼吏哩浬洱狸梨莉脷喱厲蒞餌履璃離罹膩彌釐犛瀰霾厘鋰漓籬鯉娌蜊痢匿𢃇縭邐鬁
lek	cantonese	叻
lem	cantonese	舔舐
leng	cantonese	靚嶺鯪領𡃁僆零靈
leuh	cantonese	𦧲
leuk	cantonese	略掠
leung	cantonese	良量兩亮倆梁樑涼諒輛糧両娘粱踉魎
leur	cantonese	𦧲
li	cantonese	離璃鋰罹釐漓彌瀰霾籬李驪
lik	cantonese	力歷曆瀝靂礫暱嚦壢櫪扐匿溺
lim	cantonese	廉斂臉殮簾鐮濂帘舐歛瞼瀲
lin	cantonese	連練憐煉鍊蓮漣鏈槤攆僆𢆡璉鰱摙
ling	cantonese	另令零〇領靈聆伶玲齡凌鈴嶺軨羚稜陵菱囹佞呤苓寧檸擰翎楞愣綾掕拎棱櫺鴒輘
lip	cantonese	獵聶𨋢躐躡囁鑷鎳臬擸鬣
lit	cantonese	列烈裂捩咧冽洌迾
liu	cantonese	料了聊繚瞭鳥尿寥療僚遼撩潦廖寮燎嘹鐐獠鷯溜嫋
lo	cantonese	露老路勞牢賂潦佬撈嘮虜擄爐顱蘆廬盧癆滷鹵囉驢魯嚕櫓鷺髏璐姥奴努怒鱸潞蟧鑪臚醪
loh	cantonese	羅攞邏鑼裸蘿籮簍囉嚕螺儸𤓓
loi	cantonese	來萊徠睞耒賚
lok	cantonese	落樂烙洛絡諾貉骼駱酪胳犖珞咯鉻
long	cantonese	朗浪郎狼廊晾鎯瑯榔啷螂塱囊鋃琅稂莨烺襠閬蒗𠺘踉
lu	cantonese	嚕
luen	cantonese	聯亂戀孿巒攣鑾鸞孌臠鬈
luet	cantonese	劣捋埒
lui	cantonese	女裡慮屢類鐳累旅淚磊雷縷餒儡唳戾捩擂濾壘鋁纍呂侶櫚騾蕾僂膂嫘閭耒裏羸
luk	cantonese	六錄陸碌祿綠戮鹿氯轆麓漉淥籙睩㪐
lum	cantonese	諗凜冧廩
lun	cantonese	論吝淪輪倫鄰撚躪鱗麟遴卵侖掄磷燐嶙璘隣圇崙藺綸𨶙欒鏻轔噒
lung	cantonese	弄壟龍隆籠聾窿農濃燶儂膿攏櫳瓏朧嚨矓隴瀧礱槓
lur	cantonese	𦧲
lut	cantonese	率律慄鷸栗聿溧甩
m	cantonese	唔
ma	cantonese	嗎碼罵麻馬媽嫲瑪螞孖痲蔴嘛禡駡
maai	cantonese	買賣埋邁霾
maak	cantonese	擘
maan	cantonese	晚萬慢漫蠻謾曼饅鰻幔蔓卍𢺳摱
maang	cantonese	盲猛孟蜢錳掹鯭艋
maat	cantonese	抹
maau	cantonese	矛茅貌牡貓卯犛錨
mai	cantonese	迷謎米咪瞇買賣埋邁眯霾冞弭敉袂
mak	cantonese	陌脈墨默麥嘜驀癦脉嚜貉
man	cantonese	文問敏民慢漫聞萬吻紋紊蚊晚憫雯曼幔閩燜蔓饅鰻蠻刎泯鰵謾氓抿炆汶閔脗岷旻玟抆澠黽璺鼆
mang	cantonese	盟萌忟盲猛孟蜢錳掹𠵼𤷪鼆擝
mao	cantonese	矛茅貌牡貓卯
mat	cantonese	勿物密蜜襪乜謐
mau	cantonese	某謀貿謬繆牟茂畝懋眸痞踎袤
meah	cantonese	咩歪孭
meh	cantonese	咩歪孭
mei	cantonese	未美微尾味寐眉媚薇魅楣娓鎂瞇嵋瑂黴湄糜麋曌蘼渼眯郿屘溦昧冞汆獼靡弭敉媺
meng	cantonese	命名
mi	cantonese	咪瞇
mik	cantonese	覓冪汨
min	cantonese	面免勉眠綿緬棉麵冕娩靦麪湎
ming	cantonese	明名命茗銘鳴皿冥瞑酩螟
mit	cantonese	滅衊蔑篾搣
miu	cantonese	妙秒描渺藐瞄苗喵窈廟緲繆杳邈淼杪𠴕鶓
mo	cantonese	無冇冒務武母侮慕誣模募帽舞墓摹暮霧鶩騖髦巫毋毛嫵蕪嘸姆瑁鵡蟆拇糢霉戊犛婺耄
moh	cantonese	麼摸魔磨摩蘑嚤嚒嘸
mok	cantonese	莫寞幕漠膜剝
mong	cantonese	望忘網妄忙亡芒茫惘莽蟒虻氓輞罔杧魍
mooi	cantonese	每妹枚玫昧梅媒煤霉莓
moon	cantonese	滿門們悶瞞捫蹣燜蟎懣顢
moot	cantonese	沒末抹歿沫茉秣靺
mor	cantonese	麼摸魔磨摩
mui	cantonese	每妹枚玫昧梅媒煤霉魅莓
muk	cantonese	木目睦沐牧穆苜霂鉬
mung	cantonese	夢蒙懵朦檬濛矇幪獴蠓
mut	cantonese	沒末抹歿沫茉秣靺
na	cantonese	那拿娜哪嗱乸𠸎𤶸
naai	cantonese	乃奶迺氖艿釢
naam	cantonese	男南喃楠腩囡囝淰蚺蝻
naan	cantonese	難𧕴赧
naap	cantonese	納訥鈉吶衲魶
naat	cantonese	捺焫
naau	cantonese	鬧撓鐃錨淖
nai	cantonese	乃泥
nam	cantonese	男南喃腩楠囡蚺蝻冧淰腍稔囝
nan	cantonese	撚
nang	cantonese	能𠹌
nap	cantonese	凹粒笠𣲷
nau	cantonese	扭鈕朽妞紐嬲忸糅耨
ne	cantonese	呢
neh	cantonese	呢
nei	cantonese	你您妳呢妮旎膩餌彌瀰祢尼怩獼
neung	cantonese	娘孃
ng	cantonese	五誤唔悟午吳伍嗯吾晤梧忤寤蜈仵
nga	cantonese	雅瓦訝牙芽枒衙蚜蕥掗俹禡
ngaai	cantonese	崖捱涯挨艾刈
ngaak	cantonese	額喀逆鈪
ngaam	cantonese	岩啱癌巖
ngaan	cantonese	眼顏雁晏俺贗
ngaang	cantonese	硬
ngaat	cantonese	扤齧
ngaau	cantonese	咬淆餚拗坳㘭熬𢯎爻肴滘
ngai	cantonese	危偽詣毅藝倪霓魏蟻巍縊睨囈羿𠼮桅
ngam	cantonese	岩啱癌巖扲
ngan	cantonese	銀雁韌奀齦鄞䟴艮
ngang	cantonese	鶯罌罃哽
ngap	cantonese	噏岌砐
ngat	cantonese	屹迄疙訖兀扤卼
ngau	cantonese	勾牛偶藕耦鈎鉤吽漚
nget	cantonese	齧
ngit	cantonese	齧
ngo	cantonese	我臥訛傲俄娥驁餓遨熬翱鰲敖獒鵝哦峨卧蛾皚螯嗷鼇鏖
ngoh	cantonese	我臥俄訛餓娥鵝哦峨蛾
ngoi	cantonese	外礙呆獃碍閡
ngok	cantonese	樂愕噩顎嶽鱷岳鄂鍔𩓥噁
ngon	cantonese	岸
ngong	cantonese	昂戇骯
ngor	cantonese	我臥俄訛餓娥鵝哦峨蛾
ni	cantonese	你呢妮您旎膩餌彌瀰怩尼妳
nik	cantonese	匿溺嚦暱慝搦攊昵
nim	cantonese	念唸黏粘稔拈捻鯰鮎棯
nin	cantonese	年捏㮌捻
ning	cantonese	寧檸嚀濘獰擰甯寗
nip	cantonese	捏聶躡囁鑷鎳臬涅揑捻
niu	cantonese	鳥尿裊嬝嫋
no	cantonese	腦努怒惱瑙弩奴駑
noh	cantonese	懦娜挪糯
noi	cantonese	內奈耐
nok	cantonese	諾
nong	cantonese	囊
nor	cantonese	挪
nuen	cantonese	暖嫩
nui	cantonese	女餒囡釹腇
num	cantonese	諗凜廩
nun	cantonese	能
nung	cantonese	農濃燶儂膿穠
o	cantonese	塢奧懊澳襖噢燠喔鏖
oh	cantonese	喔阿啊柯哦婀軻珂屙娿
oi	cantonese	愛外哀藹靄埃曖皚璦噯
ok	cantonese	惡樂喔噩噁堊
on	cantonese	案安按氨鞍盎岸桉胺銨鮟
ong	cantonese	骯蕹盎
or	cantonese	柯阿啊婀哦軻珂屙痾疴
pa	cantonese	怕扒爬琶耙杷趴巴
paai	cantonese	派牌排
paak	cantonese	拍泊帕柏珀魄舶栢啪檗
paan	cantonese	扳盼攀
paang	cantonese	膨烹棒澎彭棚鵬硼嘭蟛𢴒
paat	cantonese	坺
paau	cantonese	拋跑炮砲咆泡刨豹庖疱皰鉋
pai	cantonese	批派牌排睥紕
pak	cantonese	白百拍伯佰帕柏泊帛珀魄舶蔔啪莆鉑銆
pan	cantonese	頻盼貧噴攀瀕顰蘋牝玭
pang	cantonese	朋憑膨澎烹棒彭棚鵬硼凭
pat	cantonese	匹疋坺
pau	cantonese	包鮑婄
peah	cantonese	啤𠵿
peh	cantonese	啤𠵿
pei	cantonese	媲疲皮披脾否鄙譬婢被屁呸琵胚枇丕砒毗痞仳睥蜱貔陂嬖稗紕圮
pek	cantonese	劈擗
peng	cantonese	平瓶
pet	cantonese	坺
pik	cantonese	闢霹辟僻癖愎擗
pin	cantonese	片騙偏遍篇編便翩蝙駢玭胼褊
ping	cantonese	評平拼併抨聘蘋萍瓶秤坪屏娉砰胼
pit	cantonese	撇瞥
piu	cantonese	飄票漂剽嫖瓢鰾瞟縹驃嘌慓
po	cantonese	普抱譜舖甫泡鋪埔圃袍菩葡脯蒲浦溥匍
poh	cantonese	頗破婆跛簸棵陂叵鄱皤樖
pok	cantonese	撲樸璞泊舶僕蹼朴噗釙攴卜𦢊泡魄
pong	cantonese	龐旁徬傍謗滂膀蚌
pooi	cantonese	配倍賠陪培沛佩珮徘蓓霈裴
pook	cantonese	仆
poon	cantonese	判拚盤盆潘番蟠磐蹣泮弁
poot	cantonese	潑撥醱
pui	cantonese	配倍賠陪培沛佩珮徘蓓霈裴坯姵
puk	cantonese	仆
pung	cantonese	捧碰篷蓬埲
sa	cantonese	沙耍灑洒紗砂莎鯊卅挲裟痧啥
saai	cantonese	徙嘥晒哂舐曬璽屣
saak	cantonese	索
saam	cantonese	三衫參叁
saan	cantonese	山散刪姍訕柵珊傘孱潺篡栓汕疝跚閂舢氙潸涮拴僝霰
saang	cantonese	生省牲甥笙㨘
saap	cantonese	圾霎烚颯澀熠𠎷鈒
saat	cantonese	殺剎煞撒薩鎩
saau	cantonese	稍哨梢筲餿艄蛸潲捎鞘睄
sai	cantonese	使世勢誓西洗細逝駛嘶篩噬犀婿茜樨荽筮簁
sak	cantonese	塞
sam	cantonese	三心甚什深滲芯衫參審森嬸琛瀋沁沈沉岑蔘忱涔淰椹葚
san	cantonese	新薪神身申辛慎臣伸晨辰蜃呻腎紳莘娠鋅燊𠱸砷胂縝
sang	cantonese	生省牲甥笙蹭擤鬙
sap	cantonese	十什拾濕溼澀
sat	cantonese	實失室膝瑟殺剎虱蝨煞撒薩蚤湜
sau	cantonese	售首收受授修手守仇愁秀搜羞壽嗽漱瘦艘繡獸綉銹宿狩擻饈鏽蒐琇叟餿颼藪綬
se	cantonese	些捨寫社射卸舍蛇赦賒瀉麝佘
seh	cantonese	些捨寫社射卸舍蛇赦賒瀉麝佘缷
sei	cantonese	四死肆
sek	cantonese	石碩錫鼫
seng	cantonese	腥醒聲
seuh	cantonese	瀡
seuk	cantonese	削爍鑠勺
seung	cantonese	常相想上尚商嘗傷賞雙償廂嚐箱嫦裳霜鑲殤襄孀湘勷徜觴
sha	cantonese	沙砂紗莎鯊挲裟痧
sham	cantonese	衫
shan	cantonese	山散汕刪姍訕柵珊栓傘疝閂孱潺篡舢跚氙潸拴
shau	cantonese	仇手守收受秀首售宿授愁搜嗽壽漱瘦繡獸狩叟擻筲梢鏽琇
shek	cantonese	石碩錫鼫
sheng	cantonese	腥
shim	cantonese	閃嬋禪贍簷蟬蟾陝澶
shin	cantonese	單
shing	cantonese	成承城乘誠盛丞晟
ship	cantonese	攝
shiu	cantonese	兆燒紹肇韶邵劭
shui	cantonese	雖需須說粹瘁萃水誰垂帥歲祟衰悴遂稅絮瑞彗碎緒睡隧穗墅髓錘陲綏睢胥燧荽邃淬税
shuk	cantonese	淑蜀菽
shum	cantonese	沈岑忱
shun	cantonese	信純順詢訊迅遜瞬徇醇殉馴唇峋筍汛淳舜荀珣囟𠱸榫脣洵濬皴
shut	cantonese	失室瑟膝虱蝨湜
si	cantonese	使是時示試視事市司思師私施絲肆撕峙史詩士仕氏侍屍匙豉斯嗜弒獅廝駟俬尸伺死偲泗澌屎螄鶳鍶葹蒔禠肄鷥
sik	cantonese	式食色識適悉惜釋蝕析息昔晰飾熄拭嗇媳軾骰螫淅蜥蟋皙晳潟銫瘜刺螅澀窸
sim	cantonese	閃嬋禪贍簷蟬蟾陝檐澶
sin	cantonese	先擅線鮮善羨仙倩煽扇鱔膳饍綫癬鱓贍腺搧騸繕冼單跣𨃩茜蘚銑氙羡霰蒨
sing	cantonese	成性升勝承誠醒省乘剩聲城星聖姓盛昇陞惺猩繩煋腥丞蟶晟鋅旌賸
sip	cantonese	涉攝懾澀燮
sir	cantonese	瀡
sit	cantonese	蝕洩屑薛竊褻契泄舌泚楔揳燮
siu	cantonese	小少銷消笑紹宵逍迢霄兆肇燒瀟嘯簫韶硝蕭邵筱篠劭魈蛸蠨
so	cantonese	訴數素掃甦塑朔溯搔騷愫嫂酥蘇鬚臊穌羶瘙
soh	cantonese	所唆疏梳梭傻嗦瑣蔬鎖娑簑蓑挲嗩
soi	cantonese	腮鰓思
sok	cantonese	索塑朔溯嗍
song	cantonese	喪爽桑嗓塽
sue	cantonese	輸書暑舒抒紓殊豎樹恕庶鼠樞薯糬黍戍澍荼銖藷
suen	cantonese	宣選損算旋船孫漩酸蒜璇篆吮痠雋瑄猻蓀巽飧璿鐫悛
suet	cantonese	說雪鱈
suk	cantonese	屬熟縮孰贖宿叔肅淑粟蜀塾瀆夙餿菽蓿倏
sum	cantonese	心甚什深滲芯衫參審森嬸琛瀋沁沈沉岑蔘忱涔淰椹葚
sun	cantonese	新薪神身申辛慎臣伸晨辰蜃呻腎紳莘娠鋅燊砷胂
sung	cantonese	送慫鬆崇餸聳悚宋淞嵩崧菘忪從
sut	cantonese	術述率摔蟀恤裇戌怵卹窣失實室膝瑟虱蝨
sze	cantonese	使是時示試視事市司思師私施絲肆撕峙史詩士仕死氏侍屍匙豉斯嗜弒獅廝駟俬尸偲泗澌屎螄鍶葹
ta	cantonese	他它她牠祂鉈
taai	cantonese	太態汰泰貸鈦呔軚胎舦傣
taam	cantonese	探談貪淡潭譚痰毯罈燂
taan	cantonese	坦彈嘆歎袒曇碳炭壇檀攤灘癱忐疸靼妲坍
taap	cantonese	塔塌榻禢傝蹋
taat	cantonese	蹋撻遢噠
tai	cantonese	提替大太題體睇剃態泰堤梯屜嚏涕締蹄啼蒂緹娣銻鈦埭呔軚醍悌諦
tak	cantonese	得特德
tam	cantonese	談淡潭譚痰氹
tan	cantonese	單丹壇檀灘攤吞忐疸飩褪揗
tang	cantonese	滕鄧藤騰籐疼謄螣揗
tao	cantonese	圖套討途逃徒滔吐土叨肚兔桃屠淘陶萄塗荼掏濤禱啕涂嘟菟鮀
tap	cantonese	佮
tart	cantonese	蹋撻遢噠
tat	cantonese	達
tau	cantonese	投偷透頭唞
tek	cantonese	踢
teng	cantonese	聽廳艇
teuh	cantonese	唾
tick	cantonese	惕剔忑倜俶逖趯鋱
tik	cantonese	惕剔忑倜俶逖趯鋱忒
tim	cantonese	甜添恬舔殄忝
tin	cantonese	天填田殄滇闐畋佃鈿
ting	cantonese	聽庭停挺廷亭婷霆鋌蜓梃烴
tip	cantonese	貼帖
tit	cantonese	鐵跌餮
tiu	cantonese	調條挑跳眺佻窕迢苕嫋頫
to	cantonese	圖套討途逃徒滔吐土叨肚兔桃屠淘陶萄塗荼掏濤禱韜啕涂嘟菟鮀饕
toh	cantonese	妥拖舵跎駝橢沱鴕鉈陀佗酡唾砣馱
toi	cantonese	台抬怠殆胎苔臺颱檯枱跆邰
tok	cantonese	託托拓庹魄
tong	cantonese	倘堂趟瞠搪帑膛淌躺唐棠湯塘儻熨燙糖醣螳蹚劏瑭溏茼鏜鎲
tsai	cantonese	濟
tsam	cantonese	沁
tsang	cantonese	增爭贈曾僧憎掙睜箏諍猙崢錚琤
tsau	cantonese	就走酒
tse	cantonese	謝榭
tsik	cantonese	績積席戚
tsim	cantonese	尖詹
tsing	cantonese	青情清蜻
tsoi	cantonese	綵賽
tsui	cantonese	除趣趨徐崔翠隨蜍崒
tsun	cantonese	巡循臻溙纘
tsz	cantonese	次紫嗣慈磁賜
tuen	cantonese	斷團屯臀囤豚糰魨湍
tuet	cantonese	脫脱
tui	cantonese	推退蛻腿頹褪
tuk	cantonese	獨讀禿
tum	cantonese	氹
tun	cantonese	盾惇敦盹沌湍
tung	cantonese	同通動統痛疼東冬棟童銅筒懂董彤洞桐桶瞳仝胴酮幢僮捅恫峒茼潼佟柊熥囪囱
uk	cantonese	屋渥
um	cantonese	龕
un	cantonese	奀韌䟴
ung	cantonese	甕㧬擁
wa	cantonese	華話划哇娃蛙嘩畫窪樺嬅驊譁鏵挖搲𢱑踝
waai	cantonese	懷壞歪淮槐
waak	cantonese	或惑畫劃㗲
waan	cantonese	玩還幻灣挽患頑彎環輓宦寰圜嬛鯇豢鬟鍰
waang	cantonese	橫
waat	cantonese	挖滑猾斡
wai	cantonese	為惠位偉委威違慧維謂衛畏喂唯惟毀譭慰圍胃諱遺餵帷穢尉卉緯韋幃闈燬葦蕙憓喟蔚萎諉痿渭猥圩韙瑋煒湋暐葳蝟衞桅薳
wak	cantonese	或惑畫劃
wan	cantonese	運穩混渾溫雲暈允灣云勻紜耘魂幻芸呍挽環醞韻隕殞搵揾熨寰諢尹琿蘊瘟薀慍鄖煇餛澐韵鰛塭藴氳韞
wang	cantonese	宏弘泓閎浤
wat	cantonese	屈核鬱尉鷸鶻熨
wei	cantonese	洧
wik	cantonese	域
wing	cantonese	榮永泳詠穎嶸蠑頴顈潁咏
woh	cantonese	和禍渦禾窩倭蝸鍋窠撾喎媧堝萵鉚龢
wok	cantonese	獲穫鑊㗲
wong	cantonese	王往旺枉汪黃皇遑徨惶凰煌璜簧蝗磺篁隍潢
woo	cantonese	戶互惡護糊胡湖葫餬污烏狐芋弧壺滬瑚蝴鬍滸嗚噁鎢扈鄔猢醐汙怙摀
wood	cantonese	活
woon	cantonese	換援緩腕玩惋喚碗瘓煥渙媛垣浣豌剜桓奐湲皖泹
woot	cantonese	活
wui	cantonese	會回徊匯彙迴薈偎猥燴煨蛔茴廻滙
ya	cantonese	也廿吔
yaai	cantonese	曳
yaak	cantonese	喫吔
yaam	cantonese	蘸
yaap	cantonese	翕
yai	cantonese	隘曳
yam	cantonese	音任飲陰蔭飪壬吟欽賃妊淫鑫霪荏喑瘖腍髧
yan	cantonese	因印人引忍欣仁隱恩茵刃殷孕姻癮慇甄釁紉韌仞寅蚓湮洇胤氤忻訢昕炘軔夤
yap	cantonese	入泣熠揖邑浥挹唈翕
yat	cantonese	一日壹逸溢佚軼鎰
yau	cantonese	由又有尤優憂右休友猶誘猷悠攸幼油幽柔郵游遊莠柚揉祐佑黝髹咻丘邱鈾魷蚯坵鼬蹂釉貅糅疣庥酋酉宥糗囿遒
ye	cantonese	夜耶野嘢惹爺揶冶椰偌琊玡
yeng	cantonese	贏
yeuk	cantonese	若約弱虐躍藥瘧鑰謔蒻曰
yeung	cantonese	樣讓養揚央仰陽羊楊嚷釀壤攘洋癢恙鴦瘍氧漾佯殃泱怏秧抰烊煬鞅勷禳徉
yi	cantonese	二以而已易意議擬疑義宜依咦倚異移耳衣兒醫貽漪儀誼邇頤怡懿綺夷胰痍伊咿爾矣椅薏姨彝沂皚劓飴詒貳𪘲齮鴯旖肄迤
yik	cantonese	亦役抑易憶億譯益逆疫液翌臆弋腋掖翼奕弈繹驛蜴翊
yim	cantonese	嫌嚴驗厭染掩儼淹艷焰燄炎魘奄閻簷鹽髯懨厴腌醃豔閹冉俺罨檐饜黶琰棪
yin	cantonese	現然言研演延弦咽彥唁宴胭偃涎焉絃賢燕煙燃諺舷烟毽嫣硯筵嚥妍鄢湮讌莧醼峴菸郾兗蔫鴛堰鼴讞鉉蜒
ying	cantonese	仍認應型影形迎映螢盈英刑營熒瑩凝縈嬰瀛鷹攖扔櫻鸚蠅瀅邢礽膺纓瑛瀠嬴滎楹
yip	cantonese	業頁葉孽醃曄燁靨鄴
yit	cantonese	熱噎齧臲讞謁
yiu	cantonese	要遙邀擾搖謠腰繞耀饒姚妖堯嬈鷂夭瑤曜蟯么嶢燿窯窰舀吆鳶
yoh	cantonese	唷喲
yu	cantonese	如於預與餘予愈魚雨語遇籲輿譽紆馭覦揄娛乳于宇汝羽余迂御愉愚逾隅嵎妤諭裕禦癒瘉瘀蠕虞儒孺嶼酗喻寓漁茹渝瑜豫淤竽吁圄齬濡禺盂俞嫗禹榆庾峪嚅諛臾腴窳萸踰伃
yuen	cantonese	軟完原遠沿願元員怨源婉惋淵圓緣眩園苑冤院懸丸玄宛猿鉛蜿縣鴛烷炫阮袁轅芫沅弦薳菀葾衒螈愿鉉紈鳶㾓
yuet	cantonese	越愈月閱悅粵乙穴玥悦閲
yui	cantonese	銳裔蕊睿叡芮蚋鋭錐
yuk	cantonese	欲玉辱肉慾育郁旭浴沃獄褥毓煜鈺昱勗喐彧溽縟
yum	cantonese	音任飲陰蔭飪壬吟欽賃妊淫鑫霪荏喑瘖
yun	cantonese	潤閏膶
yung	cantonese	用容擁勇融踴溶冗臃恿戎佣庸湧翁熔榕鎔絨傭雍喁蓉茸慵壅鏞嗡俑蛹踊甬勜蓊癰
a	cangjie	日曰
aa	cangjie	昌昍
aaa	cangjie	晶
aaaa	cangjie	𣊫𣊭
aahaf	cangjie	鷼𪂇
aahm	cangjie	暒
aahu	cangjie	𣈲
aamg	cangjie	𤦉
aamh	cangjie	暘
aaph	cangjie	晹
aapv	cangjie	暍
aate	cangjie	曝
aayf	cangjie	暻
ab	cangjie	明
abac	cangjie	暝
abbe	cangjie	曖
abbq	cangjie	𣊬
abbt	cangjie	盟
abhaf	cangjie	鷳
abik	cangjie	猒
abjcm	cangjie	曌
abjj	cangjie	暈暉
abme	cangjie	暖
abmgi	cangjie	琞
abms	cangjie	勗
abof	cangjie	暩
abou	cangjie	暚
abu	cangjie	冒
abuu	cangjie	晛
acim	cangjie	暡
acnh	cangjie	晜
acsh	cangjie	昐
ad	cangjie	杲
add	cangjie	晽
adhaf	cangjie	鷴
adhl	cangjie	晰
admq	cangjie	暐
adwf	cangjie	暕
aedhe	cangjie	㿺
aenl	cangjie	鄤
af	cangjie	炅炚
afbf	cangjie	曭
afdq	cangjie	暽
aff	cangjie	晱
afhhh	cangjie	影
afmbc	cangjie	顥顯
afmu	cangjie	晃晄
afno	cangjie	歞
afq	cangjie	㫠
agbt	cangjie	曀
agdi	cangjie	時
aggu	cangjie	曉
agrr	cangjie	暿
ahaj	cangjie	暤暭
ahbr	cangjie	晌晑
ahbu	cangjie	眉
ahe	cangjie	昄
ahf	cangjie	𤋁
ahgf	cangjie	曛
ahgr	cangjie	晧
ahhd	cangjie	𥟟
ahhl	cangjie	昴
ahln	cangjie	剔
ahml	cangjie	昕
ahog	cangjie	暀
ahok	cangjie	敭
ahoo	cangjie	暰
ahor	cangjie	晷
ahqm	cangjie	星
ahqo	cangjie	昳
ahs	cangjie	昈昨
ahsk	cangjie	曒
aht	cangjie	昇
ahuj	cangjie	曍
ahum	cangjie	𣊊
ahvl	cangjie	昂
ahxu	cangjie	晲
aiav	cangjie	㫰
aice	cangjie	晙
aihs	cangjie	晟
aijb	cangjie	晡
aikf	cangjie	㬙
aimu	cangjie	𣇈
aimvu	cangjie	既
aine	cangjie	昹
aisl	cangjie	即
aislf	cangjie	䳭
aitc	cangjie	曠
aj	cangjie	早
ajbd	cangjie	㫲
ajbj	cangjie	暔
ajd	cangjie	昧
ajii	cangjie	暷
ajka	cangjie	暑
ajmm	cangjie	暄
ajmu	cangjie	晥
ajnu	cangjie	晼
ajv	cangjie	晏
ak	cangjie	旲
akcf	cangjie	暸
akkb	cangjie	晞
akll	cangjie	昦
aklu	cangjie	晻
akms	cangjie	晇
akn	cangjie	旯
al	cangjie	曱
albk	cangjie	映
alg	cangjie	堲
alln	cangjie	昲
almo	cangjie	晁
alnc	cangjie	曊
am	cangjie	旦
amam	cangjie	晅
ambb	cangjie	曘
ambc	cangjie	暊
ambe	cangjie	𣌊
ambg	cangjie	曤
ambi	cangjie	曇
ambm	cangjie	𣌟
ambuu	cangjie	𧡰
amcw	cangjie	晒
amd	cangjie	旴
amg	cangjie	旺
amhaf	cangjie	鴠
amhqu	cangjie	毾
ami	cangjie	戥
amig	cangjie	晊
amj	cangjie	旰旱
amk	cangjie	昊
amks	cangjie	昮
amlk	cangjie	𣆳
ammk	cangjie	晸
ammp	cangjie	曬
ammr	cangjie	晤
ammv	cangjie	晨
amo	cangjie	昃
amob	cangjie	昞昺
amrxu	cangjie	鼂
amsh	cangjie	昜
amtb	cangjie	曞
amwg	cangjie	量
amwj	cangjie	曋
amym	cangjie	昰
amyo	cangjie	是
an	cangjie	門
ana	cangjie	間
anaa	cangjie	閶
anasm	cangjie	闒
anau	cangjie	冕晚
anayk	cangjie	閺
anb	cangjie	閒
anbbe	cangjie	閿
anbue	cangjie	闅
anbuk	cangjie	闃
ancru	cangjie	閱
and	cangjie	閑
andh	cangjie	閉
andmq	cangjie	闈
andwf	cangjie	闌
ane	cangjie	閖
anehr	cangjie	闊
anf	cangjie	焛𨳒
anfbg	cangjie	闛
anfbw	cangjie	闣
angg	cangjie	閨
angit	cangjie	闔
anhe	cangjie	昅
anher	cangjie	閣
anhpa	cangjie	閽
anhqu	cangjie	閐
anhud	cangjie	闑
anhx	cangjie	閰
anhxh	cangjie	𨉖
anhxu	cangjie	䦧
aniav	cangjie	閬
anibp	cangjie	𨶙
anirm	cangjie	閾
anit	cangjie	閞
anjbc	cangjie	闐
anjka	cangjie	闍
anjrr	cangjie	䦡
anki	cangjie	閎
anklu	cangjie	閹
ankn	cangjie	𨳊
anlmc	cangjie	闠
anlmi	cangjie	閩
anm	cangjie	閂
anmcw	cangjie	閪
anmfj	cangjie	閛
anmg	cangjie	閏
anmgi	cangjie	閠
anmj	cangjie	閈
anmjk	cangjie	闞
anmmm	cangjie	閆
anmn	cangjie	閅
anmnr	cangjie	閜
anmt	cangjie	開
anmwg	cangjie	闉
annhx	cangjie	閻
annkg	cangjie	閮
annok	cangjie	闋
ano	cangjie	欥閃
anog	cangjie	閵
anoi	cangjie	閥
anok	cangjie	暌
anomc	cangjie	𨴴
anomm	cangjie	闟
anomr	cangjie	閤
anooo	cangjie	閦
anp	cangjie	悶𨳍
anph	cangjie	閟
anqou	cangjie	闚
anr	cangjie	問
anrhr	cangjie	閭
anrrj	cangjie	闡
anrrr	cangjie	闆
ansj	cangjie	聞
ansqf	cangjie	闖
ansrj	cangjie	闢
antc	cangjie	閧
antcu	cangjie	闀
antk	cangjie	関
antuo	cangjie	闕
anumt	cangjie	闓
anus	cangjie	𣈳
anvit	cangjie	關
anwd	cangjie	閫
anwl	cangjie	閘
anwlv	cangjie	闤
anygq	cangjie	闥
anyhn	cangjie	閌
anyhs	cangjie	閍
anyj	cangjie	閗
anyk	cangjie	閔
anylb	cangjie	閙
anymr	cangjie	誾
anysy	cangjie	閼
anyta	cangjie	闇
anyvo	cangjie	閡
aodmq	cangjie	韙
aofh	cangjie	尟
aohaf	cangjie	鶗
aohh	cangjie	昣
aoii	cangjie	昤
aoin	cangjie	昑
aoir	cangjie	晗
aoj	cangjie	旿
aomb	cangjie	㫻
aombc	cangjie	題
aomn	cangjie	𣈥𣈯
aop	cangjie	匙
aowy	cangjie	晦
aphaf	cangjie	鵾
aphh	cangjie	昒易
aphu	cangjie	晓
api	cangjie	旳
apim	cangjie	昀
apmm	cangjie	暅
app	cangjie	昆
apr	cangjie	昫
apu	cangjie	旽
apvo	cangjie	曷
aqhl	cangjie	晣
aqjm	cangjie	暳
aqka	cangjie	暙
aqmb	cangjie	晴
arf	cangjie	煦照
armd	cangjie	冔
arrj	cangjie	暺
arrk	cangjie	曮
arye	cangjie	暇
asf	cangjie	煚
ashr	cangjie	昭
asje	cangjie	最
asjs	cangjie	朂
askr	cangjie	𣇉
asmg	cangjie	曜
asp	cangjie	昵
astr	cangjie	暱
ata	cangjie	𣈏
atak	cangjie	暯
atbc	cangjie	晪
atbo	cangjie	曚
atce	cangjie	暴
atco	cangjie	𣋡
atcr	cangjie	謈
atgi	cangjie	㬢
atgs	cangjie	曦𣌀
atlb	cangjie	暪
atlf	cangjie	曣
atlk	cangjie	暎
atlo	cangjie	暵
atmj	cangjie	曄
atnk	cangjie	𣋒
atw	cangjie	𣈴
atys	cangjie	𣇷
au	cangjie	巴旵
auam	cangjie	暨
aud	cangjie	槩
aue	cangjie	㫞
aug	cangjie	塈
auhaf	cangjie	鶥
auhqu	cangjie	毷
auks	cangjie	勖
aumt	cangjie	暟
aunl	cangjie	郿
aunwf	cangjie	鱀
auu	cangjie	岊昢𣅽
av	cangjie	妟艮
avhaf	cangjie	鶡鷃鷐
avhl	cangjie	曏
avhqu	cangjie	毼
avif	cangjie	㬎
avii	cangjie	𣊉
avno	cangjie	歇
awla	cangjie	曙
awle	cangjie	曼
awlj	cangjie	曎
ayaj	cangjie	晫
aybp	cangjie	曨
ayck	cangjie	晈
aydk	cangjie	暾
ayfd	cangjie	𣉢
ayhs	cangjie	昉昘
ayk	cangjie	旻旼
ayoj	cangjie	晬
ayrb	cangjie	暠
ayrf	cangjie	景晾
ayrv	cangjie	曩
aysd	cangjie	暆
ayso	cangjie	暶
ayt	cangjie	昱
ayta	cangjie	暗
aytg	cangjie	曈
aytj	cangjie	暲
ayvi	cangjie	昡𣆂
ayx	cangjie	𣋠
b	cangjie	月
bahm	cangjie	腥
bakb	cangjie	幂
bam	cangjie	胆
bamh	cangjie	腸
bang	cangjie	膶
bate	cangjie	𦢊
bau	cangjie	肥
bayc	cangjie	冥
bb	cangjie	朋
bbb	cangjie	⻣骨
bbbr	cangjie	腡
bbbuu	cangjie	覶
bbbv	cangjie	骽
bbdhe	cangjie	骳
bbdi	cangjie	脟
bbe	cangjie	受
bbggu	cangjie	髐
bbhaf	cangjie	鶻
bbher	cangjie	骼
bbhf	cangjie	鵬
bbhhj	cangjie	髀
bbhmr	cangjie	骺
bbhne	cangjie	骰
bbhpm	cangjie	骶
bbibi	cangjie	髆
bbijc	cangjie	髍
bbjhr	cangjie	髂
bbjmc	cangjie	髕
bbjr	cangjie	骷
bbjti	cangjie	髖
bbkms	cangjie	骻
bbkni	cangjie	骫
bbln	cangjie	剮
bblws	cangjie	𩩍
bblwv	cangjie	髏
bbmbc	cangjie	顝
bbmj	cangjie	骭
bbmlk	cangjie	骾
bbmr	cangjie	胴
bbnd	cangjie	脬
bbnq	cangjie	舜
bboll	cangjie	骱
bbpe	cangjie	愛
bbpp	cangjie	𩨨
bbpru	cangjie	骲
bbr	cangjie	咼
bbsd	cangjie	㬹
bbtmt	cangjie	髒
bbtqm	cangjie	髊
bbtt	cangjie	骿
bbtwt	cangjie	體
bbu	cangjie	亂
bbug	cangjie	臞
bbul	cangjie	鼏
bbuu	cangjie	覓
bbwd	cangjie	髁
bbwli	cangjie	髑
bbyck	cangjie	骹
bbyhn	cangjie	骯
bbykb	cangjie	髓
bbymp	cangjie	骴
bbypt	cangjie	髗
bbyrb	cangjie	髇
bbytj	cangjie	辭
bbyvo	cangjie	骸
bc	cangjie	㓁𦉪
bcabu	cangjie	賵
bcamh	cangjie	𧶽
bcaph	cangjie	賜
bcbcc	cangjie	贔
bcbcd	cangjie	賝
bcbgr	cangjie	賙
bcbjj	cangjie	賱
bcbsd	cangjie	𧶄
bcbuc	cangjie	賏
bcbuu	cangjie	覭
bcc	cangjie	鑍
bccim	cangjie	𧷜
bccwa	cangjie	贈
bcdh	cangjie	財
bcfbc	cangjie	贘
bcff	cangjie	賧
bcfmu	cangjie	𧵦
bcgwc	cangjie	贖
bchaf	cangjie	鵙鸎
bche	cangjie	販
bcher	cangjie	賂
bchio	cangjie	貶
bchjr	cangjie	𧵳
bchpm	cangjie	貾
bchqm	cangjie	貹
bchuc	cangjie	𧹏
bcibi	cangjie	賻
bcig	cangjie	賍
bcii	cangjie	賤
bciih	cangjie	贂
bcij	cangjie	賊
bcije	cangjie	賕
bcikk	cangjie	贆
bcim	cangjie	䐥
bcims	cangjie	贓
bcir	cangjie	貽
bcj	cangjie	肸
bcjir	cangjie	賳
bcjka	cangjie	賭
bcjmf	cangjie	賩
bcjmn	cangjie	貯
bckb	cangjie	賄
bcll	cangjie	賗
bcllp	cangjie	贃
bclmt	cangjie	贐
bcln	cangjie	則
bcmbc	cangjie	䫤
bcmj	cangjie	罕
bcmmv	cangjie	賑
bcmpm	cangjie	賦
bcmvn	cangjie	甖
bcmwj	cangjie	贉
bcncr	cangjie	贍
bcnd	cangjie	𧴯
bcnh	cangjie	䏲
bcnl	cangjie	郥鄍
bcoju	cangjie	罌
bcok	cangjie	敗
bcomd	cangjie	賖
bcomf	cangjie	賒
bcpd	cangjie	貤
bcqka	cangjie	賰
bcqmb	cangjie	䝼
bcr	cangjie	冏
bcrhu	cangjie	貺
bcrl	cangjie	腳
bcru	cangjie	脫
bcrxu	cangjie	鼆
bcsh	cangjie	朌
bcshr	cangjie	𧵓
bcsmv	cangjie	賬
bctbc	cangjie	賟
bctco	cangjie	贌
bctct	cangjie	賹
bctis	cangjie	贜
bcttb	cangjie	購
bctxc	cangjie	賺
bcv	cangjie	嬰
bcyaj	cangjie	𦋐
bcyhn	cangjie	貥
bcymr	cangjie	譻
bcyoj	cangjie	賥
bcyr	cangjie	貼
bcytr	cangjie	賠
bcyvo	cangjie	賅
bd	cangjie	采
bdd	cangjie	冧
bddf	cangjie	𦡞
bdhhh	cangjie	彩
bdi	cangjie	肘
bdnl	cangjie	郛
bdoe	cangjie	膝
bdu	cangjie	乳
bdw	cangjie	腖
beee	cangjie	腏𠖎
behaf	cangjie	鶢
bf	cangjie	炙
bfbg	cangjie	膛
bfcb	cangjie	膌
bfd	cangjie	冞脒
bfdq	cangjie	膦
bffs	cangjie	朥
bfhvf	cangjie	縣
bfmu	cangjie	胱
bfp	cangjie	懸
bfq	cangjie	胖
bfqc	cangjie	賸
bfqe	cangjie	滕
bfqf	cangjie	縢騰黱
bfqg	cangjie	塍
bfqi	cangjie	螣
bfqr	cangjie	謄
bfqs	cangjie	勝
bfqu	cangjie	腃
bfqv	cangjie	媵
bfu	cangjie	乿
bg	cangjie	肚
bggu	cangjie	膮
bghaf	cangjie	鸜
bghqu	cangjie	氍
bgi	cangjie	胠
bgil	cangjie	脚
bgr	cangjie	周
bgte	cangjie	臌
bgth	cangjie	膨
bha	cangjie	胉
bhae	cangjie	腺
bhbue	cangjie	貜
bhbvk	cangjie	貕
bhdh	cangjie	豺
bhdn	cangjie	脷
bhdv	cangjie	腇
bhdw	cangjie	膰
bher	cangjie	胳
bhgf	cangjie	臐
bhhau	cangjie	貌
bhher	cangjie	貉
bhhh	cangjie	肜
bhhhj	cangjie	貏
bhhj	cangjie	脾
bhhv	cangjie	脈
bhhwp	cangjie	貔
bhi	cangjie	𦞙
bhjc	cangjie	貁
bhjd	cangjie	䏭
bhje	cangjie	腶
bhjg	cangjie	腫
bhjm	cangjie	腄
bhju	cangjie	腯
bhlq	cangjie	貄
bhlwv	cangjie	貗
bhma	cangjie	貊
bhmam	cangjie	貆
bhmj	cangjie	豻
bhml	cangjie	肵
bhn	cangjie	冗肌
bhne	cangjie	股
bhob	cangjie	豽
bhod	cangjie	貅
bhomn	cangjie	貐
bhon	cangjie	胻
bhpi	cangjie	豹
bhpm	cangjie	胝
bhqm	cangjie	胜
bhqo	cangjie	胅
bhrrj	cangjie	貚
bhrye	cangjie	貑
bhs	cangjie	胙
bhshr	cangjie	貂
bhsrr	cangjie	貙
bhtak	cangjie	貘
bhtrg	cangjie	貛
bhtw	cangjie	貓
bhuc	cangjie	臢
bhumb	cangjie	貒
bhuu	cangjie	膬貀
bhvo	cangjie	胍
bhwg	cangjie	貍
bhwp	cangjie	膍
bhx	cangjie	舀
bhxe	cangjie	膄
bhxo	cangjie	腴
biav	cangjie	朖
bibi	cangjie	膊
bice	cangjie	朘脧
bijb	cangjie	脯
bije	cangjie	脙
bikf	cangjie	𤔡
bikk	cangjie	胈
bine	cangjie	脉
bioi	cangjie	腑
bipc	cangjie	膩
bipf	cangjie	臕
bir	cangjie	胎
bitc	cangjie	臁
biypu	cangjie	虢
bjb	cangjie	肺
bjbd	cangjie	脖
bjbj	cangjie	腩
bjcg	cangjie	膣
bjcm	cangjie	腔
bjcr	cangjie	𦞳
bjcu	cangjie	𦡆
bjdhe	cangjie	皸
bje	cangjie	肢
bjhaf	cangjie	鶤
bjii	cangjie	膞
bjkp	cangjie	𦚱
bjlmi	cangjie	蠈
bjmbc	cangjie	顐
bjmc	cangjie	臏
bjmf	cangjie	腙
bjmo	cangjie	腚
bjmu	cangjie	脘
bjnl	cangjie	鄆
bjnu	cangjie	腕
bjtc	cangjie	膹
bjti	cangjie	臗
bjv	cangjie	胺
bjwj	cangjie	軍
bk	cangjie	冈罓
bkcf	cangjie	膫
bkcor	cangjie	谿
bkcu	cangjie	𦞴
bkf	cangjie	然𤉷
bkhaf	cangjie	鶪鷄
bki	cangjie	肱肽
bkic	cangjie	脎
bkk	cangjie	网
bkkb	cangjie	脪
bklu	cangjie	腌
bkms	cangjie	胯
bkn	cangjie	胰
bkni	cangjie	肒
bknl	cangjie	郹
bkog	cangjie	雞
bkoo	cangjie	脥
bkpb	cangjie	䐭
bks	cangjie	肋
bkss	cangjie	脇
blbk	cangjie	胦
blbu	cangjie	䏙
bll	cangjie	𦉫
blln	cangjie	胇
blmo	cangjie	朓脁
blmy	cangjie	腓
bln	cangjie	刖
blu	cangjie	见
blwl	cangjie	胂
blwv	cangjie	膢
blxh	cangjie	胏
bm	cangjie	且囗肛
bmbb	cangjie	臑
bmbc	cangjie	䐓
bmbg	cangjie	臛
bmbl	cangjie	胹
bmcw	cangjie	𦚵
bmf	cangjie	肧
bmfb	cangjie	𦢈
bmfm	cangjie	胚
bmfr	cangjie	脴
bmhaf	cangjie	鴡
bmig	cangjie	胵
bmj	cangjie	肝
bmke	cangjie	爰
bmks	cangjie	助
bmlm	cangjie	𦜖
bmln	cangjie	刞
bmm	cangjie	⺜
bmmc	cangjie	具
bmmo	cangjie	冢
bmms	cangjie	肟
bmmu	cangjie	朊
bmmv	cangjie	脤
bmog	cangjie	雎
bmr	cangjie	同
bmrb	cangjie	膈
bmrt	cangjie	脰
bmrw	cangjie	冨腷
bmso	cangjie	䐁豚
bmui	cangjie	冠
bmvm	cangjie	脛
bmwf	cangjie	膘
bmwl	cangjie	腼
bmwv	cangjie	腰
bn	cangjie	肊
bnau	cangjie	脃脕
bncr	cangjie	膽
bnd	cangjie	孚
bnii	cangjie	膙
bnkg	cangjie	脡
bnkq	cangjie	腱
bnlii	cangjie	蠫
bnmu	cangjie	脆
bno	cangjie	肷
bnui	cangjie	冤
bo	cangjie	贝
boae	cangjie	腹
boah	cangjie	膓
bob	cangjie	肭
bobo	cangjie	朒
bobr	cangjie	𦛚
bodi	cangjie	胕
bog	cangjie	脽
bogf	cangjie	膲
bogs	cangjie	臇
bohh	cangjie	胗
boii	cangjie	朎
boin	cangjie	肣
boip	cangjie	腍
boma	cangjie	膾
bomc	cangjie	𦛼
bommf	cangjie	祭
bomn	cangjie	腧
bomo	cangjie	臉
bomrt	cangjie	豋
bon	cangjie	肐
boog	cangjie	脞
bopd	cangjie	胣
boq	cangjie	脌
botf	cangjie	膴
bowy	cangjie	脢
boymr	cangjie	詧
bpa	cangjie	脂
bph	cangjie	䏟
bphr	cangjie	脗
bpp	cangjie	肶
bpr	cangjie	朐胊
bpru	cangjie	胞
bpu	cangjie	肫
bpuk	cangjie	胸
bq	cangjie	用
bqkk	cangjie	腠
bqmb	cangjie	腈
bqmf	cangjie	膆
bqu	cangjie	甩
brc	cangjie	胑
brhaf	cangjie	鵰
brhg	cangjie	脭
brhhh	cangjie	彫
brhvf	cangjie	𦅚
bri	cangjie	戙
brog	cangjie	雕
brrd	cangjie	臊
brrs	cangjie	腭
brsmm	cangjie	翢
bsd	cangjie	爭
bse	cangjie	脲
bsef	cangjie	鵩
bshh	cangjie	豸
bshi	cangjie	肕
bsjr	cangjie	腒
bsle	cangjie	服
bsmg	cangjie	腛
bsmh	cangjie	膠
bsmv	cangjie	脹
bss	cangjie	凸
bstv	cangjie	𦟌
bt	cangjie	冊皿
bta	cangjie	腊
btab	cangjie	冪
btak	cangjie	膜
btav	cangjie	臈
btbc	cangjie	腆
btbo	cangjie	朦
btbs	cangjie	𦛨
btca	cangjie	𦡮
btct	cangjie	膉
btgr	cangjie	膳
btis	cangjie	臟
btk	cangjie	朕
btlf	cangjie	臙
btlk	cangjie	朠
btln	cangjie	删刪
btmbc	cangjie	頯𩓚
btmc	cangjie	𦝁
btmd	cangjie	腜
btmj	cangjie	𦠜
btoe	cangjie	臒
btt	cangjie	肼胼
btu	cangjie	岡
btwv	cangjie	膿
btyj	cangjie	膵
btyv	cangjie	罔
bu	cangjie	冚目
buahm	cangjie	睲
buahu	cangjie	睸
buamj	cangjie	睅
buamo	cangjie	睼
buana	cangjie	瞷
buanb	cangjie	瞯
buank	cangjie	矙
buav	cangjie	眼
bubac	cangjie	瞑
bubbe	cangjie	瞹
bubbq	cangjie	瞬
bubd	cangjie	睬
bubgr	cangjie	睭
bubsd	cangjie	睜
bubuk	cangjie	瞁
bubuu	cangjie	睍覞
bubvk	cangjie	𥉐
buc	cangjie	貝
buce	cangjie	朡
bucim	cangjie	瞈
bucms	cangjie	盻
bucnh	cangjie	睇
bucsh	cangjie	盼
budhl	cangjie	𥇦
budmf	cangjie	𥈡
budoo	cangjie	睞
bufb	cangjie	睄
bufbf	cangjie	矘
bufbg	cangjie	瞠
bufbq	cangjie	𥋇
bufd	cangjie	眯
bufdq	cangjie	瞵
buff	cangjie	睒
bufh	cangjie	眇
bufq	cangjie	眫
bufqu	cangjie	睠
bugce	cangjie	睖
bugcg	cangjie	睦
bugg	cangjie	眭
bugit	cangjie	瞌
buhaf	cangjie	瞗鷂
buhce	cangjie	𥊙
buhdf	cangjie	瞅
buhe	cangjie	眅
buhfb	cangjie	𥋘
buhgf	cangjie	矄
buhhj	cangjie	睥
buhhv	cangjie	眽
buhio	cangjie	眨
buhjm	cangjie	睡
buhju	cangjie	瞃
buhml	cangjie	盺
buhni	cangjie	颻
buhok	cangjie	覹
buhoo	cangjie	瞛
buhpa	cangjie	睧
buhqi	cangjie	睋
buhqo	cangjie	眣
buhqu	cangjie	眊
buhsk	cangjie	睙
buhu	cangjie	見
buhus	cangjie	矏
buhvf	cangjie	繇
buhxe	cangjie	瞍
buhxu	cangjie	睨
buice	cangjie	睃
buig	cangjie	𥅾
buihq	cangjie	眸
buik	cangjie	狊
buir	cangjie	眙
buitc	cangjie	矌
buiv	cangjie	眓
bujbc	cangjie	瞋
bujcm	cangjie	瞾
bujd	cangjie	眛
bujjl	cangjie	䁪
bujka	cangjie	睹
bujlo	cangjie	睫
bujmc	cangjie	瞚矉
bujmm	cangjie	睻
bujmn	cangjie	眝
bujmu	cangjie	睆
bujnu	cangjie	睕
bujpn	cangjie	矃
bujqr	cangjie	瞎
bukcf	cangjie	瞭
bukkb	cangjie	睎
bukmf	cangjie	𥇧
bukn	cangjie	眱
bukoo	cangjie	䀹
bulbk	cangjie	眏
bulbu	cangjie	眈
bullp	cangjie	瞣
bulmc	cangjie	瞶
bulmi	cangjie	蜰
bulmo	cangjie	眺
buln	cangjie	剛
bulwl	cangjie	眒
bulwv	cangjie	瞜
bumbb	cangjie	𥌎
bumbg	cangjie	矐
bumd	cangjie	盱
bumgg	cangjie	睚
bumj	cangjie	盰
bumjk	cangjie	瞰
bumls	cangjie	眄
bummf	cangjie	眎
bummi	cangjie	眃
bumn	cangjie	盯
bumtb	cangjie	矋
bumwf	cangjie	瞟
bumwj	cangjie	瞫
bumym	cangjie	眐
bunau	cangjie	睌
bunbe	cangjie	矎
buncr	cangjie	瞻
bundt	cangjie	䁅
bunhb	cangjie	瞲
bunhe	cangjie	𥄫
bunin	cangjie	眵
bunir	cangjie	眳
bunkq	cangjie	睷
bunok	cangjie	睽
bunot	cangjie	瞪
buog	cangjie	睢瞿膗
buoge	cangjie	矍
buogf	cangjie	瞧
buohh	cangjie	眕
buoma	cangjie	瞺
buomb	cangjie	睔
buomm	cangjie	䁯
buomn	cangjie	睮
buomo	cangjie	瞼
buon	cangjie	盵
buonk	cangjie	睺
buoq	cangjie	𢆡
buotf	cangjie	瞴
bupa	cangjie	眴
bupim	cangjie	盷
bupp	cangjie	䀝
bupu	cangjie	盹
buqmb	cangjie	睛
buqou	cangjie	瞡
burb	cangjie	睊
burrd	cangjie	矂
burvp	cangjie	眠
bushr	cangjie	眧
busj	cangjie	眲
busmg	cangjie	眶矅
busp	cangjie	眤
busrr	cangjie	瞘
bustr	cangjie	䁥
busuu	cangjie	𥇣
busyi	cangjie	矚
butak	cangjie	瞙
butbo	cangjie	矇
butco	cangjie	瞨
butk	cangjie	眹
butlb	cangjie	瞞
butmj	cangjie	瞱
butq	cangjie	眻
butrg	cangjie	矔
butw	cangjie	瞄
buu	cangjie	朏胐
buuce	cangjie	䁓
buumt	cangjie	䁗
buvf	cangjie	県
buvfb	cangjie	矊
buvis	cangjie	眑
buvml	cangjie	鼎
buvne	cangjie	睩
buvvv	cangjie	䁽
buwd	cangjie	睏
buwla	cangjie	𥌓
buybp	cangjie	矓
buybu	cangjie	𥌑
buyfd	cangjie	瞇
buymp	cangjie	眦
buyoj	cangjie	睟
buyrl	cangjie	瞓
buyso	cangjie	䁢
buyt	cangjie	𥅈
buytg	cangjie	瞳
buytj	cangjie	瞕
buyub	cangjie	瞝
buyv	cangjie	盳
buyvi	cangjie	眩
bv	cangjie	妥
bvg	cangjie	墾
bvhaf	cangjie	鵎鸚
bvhl	cangjie	膷
bvik	cangjie	奚
bvne	cangjie	䐂
bvnl	cangjie	郻
bvno	cangjie	腞
bvp	cangjie	懇
bvvv	cangjie	臘
bvvw	cangjie	腦
bwd	cangjie	腂
bwgg	cangjie	𦢓
bwim	cangjie	膕
bwk	cangjie	胭
bwl	cangjie	胛
bwlb	cangjie	腢
bwlg	cangjie	𦣇
bwli	cangjie	爵臅
bwmv	cangjie	腲
bwot	cangjie	膃
bwp	cangjie	腮
bxff	cangjie	𦦨
by	cangjie	丹円
byav	cangjie	腿
bybb	cangjie	膼
bybp	cangjie	朧𠖥
bybr	cangjie	膪
bybs	cangjie	膀
byck	cangjie	胶
byhaf	cangjie	鴅
byhhh	cangjie	彤
byhn	cangjie	肮
byhr	cangjie	膇
byhs	cangjie	肪
byia	cangjie	膱
byij	cangjie	膟
byln	cangjie	刐
bymy	cangjie	胩
byoj	cangjie	脺
byok	cangjie	腋
bypo	cangjie	臄
bypt	cangjie	臚
byrn	cangjie	脝
byta	cangjie	腤
bytg	cangjie	朣膧
bytoe	cangjie	雘
bytp	cangjie	臆
byvg	cangjie	臃
byvi	cangjie	胘
byvo	cangjie	胲
bywm	cangjie	膻
byx	cangjie	臍
c	cangjie	金
ca	cangjie	鈤
caa	cangjie	錩
cab	cangjie	𨧹
cafu	cangjie	鎤
cahm	cangjie	鍟
cahu	cangjie	鎇
cam	cangjie	鉭
camh	cangjie	鍚
cami	cangjie	鍀
camj	cangjie	銲
camo	cangjie	鍉
camvn	cangjie	甑
can	cangjie	鍆
cana	cangjie	鐧
canau	cangjie	䒏
canb	cangjie	鐗
canl	cangjie	鄫
cant	cangjie	鐦
canw	cangjie	鑭
caop	cangjie	𨫞
caph	cangjie	錫
capp	cangjie	錕
capv	cangjie	鍻
casm	cangjie	鎉
cate	cangjie	鑤
cau	cangjie	鈀
cav	cangjie	銀
cavf	cangjie	䥪
cawe	cangjie	鏝
cayf	cangjie	鐛
cayt	cangjie	𨩄
cb	cangjie	鈅
cbb	cangjie	錋
cbbe	cangjie	鑀
cbbr	cangjie	鍋
cbcd	cangjie	𨨥
cbcn	cangjie	鍘
cbcv	cangjie	𨰃
cbdi	cangjie	鋝
cbgr	cangjie	錭
cbhx	cangjie	䤾
cbjj	cangjie	鍕
cbm	cangjie	鉏
cbme	cangjie	鍰
cbmr	cangjie	銅𥖹
cbms	cangjie	鋤
cbou	cangjie	鎐
cbsd	cangjie	錚
cbt	cangjie	銏
cbtu	cangjie	鋼
cbu	cangjie	鉬
cbuc	cangjie	鋇
cbue	cangjie	钁
cbul	cangjie	鐤
cbuu	cangjie	鋧
cbwi	cangjie	𨰜
cc	cangjie	釟鍂
ccc	cangjie	鑫
cccc	cangjie	𨰻
cci	cangjie	鈆
ccnh	cangjie	銻
ccor	cangjie	鋊
ccr	cangjie	鉛
ccru	cangjie	銳
ccsh	cangjie	鈖
ccwa	cangjie	鏳
cdb	cangjie	𨦉
cddo	cangjie	𨭣
cddq	cangjie	鑻
cdf	cangjie	錰
cdg	cangjie	𨧀
cdh	cangjie	釮
cdhe	cangjie	鈹
cdk	cangjie	鈌
cdl	cangjie	鋉
cdm	cangjie	鉢
cdmq	cangjie	鍏
cdoo	cangjie	錸
cdw	cangjie	錬
cdwf	cangjie	鍊
cea	cangjie	錔
ceah	cangjie	鐋
cede	cangjie	𨨏
cee	cangjie	𨥖
ceed	cangjie	鎟
ceee	cangjie	錣
cegi	cangjie	鍅
cehv	cangjie	鎃
cei	cangjie	釵
ceid	cangjie	𨫟
cesd	cangjie	𨬡
cetc	cangjie	𨩅
cf	cangjie	釥鈥
cfb	cangjie	銷
cfbb	cangjie	鏛
cfbc	cangjie	鎖
cfbd	cangjie	鏿
cfbf	cangjie	钂
cfbg	cangjie	鏜
cfbr	cangjie	鋿
cfbu	cangjie	鎲
cfbw	cangjie	鐺
cfd	cangjie	銤
cfdq	cangjie	鏻
cff	cangjie	錟
cffd	cangjie	鑅
cffg	cangjie	𨯗
cffs	cangjie	鐒
cfh	cangjie	鈔
cfmu	cangjie	銧
cfog	cangjie	𨫠
cfq	cangjie	鉡
cfqu	cangjie	錈
cg	cangjie	釷
cgce	cangjie	錂
cgcg	cangjie	錴
cgg	cangjie	銈
cggu	cangjie	鐃
cgi	cangjie	鉣
cgit	cangjie	鎑
cgni	cangjie	鑄
cgov	cangjie	𨬓
cgp	cangjie	鋕
cgr	cangjie	銡
cgrf	cangjie	𨯨
cgrr	cangjie	𨭎
cgrv	cangjie	鎱
cgsk	cangjie	𨫼
cgth	cangjie	𨭌
cha	cangjie	鉑
chaa	cangjie	𨰝
chab	cangjie	錦
chae	cangjie	䤼
chaf	cangjie	鵭
chag	cangjie	鍠
chbk	cangjie	鐭
chbr	cangjie	銄
chd	cangjie	鉌
chdb	cangjie	鏼
chdf	cangjie	鍬
chdh	cangjie	銹
chdl	cangjie	𨧺
chdn	cangjie	鋓
chdw	cangjie	鐇
che	cangjie	鈑
chej	cangjie	鋒
cher	cangjie	鉻
chey	cangjie	鉖
chg	cangjie	鈓
chgi	cangjie	銩
chgr	cangjie	鋯
chgu	cangjie	銑
chhaf	cangjie	鳻鵜
chhe	cangjie	鑗
chhh	cangjie	釤
chhj	cangjie	錍
chhl	cangjie	鉚
chhw	cangjie	鎦
chixp	cangjie	麄
chj	cangjie	釺
chjd	cangjie	銖
chje	cangjie	鍛
chjf	cangjie	鑂
chjg	cangjie	鍾
chjm	cangjie	錘
chjr	cangjie	銛
chju	cangjie	鍎
chjx	cangjie	鍤
chkb	cangjie	鐈
chlc	cangjie	鑕
chlmi	cangjie	蚠
chln	cangjie	剃
chlo	cangjie	釽鍁
chmbc	cangjie	頒
chml	cangjie	釿
chmr	cangjie	銗
chn	cangjie	𡯂
chnb	cangjie	𨦨
chnd	cangjie	䤪
chni	cangjie	釩𩗩
chnl	cangjie	邠
chok	cangjie	攽
choo	cangjie	鏦
chp	cangjie	𢚖
chpa	cangjie	錉
chqi	cangjie	鋨
chqm	cangjie	鉎
chqo	cangjie	鉄
chrf	cangjie	鎢
chs	cangjie	鈼
chtl	cangjie	𨰉
chu	cangjie	尣
chua	cangjie	𨯩
chuc	cangjie	鑽
chud	cangjie	鎳
chup	cangjie	鎴
chvo	cangjie	鈲
chwp	cangjie	鎞鏓
chxc	cangjie	𨯵
chxe	cangjie	鎪
chxh	cangjie	銵
ci	cangjie	公
ciav	cangjie	鋃
cibi	cangjie	鎛
cice	cangjie	鋑
cihf	cangjie	鏚
cihm	cangjie	銊
cihq	cangjie	鉾
cihr	cangjie	鍼
cihs	cangjie	鋮
cihu	cangjie	鈗
cihv	cangjie	𨩆
cii	cangjie	錢
ciih	cangjie	鏒
ciil	cangjie	鎯
cijb	cangjie	鋪
cijc	cangjie	鉥
cije	cangjie	銶
cikk	cangjie	鈸
ciku	cangjie	䤞
cilb	cangjie	鏞
cile	cangjie	鏮
cill	cangjie	銂
cilr	cangjie	鎕
cimbc	cangjie	頌
cimn	cangjie	瓮
cimr	cangjie	𥗛
cine	cangjie	銢
cing	cangjie	𨫆
cip	cangjie	釴
cipf	cangjie	鑣
cipm	cangjie	鉽
cipp	cangjie	鋱
cir	cangjie	鈶
cisb	cangjie	鍽
cism	cangjie	翁
citc	cangjie	鐮鑛
cite	cangjie	鍍
citf	cangjie	鏣
civ	cangjie	鉞
cixe	cangjie	𨯙
cixp	cangjie	鏕
cixq	cangjie	𨭤
cj	cangjie	針
cjbc	cangjie	鎮
cjbd	cangjie	鋍
cjbf	cangjie	鎍鑔
cjbj	cangjie	𨩇
cjcr	cangjie	鎔
cjcv	cangjie	鑹
cjig	cangjie	鐵
cjii	cangjie	鏄
cjip	cangjie	鏸
cjjj	cangjie	𨪚
cjjm	cangjie	𨯪
cjka	cangjie	鍺
cjki	cangjie	鋐
cjkp	cangjie	銠
cjks	cangjie	銬
cjmc	cangjie	鏔鑌𨰦𨰰
cjmf	cangjie	錝
cjmm	cangjie	鍹
cjmo	cangjie	錠鎵
cjmu	cangjie	鋎
cjmw	cangjie	𨬬
cjnu	cangjie	鋺
cjon	cangjie	䥑
cjp	cangjie	鉈
cjpn	cangjie	鑏
cjr	cangjie	鈷
cjrb	cangjie	鍸
cjrr	cangjie	錧
cjru	cangjie	鋴
cjtc	cangjie	鐼
cjti	cangjie	鑧
cjto	cangjie	鑳
cjv	cangjie	銨
ck	cangjie	父釱
ckau	cangjie	爸
ckb	cangjie	銪
ckce	cangjie	鎩
ckcf	cangjie	鐐
ckgg	cangjie	鍷
ckhml	cangjie	斧
cki	cangjie	鈜鈦
ckjt	cangjie	錛
ckkb	cangjie	䤭
cklb	cangjie	鈽
ckld	cangjie	銌
ckmf	cangjie	錼
ckmgc	cangjie	釜
ckmr	cangjie	錡
ckms	cangjie	銙
ckn	cangjie	釚銕
cknin	cangjie	爹
ckoo	cangjie	鋏
cksjl	cangjie	爺
cksr	cangjie	鉫
cl	cangjie	丫
clbk	cangjie	鉠
clbu	cangjie	鈂
cll	cangjie	鋛
clll	cangjie	釧
clln	cangjie	鉘
clmc	cangjie	鐀
clmo	cangjie	銚
clmy	cangjie	䤵
cln	cangjie	釗
clnc	cangjie	鐨
clp	cangjie	𨨩
clpb	cangjie	𨩈
clq	cangjie	銉
clw	cangjie	鈾
clwl	cangjie	鉮
clwv	cangjie	鏤
clx	cangjie	鏽
cm	cangjie	釭
cma	cangjie	銆
cmbb	cangjie	鑐
cmbc	cangjie	顉𨫋
cmbv	cangjie	𨯂
cmbw	cangjie	鐳
cmd	cangjie	釪
cme	cangjie	銾
cmf	cangjie	鈈
cmfb	cangjie	鑈
cmfe	cangjie	鋄
cmfj	cangjie	銔𨥾
cmfm	cangjie	鉟
cmgg	cangjie	錱
cmgi	cangjie	鈺
cmgr	cangjie	鑩
cmhaf	cangjie	鶲
cmhf	cangjie	𨪛
cmhl	cangjie	鋣
cmia	cangjie	𨫌
cmig	cangjie	銍
cmii	cangjie	𨫎
cmj	cangjie	釬
cmks	cangjie	勜
cmlm	cangjie	錏
cmmp	cangjie	𨰣
cmmr	cangjie	鋙
cmms	cangjie	釫
cmmu	cangjie	鈨
cmmv	cangjie	鋠
cmn	cangjie	釘
cmnr	cangjie	鈳
cmob	cangjie	鈵
cmp	cangjie	憌
cmr	cangjie	鉐
cmrb	cangjie	鎘
cmrt	cangjie	鋀
cmrw	cangjie	鍢
cmso	cangjie	𨧧
cmsu	cangjie	鈪
cmt	cangjie	鈃
cmtb	cangjie	𨯅
cmtn	cangjie	鉶
cmto	cangjie	鐝
cmua	cangjie	鐕
cmvh	cangjie	釾
cmvi	cangjie	鎒
cmvm	cangjie	鋞
cmvs	cangjie	兮
cmwf	cangjie	鏢
cmwj	cangjie	鐔
cmwv	cangjie	𨪁
cmym	cangjie	鉦
cmys	cangjie	鈣
cn	cangjie	釔
cnao	cangjie	鐌
cnau	cangjie	銫鋔
cnbk	cangjie	𨩉
cnd	cangjie	釨
cndt	cangjie	錳
cng	cangjie	鈕
cnhb	cangjie	鐍
cnhd	cangjie	鍒
cnhe	cangjie	鈒
cnhs	cangjie	釢
cnhx	cangjie	錎
cni	cangjie	釸
cnib	cangjie	銿
cnih	cangjie	𨥨
cnii	cangjie	鏹
cnin	cangjie	鉹𨥤
cnir	cangjie	銘
cnkg	cangjie	鋌
cnkl	cangjie	𨧞
cnkm	cangjie	鋋
cnkq	cangjie	鍵
cnl	cangjie	弚鈏
cnlh	cangjie	弟鐊
cnlr	cangjie	錒
cnmu	cangjie	䤥
cnn	cangjie	釕
cno	cangjie	欽
cnoe	cangjie	鏺
cnok	cangjie	鍨
cnot	cangjie	鐙
cnri	cangjie	鑱
cnst	cangjie	𨩙
cnwa	cangjie	鑥
cnyi	cangjie	𨧻
coae	cangjie	鍑
cob	cangjie	鈉
cod	cangjie	銝
cog	cangjie	錐
cogd	cangjie	鏶
cogf	cangjie	鐎
cogj	cangjie	鎨
cogs	cangjie	鎸鐫
cohg	cangjie	銋
cohh	cangjie	鉁
cohl	cangjie	𨦪
coii	cangjie	鈴
coim	cangjie	鑯
coin	cangjie	鈐
coir	cangjie	鋡鎗
colb	cangjie	鉓
colh	cangjie	鎀
colmi	cangjie	螸
comb	cangjie	錀鑰
comc	cangjie	鋲
comg	cangjie	銓
coml	cangjie	𨨶
comn	cangjie	鍮
como	cangjie	鐱
comq	cangjie	鎿
comr	cangjie	鉿
con	cangjie	釳
cond	cangjie	鎎
conk	cangjie	鍭
conq	cangjie	𨫡
coog	cangjie	銼
cop	cangjie	慾
cor	cangjie	谷
cord	cangjie	𨩚
cowy	cangjie	鋂
cp	cangjie	鈊
cpa	cangjie	銁
cpbc	cangjie	鎭
cph	cangjie	鉍
cphp	cangjie	鍃
cpi	cangjie	釣鈎
cpim	cangjie	鈞
cpou	cangjie	鋾
cpp	cangjie	鈚
cppa	cangjie	鍇
cpr	cangjie	鉤
cpru	cangjie	鉋
cptd	cangjie	鍱
cpu	cangjie	鈍
cpyr	cangjie	鍧
cqd	cangjie	銇
cqhk	cangjie	鍥
cqji	cangjie	鋳
cqjl	cangjie	𨧜
cqjm	cangjie	鏏
cqjp	cangjie	𨯚
cqmb	cangjie	錆
cqmv	cangjie	錶
cqo	cangjie	鈇
cr	cangjie	釦
crb	cangjie	鋗
crhaf	cangjie	鵒
crhg	cangjie	鋥
crhr	cangjie	鋁
crhu	cangjie	兌
crjcm	cangjie	谾
crki	cangjie	谹
crlb	cangjie	銱
crmjk	cangjie	豃
crnl	cangjie	郤
crno	cangjie	欲
crnq	cangjie	谻
croir	cangjie	谽
crp	cangjie	总懖𢤹
crrd	cangjie	鐰
crrj	cangjie	𨭐
crrk	cangjie	𨰫
crrs	cangjie	鍔
crsl	cangjie	卻
crsmh	cangjie	豂
crtc	cangjie	谼
cruc	cangjie	鐉
crvk	cangjie	鋘
crvp	cangjie	鈱
crybp	cangjie	豅
crye	cangjie	鍜
cseg	cangjie	鏗
csh	cangjie	分釖
cshc	cangjie	貧
cshf	cangjie	炃
cshg	cangjie	坌
cshp	cangjie	忿
cshr	cangjie	鉊
csht	cangjie	弅盆
cshu	cangjie	岔
csic	cangjie	𨯿
csit	cangjie	鑑
csiu	cangjie	鑬
csj	cangjie	鉺
csje	cangjie	鋷
csjj	cangjie	鑷
csjl	cangjie	鎁
csjr	cangjie	鋸
cskr	cangjie	𨧡
cslb	cangjie	鉔
csme	cangjie	鋟
csmg	cangjie	鑃
csmh	cangjie	鏐
csmm	cangjie	𨦫
csmr	cangjie	鉰
csmv	cangjie	鋹
csp	cangjie	鈮
csqf	cangjie	鎷
csr	cangjie	鉕
csro	cangjie	䥲
csrr	cangjie	鏂
css	cangjie	鉅
cssr	cangjie	鋦
cstv	cangjie	𨫀
csu	cangjie	𨥈
cswc	cangjie	𨰹
csyi	cangjie	钃
csyq	cangjie	𨬯
cta	cangjie	錯
ctak	cangjie	鏌
ctbc	cangjie	錪
ctbk	cangjie	鏾
ctbn	cangjie	鎆
ctc	cangjie	鉷
ctca	cangjie	鐠
ctcd	cangjie	𨭥
ctcg	cangjie	䥓
ctch	cangjie	𨧼
ctcl	cangjie	鐁
ctco	cangjie	鏷
ctct	cangjie	鎰
ctcu	cangjie	𨬭
ctcw	cangjie	𨩊
ctei	cangjie	鑮
ctgi	cangjie	鑆
ctgk	cangjie	鎂
ctgo	cangjie	𨬢
ctgr	cangjie	鐥
ctgt	cangjie	鑉
ctgu	cangjie	錓
ctis	cangjie	鑶
ctkr	cangjie	鍩
ctlb	cangjie	鏋
ctlf	cangjie	𨯧
ctlk	cangjie	鍈
ctm	cangjie	鉗
ctmc	cangjie	錤鐄
ctmj	cangjie	鏵
ctmv	cangjie	鍖
ctob	cangjie	𨧨
ctoe	cangjie	鑊
ctop	cangjie	錵
ctor	cangjie	鎝
ctpd	cangjie	鐷
ctpo	cangjie	𨪂
ctqm	cangjie	鎈
ctrg	cangjie	鑵
ctrs	cangjie	𨯫
ctsr	cangjie	鍣
ctt	cangjie	鉼
ctub	cangjie	鎙
ctvi	cangjie	鎡
ctw	cangjie	錨
ctwb	cangjie	𨭬
ctwi	cangjie	鐏
ctxc	cangjie	鎌
ctyj	cangjie	鑝
ctyv	cangjie	鋩
cu	cangjie	釓𨥉
cuap	cangjie	𨬌
cubb	cangjie	鏰
cuce	cangjie	鍐
cuhj	cangjie	鎽
cuhqu	cangjie	毤
cumb	cangjie	鍴
cumj	cangjie	錌
cumt	cangjie	鎧
cuob	cangjie	鑴
cuog	cangjie	鏙
cuok	cangjie	敓
cutn	cangjie	𨬫
cv	cangjie	釹
cvfr	cangjie	鐑
cvid	cangjie	鑠
cvii	cangjie	鐖
cvio	cangjie	鉯
cvmi	cangjie	鏘
cvne	cangjie	錄
cvr	cangjie	銣
cvvc	cangjie	鎻
cvvv	cangjie	鑞
cvvw	cangjie	錙
cw	cangjie	鈿
cwa	cangjie	曾
cwb	cangjie	𨩋
cwd	cangjie	錁
cwg	cangjie	鋰
cwgf	cangjie	𨭆
cwjc	cangjie	鏆
cwjr	cangjie	錮
cwk	cangjie	銦
cwkp	cangjie	𨪜
cwl	cangjie	鉀
cwlg	cangjie	鑼
cwli	cangjie	鐲
cwlj	cangjie	鐸
cwlm	cangjie	鎠
cwlv	cangjie	鐶
cwmv	cangjie	鍡
cwol	cangjie	鎅
cwp	cangjie	鍶
cwrc	cangjie	𨭦
cwtj	cangjie	鏎
cwvf	cangjie	鏍
cwwg	cangjie	鑸
cwwv	cangjie	𨯬
cwww	cangjie	鑘
cwyi	cangjie	鉧
cy	cangjie	釙
cyaj	cangjie	鋽
cybb	cangjie	鍗鐹
cybc	cangjie	鍞
cybk	cangjie	钀
cybp	cangjie	鑨
cybs	cangjie	鎊
cycb	cangjie	鏑𨫢
cyck	cangjie	鉸
cydk	cangjie	鐓
cye	cangjie	鈙
cyed	cangjie	𨮏
cyg	cangjie	鉒
cygq	cangjie	鐽
cyhc	cangjie	䥥
cyhj	cangjie	鏠
cyhm	cangjie	鏟
cyhn	cangjie	鈧
cyhr	cangjie	鎚
cyhs	cangjie	鈁
cyhv	cangjie	銥
cyib	cangjie	錥
cyiu	cangjie	銃鋶
cyj	cangjie	鈄
cyjj	cangjie	鏈
cyk	cangjie	鈫
cylb	cangjie	鈰
cymb	cangjie	錹
cymh	cangjie	鐬
cymr	cangjie	𨦼
cymy	cangjie	鉲
cypd	cangjie	鏬
cypo	cangjie	鐻
cypp	cangjie	鑢
cyps	cangjie	鐪
cypt	cangjie	鑪
cyr	cangjie	鉆
cyrb	cangjie	鎬
cyrd	cangjie	錞
cyrf	cangjie	鍄
cyrn	cangjie	𨧤𨪃
cyro	cangjie	𨮙
cyru	cangjie	𨦸
cyrv	cangjie	鎄鑲
cysd	cangjie	鍦
cysk	cangjie	鏃
cyso	cangjie	鏇
cyt	cangjie	鉝
cytg	cangjie	鐘
cytj	cangjie	鋅鏱
cyto	cangjie	鐩
cytp	cangjie	鐿
cytr	cangjie	錇
cytu	cangjie	鏡
cyvi	cangjie	鉉
cywi	cangjie	鏀
cyx	cangjie	鑇
d	cangjie	木
da	cangjie	杳
dabt	cangjie	榅
dafu	cangjie	榥
dagi	cangjie	榯
dahu	cangjie	楣
dail	cangjie	楖
daiu	cangjie	概
dam	cangjie	查柦
damh	cangjie	楊
damj	cangjie	桿
dan	cangjie	椚
dana	cangjie	橺
danb	cangjie	橌
dand	cangjie	㯗
dang	cangjie	橍
danr	cangjie	櫊櫚
danw	cangjie	欄
dapp	cangjie	棍
dapv	cangjie	楬
dasm	cangjie	榻
dau	cangjie	杷
dav	cangjie	根
dawe	cangjie	槾
db	cangjie	朿
dbac	cangjie	榠
dbb	cangjie	棚
dbbb	cangjie	榾
dbbq	cangjie	橓
dbcd	cangjie	棎
dbcv	cangjie	櫻
dbd	cangjie	棌
dbdb	cangjie	棗棘
dbgr	cangjie	椆
dbhx	cangjie	槄
dbjj	cangjie	楎
dbkf	cangjie	橪
dbln	cangjie	刺
dbm	cangjie	柤
dbmc	cangjie	椇
dbme	cangjie	楥
dbmm	cangjie	枏𣏵
dbmr	cangjie	桐
dbnd	cangjie	桴
dbo	cangjie	僰
dbou	cangjie	榣
dbsd	cangjie	棦
dbse	cangjie	棴
dbt	cangjie	柵
dbtu	cangjie	棡
dbu	cangjie	相
dbuc	cangjie	梖
dbug	cangjie	欋
dbul	cangjie	檙
dbuu	cangjie	梘
dbv	cangjie	桵
dbvk	cangjie	榽
dby	cangjie	枬
dc	cangjie	朳
dcav	cangjie	檭
dchd	cangjie	椕
dci	cangjie	松
dcip	cangjie	棇
dcms	cangjie	枍
dcnh	cangjie	梯
dcor	cangjie	㭲
dcr	cangjie	柗
dcru	cangjie	梲
dcsh	cangjie	枌
dcwa	cangjie	橧
dd	cangjie	林
ddam	cangjie	楂
ddb	cangjie	栜
ddbuh	cangjie	鬱
ddcsh	cangjie	棼
ddd	cangjie	森
dddf	cangjie	㯲
dddo	cangjie	檚
ddec	cangjie	櫇
ddf	cangjie	焚
ddg	cangjie	埜
ddh	cangjie	材
ddhe	cangjie	柀
ddhh	cangjie	彬
ddhmu	cangjie	㯄
ddhni	cangjie	梵檒
ddi	cangjie	村
ddino	cangjie	椘
ddixp	cangjie	麓
ddj	cangjie	枺
ddk	cangjie	樊
ddkli	cangjie	蠜
ddkmr	cangjie	礬
ddkq	cangjie	攀
ddl	cangjie	梀
ddlk	cangjie	𣙙
ddln	cangjie	楋
ddlo	cangjie	樕
ddmmf	cangjie	禁
ddmmv	cangjie	辳
ddmq	cangjie	椲
ddmrt	cangjie	𧯴
ddmwg	cangjie	𨤳
ddni	cangjie	梦
ddnkq	cangjie	㯬
ddnl	cangjie	郴
ddnyo	cangjie	楚
ddoin	cangjie	棽
ddoo	cangjie	棶
ddp	cangjie	懋𢡟
ddv	cangjie	婪
ddw	cangjie	棟榃
ddwf	cangjie	楝
ddwli	cangjie	欝
dea	cangjie	㭼
deed	cangjie	槡
deee	cangjie	棳
deem	cangjie	𣜖
defh	cangjie	桫
dei	cangjie	杈
deid	cangjie	樑
deln	cangjie	㓟
dembc	cangjie	頗
demj	cangjie	皯
depru	cangjie	皰
deygq	cangjie	㿹
df	cangjie	㭂杰
dfb	cangjie	梢
dfbb	cangjie	𣙟
dfbd	cangjie	橖
dfbf	cangjie	欓
dfbg	cangjie	樘
dfbh	cangjie	橕
dfbq	cangjie	𣛟
dfbr	cangjie	㭻
dfbw	cangjie	檔
dfdq	cangjie	橉
dff	cangjie	棪
dffd	cangjie	𣞁𣟕
dffn	cangjie	橩
dffs	cangjie	橯
dfh	cangjie	杪
dfle	cangjie	隸
dfmu	cangjie	桄
dfq	cangjie	柈
dfqu	cangjie	棬
dg	cangjie	杜
dgb	cangjie	柟
dgce	cangjie	棱
dgg	cangjie	桂
dggi	cangjie	槸
dggu	cangjie	橈
dgit	cangjie	榼
dgji	cangjie	𣙀
dgni	cangjie	檮
dgov	cangjie	樾
dgow	cangjie	檣
dgp	cangjie	梽
dgr	cangjie	桔
dgrg	cangjie	檯
dgrv	cangjie	榬
dgti	cangjie	樹
dgwc	cangjie	櫝
dh	cangjie	才
dha	cangjie	柏
dhab	cangjie	棉
dhag	cangjie	楻
dhaj	cangjie	槔槹
dhal	cangjie	櫛
dhbt	cangjie	桖
dhbul	cangjie	鼒
dhcq	cangjie	櫸欅
dhdf	cangjie	楸
dhdl	cangjie	棅
dhdw	cangjie	橎
dhe	cangjie	板皮
dhej	cangjie	桻
dher	cangjie	格
dhey	cangjie	柊
dhge	cangjie	檓
dhgr	cangjie	梏
dhgu	cangjie	㭠
dhhaf	cangjie	鸉
dhhh	cangjie	杉
dhhi	cangjie	榭
dhhj	cangjie	椑
dhhl	cangjie	柳
dhhw	cangjie	榴
dhi	cangjie	槐
dhij	cangjie	櫆
dhio	cangjie	柉
dhj	cangjie	杄
dhja	cangjie	櫡
dhjd	cangjie	株
dhje	cangjie	椴
dhjm	cangjie	棰
dhjr	cangjie	栝
dhju	cangjie	楯
dhkb	cangjie	橋
dhkl	cangjie	桥
dhlb	cangjie	楀
dhlc	cangjie	櫍
dhlo	cangjie	𣔙
dhml	cangjie	析
dhms	cangjie	栃
dhmu	cangjie	栀梔
dhmy	cangjie	柝
dhn	cangjie	机
dhnb	cangjie	𣑲
dhne	cangjie	杸
dhni	cangjie	杋楓
dhon	cangjie	桁椼
dhoo	cangjie	樅𣠺
dhpa	cangjie	棔橁
dhpm	cangjie	柢
dhqm	cangjie	栍
dhqo	cangjie	柣
dhqu	cangjie	枆
dhs	cangjie	柞
dhsb	cangjie	楄
dhsk	cangjie	檄
dhsu	cangjie	槴
dhtc	cangjie	檱
dhuc	cangjie	欑
dhus	cangjie	櫋
dhuu	cangjie	橇
dhvo	cangjie	柧
dhwp	cangjie	樬
dhx	cangjie	桕
dhxo	cangjie	楰
dhyg	cangjie	樦
dhyu	cangjie	榹
di	cangjie	寸𣏾
diav	cangjie	桹
dibi	cangjie	榑
dice	cangjie	梭
didr	cangjie	𣟖
difl	cangjie	榊
digi	cangjie	櫥
dihf	cangjie	槭
dihr	cangjie	椷
dihv	cangjie	楲
dii	cangjie	棧
diib	cangjie	樃
diih	cangjie	槮
diil	cangjie	榔
dije	cangjie	梂
dik	cangjie	枤
dikk	cangjie	柭
diku	cangjie	𣏞
dilb	cangjie	槦
dile	cangjie	槺
dill	cangjie	栦
diln	cangjie	刌
dilr	cangjie	榶
dimo	cangjie	栨
dine	cangjie	栐櫠
ding	cangjie	榳
dip	cangjie	杙
dipc	cangjie	樲
dipm	cangjie	栻
dir	cangjie	枱
dirm	cangjie	棫
dism	cangjie	㮼
dist	cangjie	𣛮
dit	cangjie	械
ditf	cangjie	樜
dixp	cangjie	樚
dj	cangjie	末
djbc	cangjie	槙
djbd	cangjie	桲
djbf	cangjie	檫
djbj	cangjie	楠
djbm	cangjie	植椬
djc	cangjie	柼
djcm	cangjie	椌
djcr	cangjie	榕
djcs	cangjie	榨
dje	cangjie	枝
djhr	cangjie	楁
djii	cangjie	槫
djip	cangjie	橞
djji	cangjie	橶
djjj	cangjie	檊
djk	cangjie	杖
djka	cangjie	楮
djkp	cangjie	栳
djks	cangjie	栲
djlv	cangjie	棲
djmc	cangjie	檳
djmf	cangjie	棕
djmm	cangjie	楦
djmo	cangjie	椗榢
djmu	cangjie	梡
djnu	cangjie	椀
djp	cangjie	柁
djpa	cangjie	榰
djpn	cangjie	檸
djqp	cangjie	櫶
djr	cangjie	枯
djrb	cangjie	楜
djrj	cangjie	橭
djrr	cangjie	棺
djt	cangjie	枿
djtc	cangjie	橨
djti	cangjie	𣟂
djv	cangjie	桉
djyj	cangjie	榟
dk	cangjie	夬杕
dkb	cangjie	栯
dkce	cangjie	樧
dkcf	cangjie	橑
dkgg	cangjie	楏
dkhaf	cangjie	鴂鷘
dkhf	cangjie	梑
dkkb	cangjie	桸
dkkk	cangjie	樉
dkld	cangjie	栫
dkmb	cangjie	楕
dkmr	cangjie	椅
dkms	cangjie	桍
dkmym	cangjie	整
dkn	cangjie	朹桋
dknj	cangjie	枠
dkok	cangjie	槉
dkoo	cangjie	梜
dkp	cangjie	憖
dkpb	cangjie	㯂
dkrd	cangjie	𣕧
dks	cangjie	朸
dkso	cangjie	槬
dksr	cangjie	枷檶
dkss	cangjie	栛
dl	cangjie	束
dla	cangjie	晳
dlbk	cangjie	柍
dlbu	cangjie	枕
dld	cangjie	梊
dle	cangjie	棣
dlha	cangjie	皙
dlks	cangjie	勅
dlksf	cangjie	鶒
dllmi	cangjie	蜤
dlln	cangjie	剌柫
dlmc	cangjie	樻
dlmo	cangjie	桃𣑯
dlmy	cangjie	棑
dlno	cangjie	欶
dlok	cangjie	敕
dlp	cangjie	惁
dlr	cangjie	𠵍
dlshc	cangjie	賴
dlw	cangjie	柚
dlwl	cangjie	柛
dlws	cangjie	梬
dlwv	cangjie	樓
dlx	cangjie	橚
dlxh	cangjie	柹
dlxl	cangjie	棩
dm	cangjie	本杠杢
dma	cangjie	栢
dmam	cangjie	桓
dmbb	cangjie	檽
dmbc	cangjie	槓
dmbe	cangjie	櫌
dmbi	cangjie	橒
dmbl	cangjie	栭
dmbm	cangjie	欞
dmbr	cangjie	櫺
dmbs	cangjie	樗
dmbw	cangjie	檑
dmcw	cangjie	栖梄
dmd	cangjie	杅
dmdm	cangjie	櫪
dmem	cangjie	極
dmf	cangjie	杯
dmfb	cangjie	檷
dmfj	cangjie	枰
dmfm	cangjie	柸
dmfn	cangjie	檦
dmfr	cangjie	桮
dmg	cangjie	枉
dmgi	cangjie	櫉
dmgr	cangjie	櫮
dmgt	cangjie	梇
dmhf	cangjie	榞
dmia	cangjie	榗
dmig	cangjie	桎
dmj	cangjie	杆
dmjk	cangjie	橄
dmlk	cangjie	梗
dmlm	cangjie	椏
dmmf	cangjie	柰
dmmi	cangjie	枟橱
dmmp	cangjie	欐
dmmr	cangjie	梧
dmms	cangjie	杇
dmmu	cangjie	杬
dmmv	cangjie	桭
dmn	cangjie	朾
dmnl	cangjie	桏
dmnn	cangjie	栵
dmnr	cangjie	柯
dmob	cangjie	柄
dmr	cangjie	柘
dmrq	cangjie	韋
dmrt	cangjie	梪
dmrw	cangjie	楅
dmsmm	cangjie	翉
dmso	cangjie	椓
dmsu	cangjie	枙
dmt	cangjie	枅
dmtb	cangjie	櫔
dmti	cangjie	𣗳
dmto	cangjie	橛
dmu	cangjie	杌
dmue	cangjie	榎
dmvh	cangjie	枒
dmvm	cangjie	枑桱
dmvs	cangjie	朽
dmvvq	cangjie	舝
dmwc	cangjie	檟
dmwf	cangjie	槱標
dmwj	cangjie	橝
dmwl	cangjie	㮌
dmwm	cangjie	橿
dmwv	cangjie	楆
dmym	cangjie	柾
dnao	cangjie	橡
dnbg	cangjie	桷
dnbj	cangjie	槲
dnbq	cangjie	檞
dncr	cangjie	檐
dnd	cangjie	杍李
dndf	cangjie	槂
dndu	cangjie	𣏺
dnfd	cangjie	櫯
dng	cangjie	杻
dnhb	cangjie	橘
dnhd	cangjie	楙楺
dnhe	cangjie	极
dnib	cangjie	桶
dnii	cangjie	𣚦
dnil	cangjie	栁
dnin	cangjie	杼栘
dniq	cangjie	桝
dnkg	cangjie	梃
dnkm	cangjie	梴
dnkq	cangjie	楗
dnlb	cangjie	橢
dnlw	cangjie	樄
dnmu	cangjie	桅
dno	cangjie	杴
dnob	cangjie	楈
dnok	cangjie	楑
dnon	cangjie	櫈
dnot	cangjie	橙
dnq	cangjie	揧
dnqd	cangjie	榤
dnri	cangjie	欃
dnst	cangjie	楹
dnue	cangjie	㮀
dnwa	cangjie	櫓
doau	cangjie	𠌊
dob	cangjie	枘
dobg	cangjie	榷
dobuc	cangjie	賚
doby	cangjie	栴
dodi	cangjie	柎
doe	cangjie	桼
dog	cangjie	椎
dogf	cangjie	樵
dogj	cangjie	榫
dogs	cangjie	檇
dohaf	cangjie	鶆
doii	cangjie	柃
doik	cangjie	猌
doim	cangjie	櫼
doin	cangjie	枔
doip	cangjie	棯
doir	cangjie	梒槍
doj	cangjie	杵
dok	cangjie	枚
dokr	cangjie	椥
doks	cangjie	勑
dolb	cangjie	樇
dolh	cangjie	𣘀
doma	cangjie	檜
domb	cangjie	棆
domc	cangjie	梹
domd	cangjie	梌
domg	cangjie	栓
domk	cangjie	楩
domm	cangjie	𣏴
domn	cangjie	榆
domo	cangjie	檢
domr	cangjie	㭘
domv	cangjie	楡
don	cangjie	杚
donl	cangjie	郲
doo	cangjie	來
doog	cangjie	桽
dop	cangjie	杹
dopd	cangjie	柂
dotc	cangjie	𣗍
dotf	cangjie	橅
dowy	cangjie	梅
doyb	cangjie	檎
dp	cangjie	朼杺
dpa	cangjie	栒栺
dpd	cangjie	杝
dpfd	cangjie	椈
dph	cangjie	柲
dpht	cangjie	榓
dpi	cangjie	杓构
dpim	cangjie	枃
dpkp	cangjie	楤
dpp	cangjie	枇
dppa	cangjie	楷
dppd	cangjie	㰑
dppg	cangjie	梐
dpr	cangjie	枸
dpru	cangjie	枹
dpt	cangjie	枻
dptd	cangjie	楪
dpu	cangjie	杶
dq	cangjie	杽
dqbhx	cangjie	韜
dqbjj	cangjie	韗
dqdj	cangjie	韎
dqfb	cangjie	韒
dqgwc	cangjie	韥
dqhaj	cangjie	韟
dqhk	cangjie	楔
dqikk	cangjie	韍
dqjl	cangjie	梆
dqjm	cangjie	槥
dqjp	cangjie	櫘
dqka	cangjie	椿
dqkd	cangjie	榛
dqkk	cangjie	楱
dqkq	cangjie	棒
dqkx	cangjie	樁
dqmb	cangjie	棈
dqmc	cangjie	樍
dqmf	cangjie	榡
dqnhd	cangjie	韖
dqnl	cangjie	郼
dqo	cangjie	枎
dqoae	cangjie	䪖
dqomr	cangjie	韐
dqou	cangjie	槻
dqptd	cangjie	韘
dqshi	cangjie	韌
dqsmv	cangjie	韔
dqtmj	cangjie	韡
dqttb	cangjie	韝
dqwli	cangjie	韣
dqwot	cangjie	韞
dqwtj	cangjie	韠
dqyrd	cangjie	韕
dr	cangjie	杏
drb	cangjie	梋
drc	cangjie	枳
drhg	cangjie	桯
drhr	cangjie	梠
drhs	cangjie	柺
drhu	cangjie	柷
drji	cangjie	檝
drlb	cangjie	𣑐
drmr	cangjie	㯝
drms	cangjie	枵
drrd	cangjie	橾
drrj	cangjie	樿
drrr	cangjie	榀
drrs	cangjie	㮙
drsh	cangjie	枴
drsj	cangjie	楫
dru	cangjie	𣏌
drye	cangjie	椵
dsav	cangjie	椻
dseg	cangjie	樫
dsfb	cangjie	榍
dshr	cangjie	柖
dshu	cangjie	梶
dsit	cangjie	檻
dsj	cangjie	栮
dsje	cangjie	棷
dsjl	cangjie	椰
dsjr	cangjie	椐
dskr	cangjie	桾
dslc	cangjie	櫃
dsly	cangjie	榧
dsma	cangjie	槢
dsme	cangjie	梫
dsmg	cangjie	框楃櫂
dsmh	cangjie	樛
dsmi	cangjie	樳
dsmj	cangjie	𣝦
dsmm	cangjie	栩
dsmr	cangjie	柌
dsmv	cangjie	棖
dsnd	cangjie	樼
dsno	cangjie	柩
dsp	cangjie	柅
dsqf	cangjie	榪
dsql	cangjie	梛
dsrg	cangjie	檉
dsrr	cangjie	樞
dss	cangjie	柜
dssr	cangjie	梮
dstt	cangjie	𣖕
dstv	cangjie	榐
dsu	cangjie	杞
dsuf	cangjie	𣜠
dswl	cangjie	㭱
dswu	cangjie	欖
dsyi	cangjie	欘
dsyq	cangjie	樨
dta	cangjie	棤
dtab	cangjie	橗
dtak	cangjie	模
dtaw	cangjie	欗
dtbf	cangjie	𣜭
dtbn	cangjie	椾
dtbo	cangjie	檬
dtc	cangjie	栱
dtcd	cangjie	檏
dtce	cangjie	欉
dtcg	cangjie	樭
dtco	cangjie	樸
dtcw	cangjie	楢
dtei	cangjie	欂
dtge	cangjie	樣
dtgf	cangjie	榚
dtgi	cangjie	檥
dtgk	cangjie	𣖙
dtgo	cangjie	檨
dtgr	cangjie	橏
dtgs	cangjie	㰕
dthj	cangjie	樥
dtif	cangjie	𣞢
dtih	cangjie	𣕚
dtio	cangjie	𣔰
dtit	cangjie	𣙷
dtjm	cangjie	𣜯
dtjr	cangjie	㯴楛
dtk	cangjie	栚
dtkr	cangjie	楉
dtlb	cangjie	樠
dtlj	cangjie	㮖
dtlk	cangjie	楧
dtlm	cangjie	槿
dtlx	cangjie	櫹
dtm	cangjie	柑
dtmc	cangjie	棋橫
dtmd	cangjie	楳
dtmj	cangjie	樺
dtmv	cangjie	椹
dtoe	cangjie	檴
dtog	cangjie	𣗎
dtop	cangjie	椛
dtor	cangjie	榙
dtov	cangjie	𣞼
dtpa	cangjie	槆
dtpd	cangjie	𣚭𣜿
dtpp	cangjie	檧
dtq	cangjie	样
dtqm	cangjie	槎
dtrg	cangjie	權
dtrk	cangjie	㯳
dtsj	cangjie	榵
dtsr	cangjie	櫙
dtt	cangjie	栟
dttb	cangjie	構
dttc	cangjie	椪
dtwa	cangjie	槽
dtwf	cangjie	𣜃
dtwi	cangjie	樽
dtwv	cangjie	檂
dtxc	cangjie	槏
du	cangjie	札
duce	cangjie	椶
duch	cangjie	梤
duhj	cangjie	𣗏
dulmi	cangjie	蚻
dumb	cangjie	椯
dumt	cangjie	榿
duob	cangjie	欈
duon	cangjie	梣
dup	cangjie	想
duu	cangjie	柮
duvif	cangjie	紮
dvfo	cangjie	櫞
dvid	cangjie	櫟
dvii	cangjie	機
dvis	cangjie	柪
dvl	cangjie	朻
dvmg	cangjie	梉
dvmt	cangjie	㰘𣟗
dvne	cangjie	椂
dvno	cangjie	椽
dvoi	cangjie	欚
dvvd	cangjie	樔
dvvi	cangjie	檵
dvvw	cangjie	椔
dw	cangjie	東
dwb	cangjie	𣖜
dwc	cangjie	柶
dwd	cangjie	梱棵
dwf	cangjie	柬
dwg	cangjie	梩
dwhaf	cangjie	鶇鶫
dwhd	cangjie	棞
dwim	cangjie	槶
dwjc	cangjie	樌
dwji	cangjie	檲
dwjr	cangjie	棝
dwk	cangjie	栶
dwl	cangjie	柙
dwlg	cangjie	欏
dwlj	cangjie	檡
dwls	cangjie	楞
dwly	cangjie	檌
dwmv	cangjie	椳
dwot	cangjie	榲
dwp	cangjie	楒
dwvf	cangjie	樏
dwwf	cangjie	欙
dwww	cangjie	櫑
dwyi	cangjie	栂
dy	cangjie	朴
dyad	cangjie	槕
dyaj	cangjie	棹
dybb	cangjie	楴檛
dybc	cangjie	楨
dybp	cangjie	櫳
dybs	cangjie	榜
dycb	cangjie	樀
dyck	cangjie	校
dydk	cangjie	橔
dydl	cangjie	槨
dydu	cangjie	櫬
dyfe	cangjie	椒
dyg	cangjie	柱
dyhh	cangjie	楌
dyhn	cangjie	杭
dyhr	cangjie	槌
dyhs	cangjie	枋
dyhv	cangjie	𣐿
dyia	cangjie	樴
dyij	cangjie	𣘚
dyiu	cangjie	梳
dyj	cangjie	枓
dyjj	cangjie	槤
dyk	cangjie	𣐀
dylb	cangjie	柿
dymh	cangjie	檅
dymu	cangjie	櫏
dynb	cangjie	樋
dynv	cangjie	橠
dyoj	cangjie	椊
dypf	cangjie	橴
dypk	cangjie	榩
dypm	cangjie	樝
dypt	cangjie	櫨
dypu	cangjie	椃
dyr	cangjie	枮
dyra	cangjie	櫧
dyrb	cangjie	槁
dyrd	cangjie	椁
dyrf	cangjie	椋
dyrn	cangjie	梈楟
dyro	cangjie	檺
dyrv	cangjie	欀
dysd	cangjie	椸
dysr	cangjie	檹
dysy	cangjie	棜
dyt	cangjie	柆
dytg	cangjie	橦
dytj	cangjie	梓樟
dyto	cangjie	檖
dytp	cangjie	檍
dytr	cangjie	棓
dytu	cangjie	樈檤
dytv	cangjie	椄
dyub	cangjie	樆
dyut	cangjie	橀
dyv	cangjie	杧
dyvo	cangjie	核
dywd	cangjie	檁
dywm	cangjie	檀
dywv	cangjie	榱櫰
dyx	cangjie	櫅
e	cangjie	水
ea	cangjie	汨汩沓
eaa	cangjie	淐
eabt	cangjie	温
eafc	cangjie	灝灦
eafu	cangjie	滉
eag	cangjie	涅
eagi	cangjie	溡
eahm	cangjie	湦
eahr	cangjie	㵆
eahu	cangjie	湄
eaiu	cangjie	溉
eam	cangjie	泹𣵀
eamh	cangjie	湯
eami	cangjie	淂
eamj	cangjie	涆
eamk	cangjie	淏
eamo	cangjie	湜
eana	cangjie	澗
eanb	cangjie	㵎
eand	cangjie	澖
eane	cangjie	灁
eang	cangjie	潤
eanj	cangjie	灛
eank	cangjie	潣
eanr	cangjie	濶
eanw	cangjie	瀾
eapp	cangjie	混
eapv	cangjie	渴
easm	cangjie	溻
easr	cangjie	𣸬
eate	cangjie	瀑
eavf	cangjie	濕
eawe	cangjie	漫
eayf	cangjie	澋
eayk	cangjie	渂
eayt	cangjie	𣸭
ebac	cangjie	溟
ebau	cangjie	淝
ebb	cangjie	淜
ebbb	cangjie	滑
ebbr	cangjie	渦
ebbu	cangjie	漞
ebcd	cangjie	深
ebch	cangjie	瀃
ebci	cangjie	濺
ebcn	cangjie	測
ebcr	cangjie	浻滘
ebcv	cangjie	瀴
ebd	cangjie	𣶶
ebdd	cangjie	𣺉
ebg	cangjie	𡒗
ebgr	cangjie	淍
ebhg	cangjie	淫
ebhu	cangjie	沉
ebhx	cangjie	滔
ebjj	cangjie	渾
ebkf	cangjie	鸂
ebm	cangjie	沮
ebme	cangjie	湲
ebmp	cangjie	濦
ebmr	cangjie	洞
ebnd	cangjie	浮
eboe	cangjie	𣿀
ebof	cangjie	漈
ebou	cangjie	滛
ebp	cangjie	慂懘懣
ebr	cangjie	泂
ebsd	cangjie	淨
ebt	cangjie	㳑
ebtu	cangjie	𣷣
ebu	cangjie	泪
ebuc	cangjie	浿
ebug	cangjie	濉灈
ebuh	cangjie	渺
ebuk	cangjie	湨
ebul	cangjie	濎
ebuu	cangjie	涀
ebv	cangjie	浽
ebvk	cangjie	溪
ebwi	cangjie	灂
ebyh	cangjie	浵
ebyj	cangjie	𣂎
ec	cangjie	汃淦
ecc	cangjie	鍙
eccc	cangjie	𤅺
ecim	cangjie	滃
eckg	cangjie	滏
ecnh	cangjie	涕
ecor	cangjie	浴
ecr	cangjie	沿
ecru	cangjie	涗
ecsh	cangjie	汾
ecst	cangjie	湓
ecwa	cangjie	潧
ed	cangjie	沐
edam	cangjie	渣
edbt	cangjie	盓
edbu	cangjie	湘
edci	cangjie	淞
edd	cangjie	淋
eddd	cangjie	潹
eddf	cangjie	澿
eddg	cangjie	漜
eddh	cangjie	灪
eddn	cangjie	滼
eddo	cangjie	濋
eddv	cangjie	漤𤂑
edg	cangjie	塗
edgg	cangjie	溎
edha	cangjie	湐
edhe	cangjie	波
edhh	cangjie	涁
edhl	cangjie	淅
edj	cangjie	沫
edk	cangjie	決
edl	cangjie	涑
edlc	cangjie	瀨瀬
edlk	cangjie	潄
edlo	cangjie	漱
edm	cangjie	泍
edmbc	cangjie	顙
edmd	cangjie	𣸑
edmf	cangjie	渿
edmq	cangjie	湋
ednf	cangjie	𤄄
edod	cangjie	𣸯
edoe	cangjie	漆
edoo	cangjie	淶
edvd	cangjie	𤄿
edw	cangjie	涷
edwf	cangjie	湅
ee	cangjie	双汉沝𣲙
eea	cangjie	涾
eec	cangjie	錃
eee	cangjie	叒淼
eeed	cangjie	桑
eeeee	cangjie	敪
eeeef	cangjie	鵽
eeeen	cangjie	剟
eeeeo	cangjie	欼
eeeeu	cangjie	毲
eeem	cangjie	叠𣿫
eei	cangjie	汊
eeii	cangjie	溞
eemr	cangjie	碆
eeog	cangjie	滩
eetb	cangjie	濷
eev	cangjie	婆
efb	cangjie	消
efbb	cangjie	𣻸
efbg	cangjie	漟
efbk	cangjie	潎
efbr	cangjie	淌
efbw	cangjie	澢
efdc	cangjie	瀵
efdq	cangjie	潾
eff	cangjie	淡𣶷
effc	cangjie	灐
effd	cangjie	濚
effe	cangjie	濴
efff	cangjie	濙瀠
effg	cangjie	瀅
effr	cangjie	瀯
effs	cangjie	澇
efh	cangjie	沙
efhu	cangjie	渻
efmu	cangjie	洸
efq	cangjie	泮
efqf	cangjie	潫
eg	cangjie	圣坔
egce	cangjie	淩
egcg	cangjie	淕
egde	cangjie	濲瀔
egfe	cangjie	瀫
egg	cangjie	塣洼
eggu	cangjie	澆
egi	cangjie	法
egit	cangjie	溘
egj	cangjie	準
eglc	cangjie	浾
egni	cangjie	濤
egow	cangjie	濇
egr	cangjie	洁
egrc	cangjie	𤂌
egrr	cangjie	𤀺
egrv	cangjie	溒
egsk	cangjie	滶
egth	cangjie	澎
egti	cangjie	澍
egtj	cangjie	涬
egwc	cangjie	瀆
eha	cangjie	泊
ehae	cangjie	湶
ehag	cangjie	湟
ehaj	cangjie	滜
ehal	cangjie	瀄
ehar	cangjie	澔
ehbd	cangjie	㶅
ehbk	cangjie	澳
ehbn	cangjie	淛
ehbt	cangjie	洫盪
ehbu	cangjie	洎灚
ehby	cangjie	洀
ehcn	cangjie	瀏
ehd	cangjie	𣓥
ehdb	cangjie	潲
ehde	cangjie	潻
ehdf	cangjie	湫
ehdg	cangjie	𣽿
ehdl	cangjie	𣶸
ehdn	cangjie	浰𣻗
ehdp	cangjie	溗
ehds	cangjie	𣵛
ehdv	cangjie	涹
ehdw	cangjie	潘
ehe	cangjie	汳
ehed	cangjie	涤
ehej	cangjie	浲
eheq	cangjie	洚
eher	cangjie	洛
ehet	cangjie	瀊
ehf	cangjie	燙
ehg	cangjie	𡌂
ehgi	cangjie	𤅕
ehgr	cangjie	浩
ehgu	cangjie	洗
ehhl	cangjie	泖
ehhv	cangjie	派
ehhw	cangjie	溜
ehi	cangjie	溾
ehic	cangjie	𤅄
ehio	cangjie	泛
ehj	cangjie	汘
ehjd	cangjie	洙
ehjg	cangjie	湩
ehjr	cangjie	活
ehk	cangjie	沃
ehkb	cangjie	𣾷
ehkp	cangjie	添
ehlb	cangjie	渪
ehlq	cangjie	潷
ehlx	cangjie	𤄙
ehmgi	cangjie	璗
ehml	cangjie	沂
ehmo	cangjie	澨
ehmr	cangjie	洉硰
ehmy	cangjie	泝
ehnb	cangjie	𣳽
ehnd	cangjie	𣳼
ehnf	cangjie	㵯
ehni	cangjie	汎渢
ehnn	cangjie	洬
ehnwf	cangjie	鯊
ehoe	cangjie	澓
ehok	cangjie	㵟
ehon	cangjie	洐𣶹
ehoo	cangjie	漇漎
ehou	cangjie	㵌
ehpa	cangjie	涽
ehpm	cangjie	泜
ehq	cangjie	挲
ehqi	cangjie	涐
ehqj	cangjie	湃
ehqm	cangjie	泩
ehqo	cangjie	泆
ehrb	cangjie	溮
ehrf	cangjie	𪄣
ehs	cangjie	泎
ehsd	cangjie	淭
ehse	cangjie	溵
ehsk	cangjie	淚激
ehsu	cangjie	滬
ehuc	cangjie	瀩灒
ehuk	cangjie	溴
ehul	cangjie	濞
ehv	cangjie	娑
ehvo	cangjie	泒
ehvp	cangjie	汦
ehwp	cangjie	漗
ehx	cangjie	㳫
ehxe	cangjie	溲
ehxf	cangjie	潟
ehxm	cangjie	湼
ehxu	cangjie	淣
ehyhv	cangjie	裟
ehyu	cangjie	㴲
ei	cangjie	叉
eiav	cangjie	浪
eibi	cangjie	溥
eice	cangjie	浚
eid	cangjie	梁
eidy	cangjie	灖
eifd	cangjie	粱
eihf	cangjie	滅
eihq	cangjie	洠
eihr	cangjie	減
eihu	cangjie	沇
eii	cangjie	淺
eiih	cangjie	滲
eijb	cangjie	浦
eijc	cangjie	沭
eije	cangjie	浗
eik	cangjie	汱
eikf	cangjie	溈
eikk	cangjie	沷
eiku	cangjie	沋
eilb	cangjie	滽
eile	cangjie	漮
eill	cangjie	洲
eilmi	cangjie	蚤
eilr	cangjie	溏
eine	cangjie	泳
eioc	cangjie	澬
eiok	cangjie	涘
eipf	cangjie	瀌
eir	cangjie	治
eirm	cangjie	淢
eirp	cangjie	澸
eis	cangjie	沪
eitc	cangjie	濂瀇
eite	cangjie	渡
eiv	cangjie	泧
eiwg	cangjie	瀍
eixi	cangjie	灋
eixp	cangjie	漉
ej	cangjie	汁
ejb	cangjie	沛
ejbc	cangjie	滇
ejbd	cangjie	浡
ejbj	cangjie	湳
ejbm	cangjie	淔𣶺
ejbv	cangjie	灢
ejc	cangjie	泬
ejcb	cangjie	潸
ejck	cangjie	湥
ejcm	cangjie	涳
ejco	cangjie	溛
ejcr	cangjie	溶
ejd	cangjie	沬浨
ejdk	cangjie	漖
ejds	cangjie	渤
eje	cangjie	汥
ejhf	cangjie	瀉
ejhq	cangjie	浶
ejhw	cangjie	瀋
ejic	cangjie	瀻
ejii	cangjie	漙
ejik	cangjie	涋
ejip	cangjie	潓
ejir	cangjie	渽
ejjb	cangjie	潮
ejjj	cangjie	澣濣
ejjl	cangjie	漸
ejjm	cangjie	瀚
ejjn	cangjie	漧
ejka	cangjie	渚
ejkd	cangjie	涍
ejki	cangjie	浤
ejks	cangjie	洘
ejlo	cangjie	𣶏
ejlv	cangjie	淒
ejmc	cangjie	演濱
ejmd	cangjie	𣳿
ejme	cangjie	滱
ejmf	cangjie	淙
ejmm	cangjie	渲
ejmn	cangjie	泞
ejmo	cangjie	淀𣺊
ejmu	cangjie	浣
ejnu	cangjie	涴
ejoc	cangjie	滨
ejp	cangjie	沱
ejpb	cangjie	澝𤀑
ejpn	cangjie	濘
ejpu	cangjie	滵
ejqp	cangjie	瀗
ejr	cangjie	沽
ejrb	cangjie	湖
ejrr	cangjie	涫
ejt	cangjie	泋
ejtc	cangjie	濆
ejv	cangjie	洝
ejye	cangjie	漃
ejyj	cangjie	滓
ek	cangjie	汏
ekb	cangjie	洧
ekc	cangjie	鋈
ekcf	cangjie	潦
ekf	cangjie	洃
ekha	cangjie	潴
ekhr	cangjie	漪
eki	cangjie	汯汰
ekjt	cangjie	渀
ekkb	cangjie	浠淆
ekkk	cangjie	漺
eklb	cangjie	㳍
ekld	cangjie	洊
eklu	cangjie	淹
ekm	cangjie	𣳇
ekmr	cangjie	渏
ekms	cangjie	洿
ekn	cangjie	氿洟
ekni	cangjie	汍
ekoo	cangjie	浹
ekpb	cangjie	滯
ekrc	cangjie	㵑
eks	cangjie	氻
eksr	cangjie	泇
el	cangjie	沖
elbk	cangjie	泱
elbu	cangjie	沈
elc	cangjie	𨮜
elfl	cangjie	渊
elg	cangjie	垽
elgm	cangjie	澅
elhi	cangjie	魙
elim	cangjie	渱灗
elll	cangjie	汌沜
elln	cangjie	沸
ellp	cangjie	漶
elmc	cangjie	潰
elmo	cangjie	洮
elmt	cangjie	濜
elmy	cangjie	渄
elq	cangjie	津
elvu	cangjie	湚
elw	cangjie	油
elwp	cangjie	洩
elws	cangjie	涄
elwv	cangjie	漊
elx	cangjie	潚
elxh	cangjie	泲
elxl	cangjie	淵
em	cangjie	江
ema	cangjie	洦
emam	cangjie	洹
embb	cangjie	濡灞
embc	cangjie	湏
embe	cangjie	瀀
embg	cangjie	瀖
embi	cangjie	澐澪瀜
embk	cangjie	渜
embl	cangjie	洏
embm	cangjie	𤅷
embr	cangjie	𤅟
embu	cangjie	灀
embw	cangjie	㵢
emcw	cangjie	洒酒
emd	cangjie	汙
emdm	cangjie	瀝
emdp	cangjie	𤃉
emfb	cangjie	濔
emfi	cangjie	𤅜
emfj	cangjie	泙
emg	cangjie	汪
emgb	cangjie	洅
emgg	cangjie	涯
emgh	cangjie	濏
emgr	cangjie	𣾏
emgu	cangjie	潖
emhf	cangjie	源鴻
emia	cangjie	溍
emig	cangjie	洷
emj	cangjie	汗
emjk	cangjie	澉
emjs	cangjie	汚
emlk	cangjie	浭
emlm	cangjie	𣵾
emls	cangjie	沔
emmc	cangjie	澒
emmf	cangjie	沶
emmi	cangjie	沄
emmp	cangjie	灑
emmr	cangjie	浯
emms	cangjie	污
emmu	cangjie	沅
emmv	cangjie	浱
emn	cangjie	汀
emnn	cangjie	洌
emnr	cangjie	河
emoa	cangjie	瀦
emr	cangjie	沯沰
emrb	cangjie	滆
emrr	cangjie	滒
emrt	cangjie	浢
emru	cangjie	𣸰
emrw	cangjie	湢
emso	cangjie	涿
emt	cangjie	汧
emtb	cangjie	濿
emti	cangjie	㴻
emua	cangjie	潛
emub	cangjie	灊
emvb	cangjie	漘
emvg	cangjie	溼
emvi	cangjie	溽
emvm	cangjie	沍涇
emwd	cangjie	溧
emwf	cangjie	漂
emwg	cangjie	湮湹
emwj	cangjie	潭
emwl	cangjie	湎
emyf	cangjie	漹
emym	cangjie	泟
enao	cangjie	潒
enau	cangjie	浼
enbk	cangjie	渙
enbq	cangjie	澥
enbs	cangjie	湧
encr	cangjie	澹
end	cangjie	染
ene	cangjie	沒
enem	cangjie	洆
enff	cangjie	𤄏
enhb	cangjie	潏
enhd	cangjie	渘
enhe	cangjie	汲
enhx	cangjie	淊
eni	cangjie	汐泓
enib	cangjie	涌
enii	cangjie	漒
enin	cangjie	汿沀
enir	cangjie	洺
enj	cangjie	汛
enkg	cangjie	涏
enkm	cangjie	涎
enkq	cangjie	湕
enkw	cangjie	𣶻
enla	cangjie	𣾂
enlb	cangjie	瀡
enlc	cangjie	濻
enld	cangjie	滁
enlm	cangjie	漋
enlp	cangjie	㶏
enls	cangjie	泐
enmb	cangjie	瀰
enmm	cangjie	溺
enmu	cangjie	洈
ennc	cangjie	澦
enob	cangjie	湑
enoe	cangjie	潑
enok	cangjie	湀
enot	cangjie	澄
enqd	cangjie	滐
enri	cangjie	瀺
ensj	cangjie	渳
enst	cangjie	溋
ensv	cangjie	漲
enue	cangjie	涵
enwf	cangjie	漁
eoah	cangjie	漡
eob	cangjie	汭
eobt	cangjie	盜
eod	cangjie	㳜
eode	cangjie	溆
eodi	cangjie	泭
eodk	cangjie	漵
eog	cangjie	淮
eogd	cangjie	潗
eogf	cangjie	潐
eohh	cangjie	沴
eoii	cangjie	泠𣸮
eoik	cangjie	洑
eoim	cangjie	瀸
eoin	cangjie	汵
eoip	cangjie	淰
eoir	cangjie	浛滄
eoj	cangjie	汻
eokf	cangjie	瀿
eokp	cangjie	滺
eokr	cangjie	𣺈
eolb	cangjie	滫潃
eold	cangjie	滌
eolk	cangjie	浟
eom	cangjie	㳋
eoma	cangjie	澮
eomb	cangjie	淪瀹
eomc	cangjie	浜
eomd	cangjie	涂
eomg	cangjie	洤
eomm	cangjie	潝𣲚
eomn	cangjie	汽渝
eomo	cangjie	澰
eomr	cangjie	洽涻
eomt	cangjie	渰
eon	cangjie	汔
eond	cangjie	滊
eoob	cangjie	溣
eook	cangjie	瀲
eooo	cangjie	㶑
eop	cangjie	沎
eopd	cangjie	沲
eora	cangjie	潪
eosk	cangjie	洢
eotf	cangjie	潕
eoto	cangjie	濮
eou	cangjie	𣳈
eowy	cangjie	海
eoyt	cangjie	涖
ep	cangjie	沁
epa	cangjie	洵𣇹
epd	cangjie	柒池
epdc	cangjie	𤃡
epfd	cangjie	淗
eph	cangjie	泌
ephh	cangjie	沕
ephp	cangjie	淴
ephr	cangjie	湉
epi	cangjie	汋沟
epim	cangjie	汮
epl	cangjie	浺
epou	cangjie	淘
epp	cangjie	沘
eppa	cangjie	湝
epr	cangjie	泃
epru	cangjie	泡
epsh	cangjie	沏
ept	cangjie	泄
eptd	cangjie	渫
epu	cangjie	沌
epuk	cangjie	洶
epyr	cangjie	渹
eqbd	cangjie	瀞
eqbi	cangjie	𤂅
eqg	cangjie	堻
eqhf	cangjie	潔
eqhl	cangjie	浙
eqjr	cangjie	湱
eqka	cangjie	湷
eqkd	cangjie	溱
eqke	cangjie	溙
eqkk	cangjie	湊
eqmb	cangjie	清
eqmc	cangjie	漬
eqmf	cangjie	溸溹
eqoa	cangjie	潜
eqor	cangjie	湁
er	cangjie	呇
erau	cangjie	浥
erb	cangjie	涓
erbc	cangjie	溳
erc	cangjie	𣲵
erhg	cangjie	浧
erhu	cangjie	況
erji	cangjie	濈
ermr	cangjie	潞
erp	cangjie	惉
erpa	cangjie	湣
errd	cangjie	澡
errj	cangjie	潬
ersj	cangjie	湒
eru	cangjie	汜
eruc	cangjie	潠
ervk	cangjie	洖
ervp	cangjie	泯
erxu	cangjie	澠
eryo	cangjie	浞
esbn	cangjie	涮
esce	cangjie	澱
esd	cangjie	渠
eseg	cangjie	𣻹𣿬
eseo	cangjie	㵵
esfi	cangjie	𣻷
eshr	cangjie	沼
eshu	cangjie	浘
esim	cangjie	澀
esip	cangjie	涊
esit	cangjie	濫
esj	cangjie	洱
esja	cangjie	潳
esjj	cangjie	灄
esjr	cangjie	涺
eskr	cangjie	涒
eslc	cangjie	㶊
esll	cangjie	洍
esmb	cangjie	漏
esmc	cangjie	瀷
esme	cangjie	浸
esmg	cangjie	洭渥濯
esmh	cangjie	漻
esmi	cangjie	潯
esmj	cangjie	濢
esmr	cangjie	泀
esmv	cangjie	涱
esnd	cangjie	潺
eso	cangjie	沢
esog	cangjie	滙𣾀
esp	cangjie	泥
esqf	cangjie	溤
esrj	cangjie	澼
esrr	cangjie	漚
ess	cangjie	洰
estt	cangjie	𣸹
estv	cangjie	𣺹
esu	cangjie	氾
esuf	cangjie	𤏁
esuu	cangjie	淈
eswu	cangjie	灠
esyi	cangjie	灟
esyq	cangjie	漽
etak	cangjie	漠
etaw	cangjie	灡
etbc	cangjie	淟
etbg	cangjie	滢
etbn	cangjie	湔
etbo	cangjie	濛
etc	cangjie	洪
etca	cangjie	潽
etcd	cangjie	澲
etcf	cangjie	濝𪃡
etcg	cangjie	𣻺
etch	cangjie	𣶼
etcl	cangjie	澌
etco	cangjie	𣾴
etct	cangjie	溢
etcu	cangjie	港
etge	cangjie	漾
etgf	cangjie	溔
etgi	cangjie	濧𣿭
etgk	cangjie	渼
etgo	cangjie	㵪
etgt	cangjie	濭
ethg	cangjie	𣿅
ethn	cangjie	𣼵
etif	cangjie	瀳
etio	cangjie	𣷸
etit	cangjie	漭
etju	cangjie	𣻻
etk	cangjie	浂
etkn	cangjie	渕
etkr	cangjie	渃
etlb	cangjie	滿
etlk	cangjie	渶
etlm	cangjie	漌
etlo	cangjie	漢
etlx	cangjie	瀟
etm	cangjie	泔
etmbc	cangjie	頮
etmc	cangjie	淇潢
etmi	cangjie	𣶽
etmj	cangjie	澕
etmr	cangjie	渮
etmv	cangjie	湛
etmw	cangjie	𣺋
etnk	cangjie	𣿮
etnu	cangjie	𣸱
etoe	cangjie	濩
etog	cangjie	灘
etor	cangjie	溚濸
etov	cangjie	瀁
etpd	cangjie	㵩
etpp	cangjie	濍
etq	cangjie	洋
etqm	cangjie	溠
etrg	cangjie	灌
etse	cangjie	𣿯
etst	cangjie	灆
ett	cangjie	汫洴
ettb	cangjie	溝
ettc	cangjie	湴𣾁
ettu	cangjie	灔
etub	cangjie	溯
etvd	cangjie	𤂋
etvi	cangjie	滋
etvp	cangjie	濨
etw	cangjie	浀渵
etwa	cangjie	漕
etwb	cangjie	澫
etwi	cangjie	澊瀎
etwt	cangjie	澧
etwv	cangjie	濃
etxc	cangjie	溓
etyc	cangjie	𤅖
etyj	cangjie	𤂍
etym	cangjie	淽
etys	cangjie	淓
eu	cangjie	汕
eubb	cangjie	漰
euc	cangjie	鍌鎏
eugk	cangjie	澂
euhj	cangjie	𣺿
eujf	cangjie	漴
eujt	cangjie	灃
euk	cangjie	汹
eumb	cangjie	湍
eumf	cangjie	湠
eumg	cangjie	漄
eumgi	cangjie	瑬
eumi	cangjie	滍
eumt	cangjie	溰
euog	cangjie	漼
euon	cangjie	涔
eutt	cangjie	灩
eutu	cangjie	灧
euu	cangjie	泏
euud	cangjie	𤀻
euuk	cangjie	溦
ev	cangjie	汝
evfb	cangjie	𤁗
evfd	cangjie	灤
evfe	cangjie	𤀼
evfg	cangjie	濰
evfn	cangjie	灣
evfr	cangjie	𤀽
evid	cangjie	濼
evis	cangjie	泑
evne	cangjie	淥
evr	cangjie	洳
evug	cangjie	灉
evvd	cangjie	漅
evvw	cangjie	淄
ew	cangjie	沺畓
ewb	cangjie	渭
ewc	cangjie	泗𣳉
ewd	cangjie	涃淉
ewdq	cangjie	潿
ewe	cangjie	𣲷
ewfq	cangjie	溿
ewg	cangjie	浬
ewgf	cangjie	潶
ewim	cangjie	漍
ewjr	cangjie	涸
ewk	cangjie	洇
ewlb	cangjie	湡
ewli	cangjie	濁
ewlj	cangjie	澤
ewln	cangjie	瀱
ewlo	cangjie	潀𣽁
ewlv	cangjie	澴
ewml	cangjie	淠
ewmo	cangjie	溷
ewmv	cangjie	渨
ewno	cangjie	歠
ewo	cangjie	泅
ewot	cangjie	溫
ewp	cangjie	㴓
ewr	cangjie	洄
ewtc	cangjie	潩
ewtj	cangjie	滭
ewvf	cangjie	漯
ewwg	cangjie	灅
ewww	cangjie	㵽
eyaj	cangjie	淖
eybb	cangjie	渧濄
eybc	cangjie	湞
eybg	cangjie	灕
eybk	cangjie	澈
eybp	cangjie	瀧
eybr	cangjie	𣽊
eybs	cangjie	滂
eybu	cangjie	濬𣿰
eycb	cangjie	滴
eyck	cangjie	洨湙
eycv	cangjie	滚滾
eydk	cangjie	潡
eydl	cangjie	漷澵
eydu	cangjie	瀙
eyed	cangjie	澯
eyem	cangjie	瀣
eyfe	cangjie	淑
eyg	cangjie	注
eygq	cangjie	澾
eyhc	cangjie	濓瀕
eyhm	cangjie	滻
eyhn	cangjie	沆
eyhs	cangjie	汸
eyhv	cangjie	㳖
eyib	cangjie	淯
eyiu	cangjie	流
eyjc	cangjie	灨
eyjj	cangjie	漣
eyk	cangjie	汶
eykl	cangjie	济
eylc	cangjie	洂瀢
eylh	cangjie	涉
eylm	cangjie	沚澁
eymh	cangjie	濊
eymp	cangjie	泚
eymu	cangjie	𤀹
eyoj	cangjie	淬
eyok	cangjie	液
eypd	cangjie	滹
eypk	cangjie	澞
eypo	cangjie	澽
eypp	cangjie	濾
eypt	cangjie	瀘
eypu	cangjie	淲
eyr	cangjie	沾
eyrb	cangjie	滈
eyrd	cangjie	淳
eyrf	cangjie	涼
eyrj	cangjie	滸
eyrn	cangjie	涥渟瀛灜𤅀𤅗
eyro	cangjie	濠
eyru	cangjie	湸𣻼
eyrv	cangjie	瀼
eysd	cangjie	游湤
eyso	cangjie	漩
eysy	cangjie	淤
eyt	cangjie	泣
eyta	cangjie	湆
eytb	cangjie	湇
eytg	cangjie	潼
eytj	cangjie	㳯漳
eyto	cangjie	澻
eytp	cangjie	澺
eytr	cangjie	涪
eytu	cangjie	滝滰
eyub	cangjie	漓
eyuh	cangjie	滮
eyv	cangjie	汒
eyvg	cangjie	澭
eyvi	cangjie	泫
eyvw	cangjie	滀
eywd	cangjie	澟
eywi	cangjie	滷
eywm	cangjie	澶
eywv	cangjie	滖瀤
eyx	cangjie	濟
eyy	cangjie	汴
f	cangjie	火
faa	cangjie	焻
fab	cangjie	焨
fafu	cangjie	熀
fahm	cangjie	煋
faht	cangjie	焺
fahu	cangjie	煝
fam	cangjie	炟
famh	cangjie	煬
famj	cangjie	焊
famo	cangjie	煶
fank	cangjie	燘
fano	cangjie	熌
fanp	cangjie	燜
fanw	cangjie	爛
fanx	cangjie	爓
faph	cangjie	焬
fapp	cangjie	焜
fate	cangjie	爆
fatj	cangjie	爗
fau	cangjie	𤆵
fawe	cangjie	熳
fayf	cangjie	燝
fayi	cangjie	𤋉
fayt	cangjie	煜
fb	cangjie	肖
fbac	cangjie	熐
fbb	cangjie	焩
fbbe	cangjie	燰
fbbr	cangjie	煱
fbcr	cangjie	烱
fbd	cangjie	栄𤊕
fbhaf	cangjie	鶺
fbhn	cangjie	𤆤
fbhx	cangjie	熖
fbjj	cangjie	煇
fbkf	cangjie	燃
fbln	cangjie	削
fbme	cangjie	煖
fbmr	cangjie	烔
fbnd	cangjie	学烰
fbok	cangjie	敝敞
fbou	cangjie	熎
fbr	cangjie	尚炯
fbrbc	cangjie	賞
fbrd	cangjie	棠
fbrg	cangjie	堂
fbrhu	cangjie	党
fbrlb	cangjie	常
fbrmh	cangjie	牚
fbrmn	cangjie	瓽
fbrpa	cangjie	嘗
fbrq	cangjie	掌
fbrtm	cangjie	甞
fbrw	cangjie	當
fbrwf	cangjie	黨
fbryv	cangjie	裳
fbtu	cangjie	焵
fbuu	cangjie	䙺
fbwi	cangjie	爝
fbyh	cangjie	烿
fcb	cangjie	脊
fci	cangjie	炂
fcnh	cangjie	焍
fcor	cangjie	焀
fcwa	cangjie	熷
fd	cangjie	炑米𣏦
fdamg	cangjie	糧
fdau	cangjie	粑
fdbcr	cangjie	𥺂
fdbm	cangjie	粗
fdbmr	cangjie	粡
fdbt	cangjie	粣
fdbuu	cangjie	粯
fdcsh	cangjie	粉
fddam	cangjie	𥻗
fddh	cangjie	爩
fddi	cangjie	籿
fddj	cangjie	粖
fdeii	cangjie	糔
fdfh	cangjie	粆
fdgp	cangjie	𥺃
fdgrr	cangjie	糦
fdha	cangjie	粕
fdhe	cangjie	粄
fdhhj	cangjie	粺
fdhj	cangjie	粁
fdhoa	cangjie	糌
fdhqu	cangjie	粍
fdhuk	cangjie	糗
fdiav	cangjie	粮
fdibi	cangjie	糐
fdig	cangjie	粧
fdigi	cangjie	𥺁
fdiih	cangjie	糝
fdile	cangjie	糠
fdilr	cangjie	糖
fdipp	cangjie	䊌
fdixp	cangjie	麊
fdiyr	cangjie	𥺦
fdj	cangjie	籵
fdjk	cangjie	粀
fdjmf	cangjie	粽
fdjrb	cangjie	糊
fdk	cangjie	炔类
fdm	cangjie	䉺
fdma	cangjie	粨
fdmbb	cangjie	糯
fdmcw	cangjie	粞
fdmlk	cangjie	粳
fdmlm	cangjie	𥺼
fdmq	cangjie	煒
fdmtb	cangjie	糲
fdnd	cangjie	籽
fdng	cangjie	粈
fdnhd	cangjie	糅
fdnii	cangjie	糨
fdniq	cangjie	粦
fdnj	cangjie	籸
fdnl	cangjie	粌
fdnmm	cangjie	糑
fdnob	cangjie	糈
fdogf	cangjie	𥼚
fdok	cangjie	敉
fdomo	cangjie	𥽋
fdon	cangjie	籺
fdonk	cangjie	糇
fdphh	cangjie	粅
fdpp	cangjie	粃
fdqmb	cangjie	精
fdshi	cangjie	籾
fdsit	cangjie	糮
fdsmv	cangjie	粻
fdso	cangjie	粎
fdss	cangjie	粔
fdtak	cangjie	糢
fdtaw	cangjie	糷
fdtbn	cangjie	糋
fdtgf	cangjie	糕
fdthb	cangjie	糒
fdtlk	cangjie	䊔
fdtmc	cangjie	粸
fdtmv	cangjie	糂
fdtvg	cangjie	糚
fdtvi	cangjie	糍
fdtw	cangjie	粬
fdtwa	cangjie	糟
fdu	cangjie	籼
fduce	cangjie	糉糭
fdv	cangjie	籹
fdwd	cangjie	粿
fdwe	cangjie	𥹉
fdwf	cangjie	煉
fdwg	cangjie	粴
fdwji	cangjie	糰
fdwla	cangjie	糬
fdwtc	cangjie	糞
fdy	cangjie	烞
fdyhr	cangjie	糙
fdyj	cangjie	料
fdyoj	cangjie	粹
fdyr	cangjie	粘
fdyt	cangjie	粒
ff	cangjie	炎炏
ffbb	cangjie	膋
ffbbu	cangjie	覮
ffbc	cangjie	鎣
ffbd	cangjie	榮
ffbdd	cangjie	檾
ffbe	cangjie	滎
ffbf	cangjie	熒爣
ffbg	cangjie	塋𤎌
ffbhf	cangjie	鶯
ffbhm	cangjie	𤯵
ffbhq	cangjie	犖
ffbks	cangjie	勞
ffbli	cangjie	螢
ffbmf	cangjie	禜
ffbmg	cangjie	瑩
ffbmn	cangjie	甇
ffbmw	cangjie	醟
ffbnd	cangjie	𡦃
ffbnj	cangjie	煢
ffbou	cangjie	罃
ffbrr	cangjie	營
ffbuu	cangjie	覢
ffbv	cangjie	嫈
ffbvf	cangjie	縈
ffbyr	cangjie	謍
ffbyv	cangjie	褮
ffdq	cangjie	燐
ffe	cangjie	燮
fff	cangjie	焱爕
fffd	cangjie	燊爃𤒇
ffff	cangjie	燚
fffg	cangjie	𤍢
fffi	cangjie	𤑚
fffs	cangjie	𤏪
ffg	cangjie	烾
ffh	cangjie	炒
ffhe	cangjie	夑
ffhni	cangjie	飊
ffjv	cangjie	𡠺
ffln	cangjie	剡
ffmbc	cangjie	纇顃
ffmu	cangjie	𤈛
ffnl	cangjie	郯
ffno	cangjie	欻
ffye	cangjie	敥
ffypu	cangjie	虩
ffyr	cangjie	煔
fg	cangjie	灶
fgce	cangjie	𤊥
fgg	cangjie	烓
fggu	cangjie	燒
fgit	cangjie	熆
fgni	cangjie	燽
fgrr	cangjie	熺𤐵
fh	cangjie	少
fha	cangjie	𤇢
fhag	cangjie	煌
fhbi	cangjie	烐
fhbk	cangjie	燠
fhbt	cangjie	烅
fhbu	cangjie	省
fhd	cangjie	秌
fhdf	cangjie	煍
fhdn	cangjie	熪
fhdw	cangjie	燔
fhej	cangjie	烽
fher	cangjie	烙
fhey	cangjie	炵
fhfd	cangjie	烀
fhge	cangjie	燬
fhgf	cangjie	燻
fhgr	cangjie	焅
fhgu	cangjie	烍
fhgy	cangjie	㸆
fhhw	cangjie	熘
fhje	cangjie	煅
fhjg	cangjie	煄
fhkb	cangjie	燆
fhks	cangjie	劣
fhlo	cangjie	焮
fhml	cangjie	炘
fhon	cangjie	烆
fhp	cangjie	灹
fhpa	cangjie	焝
fhrj	cangjie	㷆
fhs	cangjie	炸
fhsb	cangjie	煸
fhsf	cangjie	𤑛
fhsm	cangjie	煽
fhsu	cangjie	熩
fhuc	cangjie	𤓎
fhup	cangjie	熄
fhwp	cangjie	熜
fhxu	cangjie	𤊓
fiav	cangjie	烺
fice	cangjie	焌
fihr	cangjie	煘
fiib	cangjie	𤎜
fijb	cangjie	烳
fikk	cangjie	炦
file	cangjie	𤎖
filii	cangjie	蠽
filr	cangjie	煻
fipf	cangjie	爊
fipm	cangjie	烒
fis	cangjie	炉
fitc	cangjie	燫爌
fixp	cangjie	熝
fjbd	cangjie	㶿
fjbj	cangjie	煵
fjcm	cangjie	焢
fjcr	cangjie	熔
fjhp	cangjie	烢
fjkf	cangjie	爎
fjks	cangjie	烤
fjmm	cangjie	煊
fjmu	cangjie	烷
fjnu	cangjie	焥
fjrb	cangjie	煳
fjv	cangjie	𤇼
fjvd	cangjie	炼
fjwj	cangjie	𤉖
fk	cangjie	尖
fkb	cangjie	烠
fkbu	cangjie	瞥
fkcf	cangjie	燎
fkf	cangjie	尜
fkgg	cangjie	煃
fkhaf	cangjie	鷩
fkhqu	cangjie	氅
fkik	cangjie	獘
fkkb	cangjie	烯𤉶
fklb	cangjie	幣
fklmi	cangjie	蟞
fkmbc	cangjie	類
fkmnp	cangjie	斃
fkn	cangjie	彆
fknwf	cangjie	鱉
fkp	cangjie	憋
fkrau	cangjie	鄨
fkrxu	cangjie	鼈
fkryo	cangjie	蹩
fksb	cangjie	熁
fksc	cangjie	燲
fkt	cangjie	弊
fkv	cangjie	嫳
flbk	cangjie	炴
flii	cangjie	爞
flln	cangjie	炥
flmo	cangjie	烑
flmt	cangjie	燼
flwv	cangjie	熡
flx	cangjie	熽
fm	cangjie	灴
fmam	cangjie	烜
fmbb	cangjie	燸
fmbc	cangjie	煩
fmbm	cangjie	爧
fmc	cangjie	兴
fmdm	cangjie	爏
fmf	cangjie	炋
fmhf	cangjie	㷧
fmj	cangjie	㶥
fmmr	cangjie	焐
fmn	cangjie	灯
fmnr	cangjie	炣
fmob	cangjie	炳
fmr	cangjie	炻
fmrw	cangjie	煏
fmso	cangjie	烼
fmu	cangjie	光
fmua	cangjie	熸
fmvm	cangjie	烴
fmwf	cangjie	熛
fmwg	cangjie	煙
fmwj	cangjie	燂
fmym	cangjie	炡
fnbk	cangjie	煥
fng	cangjie	炄
fnhb	cangjie	燏
fnhd	cangjie	煣
fnhe	cangjie	𤆣
fnhx	cangjie	焰
fnin	cangjie	㶴
fnkg	cangjie	烶
fnkm	cangjie	烻
fnkq	cangjie	煡
fno	cangjie	炊
fnot	cangjie	燈
fnq	cangjie	揱
fnqd	cangjie	𤌴
fnvif	cangjie	𦂗
fo	cangjie	尐
fobg	cangjie	𤌍
fod	cangjie	烌
fog	cangjie	焳雀
fogf	cangjie	燋
foii	cangjie	炩
foip	cangjie	焾
foir	cangjie	焓熗
foma	cangjie	燴
fomb	cangjie	㷍爚
fomg	cangjie	烇
fomr	cangjie	烚
fond	cangjie	熂
fopd	cangjie	炧
fowy	cangjie	烸
fpd	cangjie	灺
fpi	cangjie	灼
fpim	cangjie	𤆥
fpkp	cangjie	㷓
fpru	cangjie	炮
fptd	cangjie	煠
fpu	cangjie	炖
fpuu	cangjie	煼
fq	cangjie	半
fqbu	cangjie	眷
fqd	cangjie	桊
fqdmq	cangjie	韏
fqe	cangjie	𣳾
fqhe	cangjie	叛
fqhq	cangjie	牶
fqiav	cangjie	飬
fqks	cangjie	劵
fqlb	cangjie	帣
fqln	cangjie	判
fqmbc	cangjie	頖
fqmso	cangjie	豢
fqmvn	cangjie	甐
fqn	cangjie	弮
fqnbg	cangjie	觠
fqnl	cangjie	鄰
fqnwf	cangjie	鮝
fqq	cangjie	拳
fqsh	cangjie	券
fqsmm	cangjie	翷
fqsqf	cangjie	駦
fqsu	cangjie	卷
fqu	cangjie	亃
fqvif	cangjie	絭
fqvv	cangjie	粼
fqvvv	cangjie	𥻘
fqymu	cangjie	齤
frb	cangjie	焆
frbc	cangjie	熉
frc	cangjie	炽
frhu	cangjie	炾
frrd	cangjie	燥
frrj	cangjie	燀
frrr	cangjie	煰
fruc	cangjie	㷷
frye	cangjie	煆
fsd	cangjie	㮡
fseg	cangjie	熞
fsh	cangjie	灱
fshr	cangjie	炤
fsit	cangjie	爁
fsjr	cangjie	𤉸
fskr	cangjie	𤉙
fsma	cangjie	熠
fsmb	cangjie	㷌
fsmg	cangjie	燿
fsmi	cangjie	燖
fsmt	cangjie	熤
fsrr	cangjie	熰
fss	cangjie	炬
fssr	cangjie	焗
fstt	cangjie	𤋊
fsuu	cangjie	煀
fswu	cangjie	爦
fta	cangjie	焟
ftaw	cangjie	爤
ftbf	cangjie	𤐄
ftc	cangjie	烘烡
ftcw	cangjie	煪
ftgi	cangjie	燨
ftgr	cangjie	㷽
ftgs	cangjie	爔
ftja	cangjie	𤏸
ftlf	cangjie	𤒈
ftlj	cangjie	煂
ftlk	cangjie	煐
ftlo	cangjie	熯
ftlx	cangjie	𤑳
ftmc	cangjie	熿𤊄
ftmd	cangjie	煤
ftmj	cangjie	燁
ftmv	cangjie	煁
ftob	cangjie	焫
ftpi	cangjie	烵
ftpo	cangjie	煫
ftq	cangjie	烊
ftqu	cangjie	𤏲
ftrg	cangjie	爟
ftwb	cangjie	燤
ftwi	cangjie	燇
ftwr	cangjie	𤌚
ftwv	cangjie	燶
fu	cangjie	灿
fua	cangjie	𣆤𣆥
fuap	cangjie	熴
fubjj	cangjie	輝
fuhag	cangjie	𤾗
fuhj	cangjie	㷨
fuhuc	cangjie	𧹍
fuks	cangjie	勌
fumb	cangjie	煓
fumt	cangjie	𤍈
fuog	cangjie	熣
fusma	cangjie	𦒉
fusmg	cangjie	耀
futmj	cangjie	㒯
fvid	cangjie	爍
fvis	cangjie	㶭
fvvv	cangjie	爉
fw	cangjie	畑
fwb	cangjie	煟
fwgg	cangjie	爅
fwjc	cangjie	𤎽
fwk	cangjie	烟
fwkp	cangjie	煾
fwl	cangjie	炠
fwlg	cangjie	𤓓
fwli	cangjie	燭
fwlj	cangjie	燡
fwln	cangjie	劏
fwmbc	cangjie	顲
fwmv	cangjie	煨
fwot	cangjie	熅
fwtc	cangjie	熼
fwtj	cangjie	熚𤒹
fyaj	cangjie	焯
fyav	cangjie	煺
fybc	cangjie	𤋺
fybp	cangjie	爖
fycb	cangjie	熵
fyck	cangjie	烄
fydk	cangjie	燉
fyed	cangjie	燦
fyg	cangjie	炷
fygq	cangjie	燵
fyhj	cangjie	熢
fyhn	cangjie	炕
fyia	cangjie	熾
fyib	cangjie	焴
fyj	cangjie	炓
fyk	cangjie	炆
fynb	cangjie	熥
fyoj	cangjie	焠
fyok	cangjie	焲
fypt	cangjie	爐
fyrb	cangjie	熇
fyrd	cangjie	焞
fyro	cangjie	𤐶
fyru	cangjie	煷
fyrv	cangjie	爙
fysg	cangjie	𤍣
fytg	cangjie	燑
fytj	cangjie	𤍤
fyto	cangjie	燧
fytp	cangjie	燱
fytr	cangjie	焙
fyvi	cangjie	炫
fyvo	cangjie	烗
g	cangjie	土
gagi	cangjie	塒
gah	cangjie	声
gahu	cangjie	堳
gam	cangjie	坦
gamh	cangjie	場
gami	cangjie	壜
gamj	cangjie	垾
gamo	cangjie	堤
ganx	cangjie	壛
gaph	cangjie	埸
gapp	cangjie	堒
gapv	cangjie	堨
gasm	cangjie	塌
gav	cangjie	垠
gawe	cangjie	墁
gb	cangjie	冉
gbac	cangjie	塓
gbb	cangjie	堋
gbbr	cangjie	堝
gbcd	cangjie	堔𡑕
gbd	cangjie	埰
gbdi	cangjie	埒
gbhn	cangjie	壳
gbhne	cangjie	觳
gbhu	cangjie	売
gblm	cangjie	壺
gbmc	cangjie	埧
gbmd	cangjie	槖
gbmm	cangjie	壼
gbmo	cangjie	塚塜
gbmr	cangjie	垌
gbmri	cangjie	蠧
gbmt	cangjie	壹
gbnd	cangjie	垺
gbr	cangjie	坰
gbsd	cangjie	埩
gbtu	cangjie	堈
gbuc	cangjie	垻
gby	cangjie	坍
gcbuu	cangjie	覿
gcdhe	cangjie	皾
gcg	cangjie	坴
gcglc	cangjie	赫
gche	cangjie	夌
gcilr	cangjie	赯
gcim	cangjie	塕
gcjka	cangjie	赭
gclmi	cangjie	赨
gcmbc	cangjie	頳
gcnau	cangjie	赩
gcnl	cangjie	郝
gcok	cangjie	赦
gcrxu	cangjie	鼀
gcrye	cangjie	赮
gcsh	cangjie	坋
gcsle	cangjie	赧
gcwa	cangjie	增
gcybc	cangjie	赬
gdhe	cangjie	坡
gdhne	cangjie	榖穀糓
gdi	cangjie	寺
gdk	cangjie	块
gdw	cangjie	埬
gdwf	cangjie	堜
gebu	cangjie	瞽
gec	cangjie	鏧
gee	cangjie	漀
geeii	cangjie	鼜
gef	cangjie	㷫
gefbg	cangjie	鼞
gehda	cangjie	馨
gehey	cangjie	鼕
gehhj	cangjie	鼙
gehkb	cangjie	毊
gehor	cangjie	鼛
geid	cangjie	墚
gelmi	cangjie	螜
gelxl	cangjie	鼘
gemr	cangjie	磬
geoju	cangjie	罄
gep	cangjie	愨慤𢡱
gesj	cangjie	聲
gesmv	cangjie	鼚
geymr	cangjie	謦
geyta	cangjie	韾
gfbuu	cangjie	𧡘
gfbw	cangjie	壋
gfcb	cangjie	塉
gff	cangjie	埮
gfhne	cangjie	縠鷇
gfmu	cangjie	垙
gfno	cangjie	款
gfq	cangjie	坢
gfqu	cangjie	埢
gg	cangjie	圭
ggce	cangjie	堎
ggcw	cangjie	墙
ggdi	cangjie	封
ggff	cangjie	燅
ggg	cangjie	垚𡋣
gggog	cangjie	𡓨
gggu	cangjie	堯墝
gghaf	cangjie	鵱
gghne	cangjie	瑴
ggkni	cangjie	埶
ggln	cangjie	刲
ggni	cangjie	壔
ggnl	cangjie	邽
ggow	cangjie	墻
ggp	cangjie	恚
ggy	cangjie	卦
ghad	cangjie	𡏭
ghag	cangjie	堭
ghbk	cangjie	墺
ghbr	cangjie	垧
ghbu	cangjie	垍
ghdw	cangjie	墦
ghe	cangjie	坂
ghej	cangjie	埄
ghfd	cangjie	垀
ghgf	cangjie	壎
ghgr	cangjie	𡌃
ghhj	cangjie	埤
ghhw	cangjie	塯
ghi	cangjie	塊
ghj	cangjie	圲
ghjg	cangjie	堹
ghjm	cangjie	埵
ghkb	cangjie	墧
ghlmi	cangjie	蟚
ghml	cangjie	圻
ghmr	cangjie	垢
ghmvn	cangjie	甏
ghmy	cangjie	坼
ghnd	cangjie	垛
ghni	cangjie	堸
ghpm	cangjie	坻
ghrf	cangjie	塢
ghrj	cangjie	埠
ghsk	cangjie	墽
ghvp	cangjie	坁
ghxu	cangjie	堄
gi	cangjie	去
giapv	cangjie	朅
giav	cangjie	埌
gibt	cangjie	盍
gibuc	cangjie	贄
gice	cangjie	埈
gid	cangjie	槷
gif	cangjie	熱
gig	cangjie	墊
gihab	cangjie	幫
gihaf	cangjie	鷙
gihq	cangjie	犎
gihr	cangjie	堿
gihs	cangjie	城
gihv	cangjie	㙎
giib	cangjie	㙟
giih	cangjie	墋
gijb	cangjie	埔
gikk	cangjie	坺
giks	cangjie	劫勢
gilb	cangjie	墉
gile	cangjie	𡐓
gili	cangjie	𡌺
gilmi	cangjie	蟄
giln	cangjie	刦
gilr	cangjie	塘
ginl	cangjie	邿𨚫
ginn	cangjie	垿
giok	cangjie	埃
gip	cangjie	慹
giq	cangjie	摯摰
girm	cangjie	域
girxu	cangjie	鼁
gish	cangjie	刧
gishi	cangjie	刼
gisl	cangjie	却
gismm	cangjie	翿
gisqf	cangjie	騺
gitc	cangjie	壙
gitlj	cangjie	鞤
givif	cangjie	縶
gixp	cangjie	塶
giymr	cangjie	謺
gjbc	cangjie	填
gjbj	cangjie	𡎜
gjbm	cangjie	埴
gjcr	cangjie	塎
gjhne	cangjie	轂
gjhp	cangjie	垞
gjhvo	cangjie	瓡
gjii	cangjie	塼
gjjn	cangjie	墘
gjka	cangjie	堵
gjkni	cangjie	執
gjkr	cangjie	𡏾
gjmd	cangjie	㘾
gjmm	cangjie	塇
gjmn	cangjie	坾
gjmo	cangjie	埞
gjmu	cangjie	垸
gjnu	cangjie	埦
gjp	cangjie	坨
gjsle	cangjie	報
gjtc	cangjie	墳
gjv	cangjie	垵
gjwj	cangjie	𡌄
gkbt	cangjie	盩
gkbuc	cangjie	贅
gkc	cangjie	鏊
gkf	cangjie	熬
gkhaf	cangjie	鷔
gkik	cangjie	獒
gkkk	cangjie	塽
gklb	cangjie	㘵
gklmi	cangjie	螫螯
gklu	cangjie	埯
gkmb	cangjie	堶
gkmr	cangjie	埼
gkms	cangjie	垮
gknwf	cangjie	鰲
gkpb	cangjie	墆
gkq	cangjie	摮
gkrxu	cangjie	鼇
gksj	cangjie	聱
gksqf	cangjie	驁
gku	cangjie	嶅
gkymr	cangjie	謷
glbk	cangjie	坱
gle	cangjie	埭
glll	cangjie	圳
glln	cangjie	坲
glmo	cangjie	垗
glnc	cangjie	赤
glq	cangjie	垏
glwl	cangjie	坤
glwv	cangjie	塿
gmam	cangjie	垣
gmbb	cangjie	壖壩
gmbi	cangjie	墵
gmbk	cangjie	堧
gmc	cangjie	鋆
gmd	cangjie	圩
gmdm	cangjie	壢
gmf	cangjie	坏
gmfj	cangjie	坪
gmfm	cangjie	坯
gmgg	cangjie	堐
gmgi	cangjie	𡊩
gmhf	cangjie	塬
gmig	cangjie	垤
gmjk	cangjie	𡑒
gmlk	cangjie	埂
gmlm	cangjie	埡
gmmi	cangjie	坛
gmms	cangjie	圬
gmmu	cangjie	坃
gmn	cangjie	圢
gmnr	cangjie	坷
gmr	cangjie	坧
gmrb	cangjie	塥
gmrw	cangjie	堛
gmso	cangjie	㙇
gmwd	cangjie	塛
gmwf	cangjie	墂
gmwg	cangjie	堙
gmwj	cangjie	墰
gnbg	cangjie	埆
gnhe	cangjie	圾
gnhne	cangjie	彀殼
gnhx	cangjie	埳
gnib	cangjie	埇
gnkm	cangjie	埏
gnmf	cangjie	燾
gnmi	cangjie	壽
gnmu	cangjie	垝
gno	cangjie	坎
gnob	cangjie	壻
gnot	cangjie	墱
gnsd	cangjie	垜
gnui	cangjie	堍
goah	cangjie	塲
goamh	cangjie	䞶
goamj	cangjie	趕
goamo	cangjie	趧
gobm	cangjie	趄
goc	cangjie	趛
godi	cangjie	坿
godk	cangjie	赽
gofb	cangjie	趙
gofbr	cangjie	趟
gofh	cangjie	赻
gog	cangjie	堆
goggu	cangjie	趬
gogr	cangjie	趌
goher	cangjie	䞦
gohjd	cangjie	趎
gohjr	cangjie	趏
gohkb	cangjie	趫
gohnd	cangjie	趓
gohne	cangjie	豰
gohuc	cangjie	趲
goii	cangjie	坽
goik	cangjie	垘
goimo	cangjie	趑
goin	cangjie	坅
goior	cangjie	趦
goip	cangjie	埝
goiv	cangjie	越
gok	cangjie	坆
goks	cangjie	赲
goll	cangjie	圿
golmo	cangjie	趒
golxh	cangjie	趀
gom	cangjie	坵
gomj	cangjie	赶
gomn	cangjie	堬
gomnn	cangjie	趔
gomr	cangjie	垥
gon	cangjie	圪
gonf	cangjie	趂
gonin	cangjie	趍
gonk	cangjie	堠
goog	cangjie	趡
googf	cangjie	趭
goohh	cangjie	趁
gooin	cangjie	赺
goon	cangjie	䞘
gooog	cangjie	趖
gopfd	cangjie	趜
gopim	cangjie	赹
gopuu	cangjie	趨
gord	cangjie	堢
gorrd	cangjie	趮
gort	cangjie	塩
goru	cangjie	起
goshr	cangjie	超
gosje	cangjie	趣
gosmg	cangjie	趯
gosmm	cangjie	趐
gotcw	cangjie	趥
gotmc	cangjie	趪
gou	cangjie	赸
gouu	cangjie	趉
govl	cangjie	赳
gowr	cangjie	嗇
gowtc	cangjie	趩
goy	cangjie	赴
goyaj	cangjie	趠
gp	cangjie	志
gpbuu	cangjie	覟
gpd	cangjie	地
gpi	cangjie	圴
gpim	cangjie	均
gpmm	cangjie	堩
gppa	cangjie	堦
gptd	cangjie	堞
gpu	cangjie	坉
gqhf	cangjie	𡐤
gqjl	cangjie	垹
gqkq	cangjie	埲
gqmb	cangjie	埥
gr	cangjie	吉
grbc	cangjie	塤
grbg	cangjie	臺
grgr	cangjie	喆
grgrr	cangjie	嚞囍
grhaf	cangjie	鴶𪇟
grhg	cangjie	埕
grhne	cangjie	嗀嗀
grhv	cangjie	袁
grks	cangjie	劼
grln	cangjie	㓤
grmbc	cangjie	頡
grmfr	cangjie	嚭
grno	cangjie	欯歖
grp	cangjie	憙
grrj	cangjie	墠
grrk	cangjie	壧
grrs	cangjie	堮
grrv	cangjie	喪
grsj	cangjie	𡎎
grt	cangjie	壴
grtf	cangjie	熹
grtr	cangjie	喜嘉
gru	cangjie	圯
grvp	cangjie	垊
grye	cangjie	敼
gsav	cangjie	堰
gseg	cangjie	𡐖
gsit	cangjie	壏
gsjt	cangjie	壣
gslc	cangjie	㙺
gsmb	cangjie	埽
gsme	cangjie	埐
gsok	cangjie	敖
gsp	cangjie	坭
gstt	cangjie	塀
gsu	cangjie	圮𡉏
gsuu	cangjie	堀
gsyq	cangjie	墀
gtak	cangjie	塻
gtbc	cangjie	㙉
gtco	cangjie	墣
gtcp	cangjie	塨
gtdhe	cangjie	皷
gtdi	cangjie	尌
gtgr	cangjie	墡
gtgt	cangjie	壒
gthf	cangjie	𡓽
gthhh	cangjie	彭
gtiop	cangjie	懿
gtior	cangjie	𡄻
gtiov	cangjie	𡤜
gtj	cangjie	幸
gtje	cangjie	鼓
gtlk	cangjie	𡎘
gtlm	cangjie	墐
gtm	cangjie	坩
gtmv	cangjie	堪
gtnop	cangjie	㦤
gtol	cangjie	𡏆
gtor	cangjie	塔
gtov	cangjie	𡒶
gtq	cangjie	垟
gtss	cangjie	壾
gtt	cangjie	垪
gttc	cangjie	𡌶
gtu	cangjie	亄
gtvs	cangjie	墈
gtwi	cangjie	墫壿
gtwim	cangjie	𧰒
gu	cangjie	圠
gubb	cangjie	塴
gudi	cangjie	𡭄
guggu	cangjie	㚁
guhne	cangjie	瞉
gumbc	cangjie	顤
gumt	cangjie	塏
guog	cangjie	墔
guon	cangjie	埁
gusmm	cangjie	翹
guye	cangjie	𢿣
gvis	cangjie	㘭坳
gw	cangjie	𡊰
gwd	cangjie	堁
gwg	cangjie	埋
gwj	cangjie	毐
gwjr	cangjie	堌
gwlb	cangjie	堣
gwlc	cangjie	賣
gwlj	cangjie	墿
gwlm	cangjie	堽
gwls	cangjie	塄
gwol	cangjie	堺
gwot	cangjie	塭
gwyi	cangjie	坶
gybp	cangjie	壠
gybs	cangjie	塝
gycb	cangjie	墑
gydk	cangjie	墩
gydl	cangjie	墎
gyfe	cangjie	埱
gygq	cangjie	墶
gyhj	cangjie	塳
gyhn	cangjie	坑
gyhs	cangjie	坊
gyib	cangjie	堉
gyk	cangjie	坟
gylc	cangjie	壝
gylh	cangjie	埗
gylm	cangjie	址
gyo	cangjie	走
gyoj	cangjie	埣
gypm	cangjie	墟
gypo	cangjie	壉
gypt	cangjie	壚
gypu	cangjie	㙈
gyr	cangjie	坫
gyrb	cangjie	塙
gyrd	cangjie	埻
gyro	cangjie	壕
gyrv	cangjie	壤
gyt	cangjie	垃
gyta	cangjie	堷
gytg	cangjie	墥
gytj	cangjie	垶墇
gytr	cangjie	培
gytu	cangjie	境
gyuk	cangjie	垴
gyvi	cangjie	𡊨
gyvo	cangjie	垓
gywd	cangjie	壈
gywm	cangjie	壇
gywv	cangjie	壞
h	cangjie	竹
ha	cangjie	白
haapv	cangjie	馤
habwi	cangjie	皭
hae	cangjie	泉
hahaa	cangjie	皛馫
hahaj	cangjie	皞皡
hahdw	cangjie	皤
hahe	cangjie	皈
hahgr	cangjie	皓
hahi	cangjie	魄
hahqi	cangjie	皒
hahsk	cangjie	皦
hahud	cangjie	𤾚
hahuj	cangjie	皥
hahuk	cangjie	𩡗
hahxu	cangjie	𤾆
haikk	cangjie	馛
hail	cangjie	節
haioj	cangjie	皐
haipf	cangjie	皫
haj	cangjie	皁
hajbd	cangjie	馞
hajd	cangjie	𤽜
hajmc	cangjie	馪
hajmu	cangjie	皖
hajnu	cangjie	𤾂
hakj	cangjie	皋
haklu	cangjie	馣
hakmr	cangjie	䭲
halb	cangjie	帛
halmy	cangjie	馡
ham	cangjie	笪
hambi	cangjie	𤿂
hamg	cangjie	皇
hamj	cangjie	筸
hana	cangjie	簡
hank	cangjie	簢
hanw	cangjie	籣
haoae	cangjie	馥
haobg	cangjie	㿥
haoii	cangjie	皊
hap	cangjie	皂
haph	cangjie	馝
hapi	cangjie	的
haqkq	cangjie	䭰
hasp	cangjie	馜
hatif	cangjie	𤾸
hatt	cangjie	皏
hatxc	cangjie	馦
hau	cangjie	癿笆
haumt	cangjie	皚
hauu	cangjie	䭯
havid	cangjie	皪
havt	cangjie	簋
haw	cangjie	畠
hawe	cangjie	𥲑
hawot	cangjie	馧
hayck	cangjie	皎
hayd	cangjie	梟
hayf	cangjie	鳥
haymp	cangjie	皉
hayrb	cangjie	皜
hayu	cangjie	島
hayv	cangjie	裊
hbbm	cangjie	舋
hbbr	cangjie	䈑
hbbuu	cangjie	覺
hbdci	cangjie	𦦵
hbddf	cangjie	爨
hbe	cangjie	澩
hbf	cangjie	燢爂
hbfe	cangjie	籐
hbff	cangjie	𥸎
hbg	cangjie	壆
hbhaf	cangjie	鵳鶣鷮鷽
hbhgr	cangjie	嚳
hbhvf	cangjie	緜
hbk	cangjie	奥奧
hbks	cangjie	筋
hblmp	cangjie	𠤣
hbln	cangjie	制
hbmbc	cangjie	顅
hbmch	cangjie	釁
hbmgi	cangjie	璺
hbmr	cangjie	礐筒
hbms	cangjie	筯
hbmvn	cangjie	甂
hbnbg	cangjie	觷
hbnd	cangjie	學
hbnl	cangjie	鄅
hbnwf	cangjie	鱟
hbok	cangjie	敿
hbq	cangjie	甪
hbr	cangjie	向𠿟
hbsd	cangjie	箏
hbse	cangjie	箙
hbsmm	cangjie	䎗翩
hbt	cangjie	笧血
hbtmc	cangjie	黌
hbu	cangjie	嶨自
hbue	cangjie	籰𥴠
hbuf	cangjie	纂
hbuh	cangjie	篎
hbui	cangjie	篡簒
hbut	cangjie	算
hbuu	cangjie	筧篹
hbuv	cangjie	籑
hbyi	cangjie	舟
hcg	cangjie	𡒊
hchaf	cangjie	鸒
hchg	cangjie	籦
hcii	cangjie	籛
hcjwj	cangjie	轝
hcln	cangjie	劉劗
hcmr	cangjie	礜
hcnl	cangjie	鄮酇
hcno	cangjie	歟
hcp	cangjie	㦛
hcpm	cangjie	𥳾
hcq	cangjie	擧舉
hcv	cangjie	嬃
hcve	cangjie	籙
hcymr	cangjie	譽
hd	cangjie	禾
hda	cangjie	香
hdaiu	cangjie	穊
hdamj	cangjie	稈
hdb	cangjie	策
hdbgb	cangjie	稱
hdbgr	cangjie	稠
hdbhx	cangjie	稻
hdbk	cangjie	𥰡
hdbm	cangjie	租
hdbmp	cangjie	穩
hdbmr	cangjie	秱
hdbn	cangjie	箣
hdbnd	cangjie	稃
hdbof	cangjie	穄
hdbt	cangjie	盉
hdbu	cangjie	箱
hdbwi	cangjie	穱
hdci	cangjie	𥯆
hdcnh	cangjie	稊
hdcru	cangjie	稅
hdcsh	cangjie	秎
hdd	cangjie	箖
hddj	cangjie	秣
hddmq	cangjie	稦
hdf	cangjie	秋
hdfb	cangjie	稍
hdfh	cangjie	秒
hdgce	cangjie	稜
hdgcg	cangjie	稑
hdggu	cangjie	穘
hdgow	cangjie	穡
hdgr	cangjie	秸
hdhaf	cangjie	鴸鷍
hdhah	cangjie	穆
hdhd	cangjie	秝
hdhhj	cangjie	稗
hdhjg	cangjie	種
hdhkb	cangjie	穚
hdhne	cangjie	毇
hdhp	cangjie	秅
hdhpm	cangjie	秪
hdhqo	cangjie	秩
hdhqu	cangjie	秏
hdhsb	cangjie	稨
hdhu	cangjie	禿
hdhvp	cangjie	秖
hdhxc	cangjie	穥
hdi	cangjie	私
hdiav	cangjie	稂
hdice	cangjie	稄
hdihu	cangjie	𥝲
hdiih	cangjie	穇
hdijc	cangjie	秫
hdije	cangjie	𥟇
hdilb	cangjie	𥡲
hdile	cangjie	穅
hdipf	cangjie	穮
hdir	cangjie	秮
hdirm	cangjie	稢
hditc	cangjie	穬
hdiua	cangjie	稽
hdiuu	cangjie	嵇
hdjbc	cangjie	稹
hdjbm	cangjie	稙
hdjcr	cangjie	穃
hdjhp	cangjie	秺
hdjip	cangjie	穗
hdjmf	cangjie	𥟡
hdjmo	cangjie	稼
hdkkb	cangjie	稀
hdl	cangjie	秉种
hdlbk	cangjie	秧
hdlc	cangjie	籟
hdln	cangjie	利剁
hdlo	cangjie	簌
hdlp	cangjie	乘
hdlw	cangjie	秞釉
hdlxh	cangjie	秭
hdm	cangjie	笨
hdmfj	cangjie	秤
hdmfm	cangjie	秠
hdmig	cangjie	秷
hdmj	cangjie	秆
hdmq	cangjie	𥯤
hdmrw	cangjie	稫
hdmvn	cangjie	甈
hdnd	cangjie	季秄
hdnhs	cangjie	秀
hdnin	cangjie	移
hdnl	cangjie	邾鄡
hdnmu	cangjie	臲
hdnob	cangjie	稰
hdnwa	cangjie	穭
hdob	cangjie	䄲
hdoe	cangjie	黍
hdog	cangjie	稚
hdogf	cangjie	穛
hdoii	cangjie	秢
hdoip	cangjie	稔
hdoir	cangjie	䅮
hdok	cangjie	斆
hdomb	cangjie	稐
hdomd	cangjie	稌
hdomr	cangjie	秴
hdoo	cangjie	箂
hdp	cangjie	悉
hdph	cangjie	秘
hdpp	cangjie	秕
hdppa	cangjie	稭𥟠
hdqmc	cangjie	積
hdr	cangjie	和
hdrhg	cangjie	程
hdrhr	cangjie	稆
hdsb	cangjie	篐
hdsmh	cangjie	穋
hdsp	cangjie	秜
hdsqf	cangjie	𥡗
hdss	cangjie	秬
hdsyj	cangjie	稺
hdsyq	cangjie	穉𥣡
hdta	cangjie	稓
hdtcd	cangjie	𥣈
hdtct	cangjie	䅬
hdtmc	cangjie	稘穔
hdtmj	cangjie	䅿
hdtoe	cangjie	穫
hdtwv	cangjie	穠
hdu	cangjie	秈
hduce	cangjie	稯
hdv	cangjie	委
hdvii	cangjie	穖
hdw	cangjie	番
hdwce	cangjie	稷
hdwd	cangjie	稞
hdwhd	cangjie	稛
hdwjr	cangjie	稒
hdwlj	cangjie	釋
hdye	cangjie	斅
hdyhn	cangjie	秔
hdyj	cangjie	科
hdymh	cangjie	穢
hdyrb	cangjie	稿
hdyrd	cangjie	稕
hdyrv	cangjie	穰
hdyta	cangjie	䅧
hdytg	cangjie	穜
hdyto	cangjie	穟
hdyx	cangjie	穧
he	cangjie	反夂
heag	cangjie	篞
heah	cangjie	簜
hebt	cangjie	盤
hec	cangjie	鎜
hed	cangjie	条槃
heg	cangjie	垼
heha	cangjie	箔
hehee	cangjie	灥
hehu	cangjie	箲
hehw	cangjie	籓
heii	cangjie	簿
heir	cangjie	箈
heks	cangjie	务
helb	cangjie	幋
helmi	cangjie	螌
hemr	cangjie	磐
henl	cangjie	鄋
hep	cangjie	慇
hepd	cangjie	筂
heq	cangjie	夅搫
heqj	cangjie	夆
her	cangjie	各
hesu	cangjie	笵
hetc	cangjie	篊
hetlj	cangjie	鞶
hev	cangjie	媻
hevif	cangjie	縏
hew	cangjie	备
hey	cangjie	冬处
heyhv	cangjie	褩
heyli	cangjie	螽
heyr	cangjie	黏
heyub	cangjie	黐
hfaht	cangjie	鵿
hfate	cangjie	鸔
hfb	cangjie	筲
hfbn	cangjie	箾
hfbw	cangjie	簹
hfc	cangjie	鍫
hfd	cangjie	䲷乎釆
hfdk	cangjie	鴃
hfesd	cangjie	𪆫
hffs	cangjie	簩
hfgdi	cangjie	𪀔
hfhaf	cangjie	鶖
hfhn	cangjie	鳧
hfhrb	cangjie	鶳
hfhu	cangjie	箵
hfhxu	cangjie	鶃
hfhyu	cangjie	鷈
hfice	cangjie	鵔
hfjc	cangjie	鴥
hfjp	cangjie	鴕
hfks	cangjie	勳
hflmi	cangjie	蝵
hfmmp	cangjie	𪈳
hfmvn	cangjie	甃
hfn	cangjie	鳦
hfnl	cangjie	鄔
hfno	cangjie	歍
hfog	cangjie	鵻
hfomd	cangjie	鵌
hfp	cangjie	愁
hfq	cangjie	揫
hfsqf	cangjie	鷌
hftgi	cangjie	鸃
hftmc	cangjie	鶀
hftoe	cangjie	鸌
hfv	cangjie	媝
hfydk	cangjie	鷻
hg	cangjie	⺧壬𡈼
hgcr	cangjie	簭
hgdi	cangjie	等
hgea	cangjie	濌
hgf	cangjie	熏
hgfmu	cangjie	皝
hgg	cangjie	筀
hghne	cangjie	毀
hghu	cangjie	先
hgi	cangjie	丟
hgit	cangjie	篕
hgks	cangjie	動
hgmbc	cangjie	顧
hgmvn	cangjie	𤭮
hgni	cangjie	籌
hgnl	cangjie	𨛘
hgpm	cangjie	筠
hgr	cangjie	告
hgrg	cangjie	籉
hgrly	cangjie	靠
hhag	cangjie	篁
hhail	cangjie	卿
hhbuc	cangjie	貿
hhd	cangjie	棃
hhdi	cangjie	射
hhdm	cangjie	躰
hhdn	cangjie	筣簃
hhfbr	cangjie	躺
hhffs	cangjie	軂
hhfh	cangjie	𨈘
hhgr	cangjie	筶
hhgu	cangjie	筅
hhh	cangjie	彡
hhhaf	cangjie	鵹
hhhj	cangjie	箄
hhhnd	cangjie	躲
hhho	cangjie	辵
hhhq	cangjie	犂
hhj	cangjie	卑
hhjm	cangjie	箠
hhjmc	cangjie	軉
hhjr	cangjie	筈
hhk	cangjie	笑
hhkb	cangjie	簥
hhlbu	cangjie	躭
hhlmo	cangjie	䠷
hhlo	cangjie	笊
hhmbc	cangjie	須
hhmdm	cangjie	𨊛
hhmmp	cangjie	𨉼
hhn	cangjie	躬
hhnwf	cangjie	鯬
hhoe	cangjie	黎
hhok	cangjie	䉠
hhol	cangjie	篽
hhon	cangjie	筕
hhoo	cangjie	簁
hhp	cangjie	惣
hhpp	cangjie	𨈚
hhqm	cangjie	笙
hhqu	cangjie	笔
hhrb	cangjie	篩
hhrrj	cangjie	軃
hhs	cangjie	笮
hhsav	cangjie	躽
hhsb	cangjie	篇
hhsl	cangjie	卯
hhslc	cangjie	贕
hhsld	cangjie	孵
hhsle	cangjie	毈
hhsli	cangjie	卵
hhsmv	cangjie	躼
hhsrr	cangjie	軀
hhuc	cangjie	籫
hhvo	cangjie	笟
hhvu	cangjie	篼
hhw	cangjie	留
hhwd	cangjie	躶
hhwgf	cangjie	黧
hhwp	cangjie	篦
hhxc	cangjie	籅
hhyu	cangjie	篪
hi	cangjie	么鬼
hiav	cangjie	筤
hibt	cangjie	簠
hibtv	cangjie	魍
hifb	cangjie	魈
hihaf	cangjie	鵝鵞
hihml	cangjie	鬿
hihq	cangjie	犩
hihr	cangjie	箴
hihs	cangjie	筬
hii	cangjie	箋
hiih	cangjie	篸
hiikk	cangjie	魃
hiipj	cangjie	𩲭
hiirm	cangjie	魊
hiit	cangjie	𥵃
hiiv	cangjie	魆
hijb	cangjie	𥮉
hijd	cangjie	魅
hije	cangjie	鬾
himlb	cangjie	魎
himwf	cangjie	魒
hino	cangjie	乏
hiog	cangjie	魋
hioll	cangjie	魀
hipm	cangjie	𥳁
hir	cangjie	笞
hit	cangjie	笲
hitb	cangjie	𥱊
hitc	cangjie	簾
hitf	cangjie	䉀
hitmc	cangjie	魌
hitwi	cangjie	𩴾
hitxc	cangjie	魐
hivii	cangjie	魕
hixp	cangjie	簏
hiyj	cangjie	魁
hiypm	cangjie	魖
hiyub	cangjie	魑
hj	cangjie	千
hjbc	cangjie	貭
hjbu	cangjie	盾
hjcm	cangjie	箜
hjd	cangjie	朱栞
hjhaf	cangjie	鵯
hjhne	cangjie	段
hjhx	cangjie	臿
hjii	cangjie	篿簙
hjim	cangjie	籖
hjjj	cangjie	簳
hjjo	cangjie	簐
hjjr	cangjie	簵
hjju	cangjie	範
hjka	cangjie	箸
hjln	cangjie	𠜱
hjlo	cangjie	箑
hjlp	cangjie	乖
hjmbc	cangjie	顊
hjmk	cangjie	簆
hjmu	cangjie	筦
hjn	cangjie	𢏗
hjnl	cangjie	郫
hjnu	cangjie	箢
hjr	cangjie	舌
hjrr	cangjie	管
hjsmm	cangjie	翱翺
hjtm	cangjie	垂
hjwg	cangjie	重
hk	cangjie	夭
hka	cangjie	昋
hkapv	cangjie	𦤦
hkcf	cangjie	簝
hkd	cangjie	棨
hke	cangjie	叐
hkhaf	cangjie	鴌鸄
hkk	cangjie	笅
hklmi	cangjie	蚕
hkln	cangjie	刋
hklq	cangjie	肇
hkoo	cangjie	筴
hkp	cangjie	忝懲
hkr	cangjie	吞
hkrbr	cangjie	喬
hks	cangjie	竻
hksr	cangjie	笳
hku	cangjie	岙嶴
hkvif	cangjie	綮
hkymr	cangjie	譥
hlapv	cangjie	齃
hlbi	cangjie	禹
hlbuc	cangjie	質
hldam	cangjie	齄
hlgbo	cangjie	䶑
hlhdl	cangjie	𥡝
hlhuk	cangjie	齅
hljbv	cangjie	齉
hlkn	cangjie	鼽
hlks	cangjie	劤
hlle	cangjie	齂
hllj	cangjie	簰
hlln	cangjie	劓笰
hlmbc	cangjie	頎
hlmc	cangjie	簣
hlmj	cangjie	鼾
hlmmf	cangjie	禦
hlmo	cangjie	筄
hlmvn	cangjie	齀
hlno	cangjie	欣
hlo	cangjie	爪
hlpr	cangjie	齁
hlq	cangjie	筆
hltwv	cangjie	齈
hlvk	cangjie	籔
hlvvu	cangjie	齆
hlw	cangjie	笛
hlwli	cangjie	斶
hlwv	cangjie	簍
hlx	cangjie	簫
hlxh	cangjie	笫
hlypm	cangjie	齇
hm	cangjie	笁
hmau	cangjie	巵
hmbc	cangjie	篢
hmbg	cangjie	籗
hmbu	cangjie	眚
hmd	cangjie	竽
hmgn	cangjie	箌籈
hmgt	cangjie	筭
hmhaf	cangjie	鴟鷎
hmhml	cangjie	斵
hmhmm	cangjie	㽓
hmhne	cangjie	毁
hmhqm	cangjie	甡
hmj	cangjie	竿
hml	cangjie	斤
hmlk	cangjie	筻
hmlm	cangjie	𥮳
hmm	cangjie	竺
hmmp	cangjie	籭
hmmu	cangjie	笎
hmmvn	cangjie	甀
hmnd	cangjie	築
hmnj	cangjie	筑
hmnl	cangjie	筇邸郵
hmnq	cangjie	篫
hmnr	cangjie	笴
hmoo	cangjie	筮
hmp	cangjie	惩憇
hmr	cangjie	后
hmrg	cangjie	垕
hmsl	cangjie	笻
hmsmb	cangjie	歸
hmsu	cangjie	卮
hmt	cangjie	笄
hmua	cangjie	簪
hmvh	cangjie	笌
hmwd	cangjie	篥
hmwf	cangjie	篻
hmwj	cangjie	簟
hmwks	cangjie	甥
hmy	cangjie	斥
hn	cangjie	⺇⺈几凢𠂊
hnamh	cangjie	颺
hnbmc	cangjie	颶
hnbou	cangjie	䬙
hnbuc	cangjie	𩗗
hnc	cangjie	鋫
hncr	cangjie	簷
hnd	cangjie	朵梨
hndmq	cangjie	颹
hndo	cangjie	箛
hne	cangjie	凤殳
hnef	cangjie	篜
hneii	cangjie	颾
hnff	cangjie	颷
hnfff	cangjie	飈
hnhag	cangjie	凰
hnhe	cangjie	笈
hnhhh	cangjie	颩
hnhhw	cangjie	飀
hnhjr	cangjie	颳
hnhli	cangjie	風
hnhq	cangjie	犁
hnhxe	cangjie	颼
hni	cangjie	凡
hnib	cangjie	筩
hnikk	cangjie	飇
hnir	cangjie	颱
hnk	cangjie	风𠘰
hnkcf	cangjie	飉
hnkg	cangjie	筳
hnkm	cangjie	筵
hnld	cangjie	篨𥱥
hnlh	cangjie	第
hnmaf	cangjie	鳳
hnmgh	cangjie	飋
hnmm	cangjie	篛
hnmni	cangjie	夙
hnmnn	cangjie	颲
hnmvh	cangjie	颬
hnmwf	cangjie	飃
hnoe	cangjie	㴝
hnono	cangjie	颴
hnot	cangjie	簦
hnp	cangjie	愆
hnpru	cangjie	颮
hnq	cangjie	掣
hnqkq	cangjie	𩗴
hnrms	cangjie	𩖸
hnryo	cangjie	躗
hnshr	cangjie	䫿
hnsmh	cangjie	飂
hnu	cangjie	𩖞
hnwp	cangjie	颸
hnyhv	cangjie	製
hnyk	cangjie	𩖰
hnymr	cangjie	讆
hnyr	cangjie	颭
ho	cangjie	八彳
hoa	cangjie	昝
hoahu	cangjie	𢔰
hoami	cangjie	得
hoamo	cangjie	徥
hoau	cangjie	爬
hoaue	cangjie	忁
hoav	cangjie	很
hobc	cangjie	籲
hobg	cangjie	篧
hobgn	cangjie	衢
hobgr	cangjie	徟
hobm	cangjie	徂
hobou	cangjie	徭
hobrn	cangjie	衕
hobvk	cangjie	徯
hoci	cangjie	彸
hocmn	cangjie	銜
hodbn	cangjie	衞
hodhe	cangjie	彼
hodi	cangjie	符
hodmq	cangjie	徫
hodoo	cangjie	徠
hodqn	cangjie	衛
hoemn	cangjie	衍
hof	cangjie	熧
hofbk	cangjie	徶
hofbr	cangjie	徜
hogdi	cangjie	待
hoggn	cangjie	街
hoggu	cangjie	徺
hogtj	cangjie	𢔛
hogyo	cangjie	徒
hohaf	cangjie	鴔鴩
hohag	cangjie	徨
hohgn	cangjie	衝
hohju	cangjie	循
hohkn	cangjie	𧗤
hohne	cangjie	役
hohpm	cangjie	彽
hohqm	cangjie	徃
hohqo	cangjie	瓞
hohs	cangjie	筰
hohsk	cangjie	徼
hoi	cangjie	筏
hoib	cangjie	籂
hoice	cangjie	𢓭
hoicn	cangjie	術
hoii	cangjie	笭
hoim	cangjie	籤
hoimn	cangjie	𧗠
hoin	cangjie	笒
hoip	cangjie	笩
hoisb	cangjie	徧
hojcn	cangjie	衠
hojmf	cangjie	徖
hojrn	cangjie	衚
hojwp	cangjie	德
hokmr	cangjie	徛
hoks	cangjie	劮
hold	cangjie	篠
holii	cangjie	瓥
holk	cangjie	筱
holln	cangjie	彿
holmy	cangjie	徘
holn	cangjie	𠠬
holq	cangjie	律
holy	cangjie	𥮴
homb	cangjie	籥
homcw	cangjie	徆
homd	cangjie	筡
homg	cangjie	筌
homjn	cangjie	衎
homk	cangjie	箯
hommn	cangjie	行
homnf	cangjie	鴴
homo	cangjie	簽
homr	cangjie	答
homrn	cangjie	衙
homun	cangjie	衏
homvm	cangjie	徑
homwf	cangjie	徱
homym	cangjie	征
honfn	cangjie	𢖍
honhe	cangjie	彶
honk	cangjie	篌
honkn	cangjie	衡𧗽𧗾
honkq	cangjie	徤
hooae	cangjie	復
hooii	cangjie	彾
hooma	cangjie	徻
hoomd	cangjie	徐
hooml	cangjie	御
hoooo	cangjie	從
hop	cangjie	怣慫𢜛
hopa	cangjie	徇
hopi	cangjie	彴瓝
hopru	cangjie	爮瓟
hopsh	cangjie	彻
hoqb	cangjie	篟
hoqkq	cangjie	𢔓
hor	cangjie	咎
horye	cangjie	徦
hosj	cangjie	聳
hosyq	cangjie	徲
hotcn	cangjie	衖
hotq	cangjie	徉
houfk	cangjie	徽鰴黴
houfn	cangjie	䘗
hougk	cangjie	徵
hourk	cangjie	徾
houuk	cangjie	微
hovie	cangjie	後
howr	cangjie	徊
hoybk	cangjie	徹
hoybp	cangjie	徿
hoybs	cangjie	徬
hoyck	cangjie	㼎
hoyg	cangjie	往
hoyhs	cangjie	彷
hoyin	cangjie	衒
hoyj	cangjie	斞
hoylo	cangjie	徙
hoynn	cangjie	䘕
hoyrv	cangjie	忀
hoytj	cangjie	𢕔
hp	cangjie	乇
hpa	cangjie	昏筍
hpd	cangjie	竾
hpdk	cangjie	筷
hphaf	cangjie	鵖
hphh	cangjie	笏
hpi	cangjie	𥫩
hpim	cangjie	笉
hplb	cangjie	帋
hpln	cangjie	剩
hpm	cangjie	氐
hpmvu	cangjie	旣
hpnl	cangjie	鄎
hpp	cangjie	笓
hpr	cangjie	笱
hpru	cangjie	笣
hpsl	cangjie	印卽
hpt	cangjie	笹
hpuu	cangjie	篘
hq	cangjie	牛牜
hqate	cangjie	犦
hqau	cangjie	筢
hqawe	cangjie	𤛔
hqbmc	cangjie	犋
hqbtu	cangjie	犅
hqbu	cangjie	看
hqbuk	cangjie	犑
hqby	cangjie	𤘪
hqda	cangjie	籍
hqfqu	cangjie	犈
hqg	cangjie	牡
hqgdi	cangjie	特
hqgwc	cangjie	犢
hqhdj	cangjie	犐
hqhgr	cangjie	牿
hqhj	cangjie	篺
hqhkb	cangjie	犞
hqhpm	cangjie	牴
hqhq	cangjie	牪
hqhqm	cangjie	牲
hqhqq	cangjie	犇
hqhqu	cangjie	牦
hqhw	cangjie	籀
hqi	cangjie	我
hqipf	cangjie	犥
hqisb	cangjie	犏
hqiuh	cangjie	牻
hqjbd	cangjie	㹀
hqjbm	cangjie	犆
hqjm	cangjie	篲
hqjmm	cangjie	𤚗
hqjnd	cangjie	牸
hqjqr	cangjie	犗
hqjr	cangjie	牯
hqjru	cangjie	𤙥
hqkmr	cangjie	犄
hqks	cangjie	牞
hqlw	cangjie	牰
hqlxh	cangjie	牬
hqm	cangjie	生
hqmb	cangjie	箐
hqmc	cangjie	簀
hqmmr	cangjie	牾
hqmqj	cangjie	拜
hqmtb	cangjie	犡
hqmvm	cangjie	牼
hqnbg	cangjie	觕
hqnkq	cangjie	犍
hqo	cangjie	失
hqok	cangjie	牧
hqomg	cangjie	牷
hqond	cangjie	犔
hqp	cangjie	牝
hqpd	cangjie	牠
hqphh	cangjie	物
hqpuu	cangjie	犓
hqr	cangjie	筘𤘘
hqrye	cangjie	犌
hqsb	cangjie	箍
hqshi	cangjie	牣
hqta	cangjie	簎
hqtb	cangjie	簼
hqtce	cangjie	犪
hqtgs	cangjie	犧
hqthb	cangjie	犕
hqtm	cangjie	箝
hqu	cangjie	毛
hqvvv	cangjie	犣
hqwj	cangjie	籜
hqwlp	cangjie	犤
hqwyi	cangjie	牳
hqyaj	cangjie	𤙴
hqybp	cangjie	𤜆
hqyrb	cangjie	犒
hqyrd	cangjie	犉
hqytg	cangjie	犝
hrbc	cangjie	篔
hrdlc	cangjie	𦧺
hrff	cangjie	舕
hrgb	cangjie	舑
hrhaf	cangjie	鴭鴰鵅鵠
hrhkp	cangjie	舔
hrhr	cangjie	筥
hrhvp	cangjie	舐
hrj	cangjie	阜
hrks	cangjie	勂
hrlb	cangjie	帥
hrlmi	cangjie	蛗
hrln	cangjie	刮劄
hrlr	cangjie	𨸏
hrmbc	cangjie	頟頧
hrmlb	cangjie	師
hrmr	cangjie	簬
hrncr	cangjie	舚
hrnl	cangjie	郈郜
hrog	cangjie	雒
hrok	cangjie	啟
hrrj	cangjie	簞
hrtm	cangjie	甜
hru	cangjie	峊
hruc	cangjie	簨
hrvp	cangjie	笢
hrwvf	cangjie	𦧲
hryf	cangjie	烏
hs	cangjie	乍戶
hsb	cangjie	肩
hsbr	cangjie	扃
hsbt	cangjie	扁
hsff	cangjie	扊
hsfi	cangjie	𥳀
hshaf	cangjie	𩿞
hshml	cangjie	所
hshne	cangjie	殷𣪧
hshr	cangjie	笤
hshu	cangjie	𠒎
hsik	cangjie	戾
hsit	cangjie	籃
hsj	cangjie	䇯
hsk	cangjie	笋
hsko	cangjie	篋
hskr	cangjie	䇹
hslc	cangjie	籄
hslmy	cangjie	扉
hsly	cangjie	篚
hsmb	cangjie	箒
hsmbl	cangjie	𥤃
hsmg	cangjie	筐籊
hsmr	cangjie	笥
hsog	cangjie	雇
hsok	cangjie	敫
hsp	cangjie	怎
hsqf	cangjie	篤
hsr	cangjie	笸
hsrau	cangjie	扈
hsru	cangjie	戺
hssmm	cangjie	扇
hsyhs	cangjie	房
hsyhv	cangjie	扆
hsyj	cangjie	戽
hsyr	cangjie	扂
hsyu	cangjie	𡷊
ht	cangjie	升
htbn	cangjie	箭
htce	cangjie	簸
htcg	cangjie	簊
htcl	cangjie	簛
hte	cangjie	𣲛
htfq	cangjie	衅
htg	cangjie	𡉼
hthaf	cangjie	鷑
htjs	cangjie	簕
htkr	cangjie	箬
htmc	cangjie	箕簧
htmf	cangjie	衃
htmo	cangjie	篏
htng	cangjie	衄
htnl	cangjie	䘏
htoho	cangjie	衆
htshi	cangjie	衂
htsj	cangjie	衈
htsl	cangjie	卹
httb	cangjie	篝
httwi	cangjie	衊
hubuc	cangjie	贊
hud	cangjie	臬
hudm	cangjie	𦤎
huf	cangjie	毜熈𤆬
huff	cangjie	毯
huhaf	cangjie	鵚鶂鶞鷉
huhgu	cangjie	兟毨
huhon	cangjie	𠒣
huhuu	cangjie	毳
huihq	cangjie	毪
huij	cangjie	毧
huije	cangjie	毬
huik	cangjie	臭
huikk	cangjie	瞂
huioj	cangjie	臯
hukq	cangjie	𦤑
hulmc	cangjie	穨
huln	cangjie	𠜎
humbc	cangjie	頹
humcw	cangjie	毢
hummu	cangjie	𠒑
hunkq	cangjie	毽
hunl	cangjie	郋郳𠒒
huno	cangjie	歋
hunwa	cangjie	氌
huomn	cangjie	毺
huooo	cangjie	臮
hup	cangjie	息憩
hupru	cangjie	𣭚
hutak	cangjie	氁
hutca	cangjie	氆
huu	cangjie	嵆
huwml	cangjie	鼻
huwp	cangjie	毸
huyj	cangjie	𣁽
huyr	cangjie	毡
huytj	cangjie	辠
huytr	cangjie	毰
hv	cangjie	𧘇
hvajv	cangjie	鼹
hvbjj	cangjie	鼲
hvbu	cangjie	覣
hvbuc	cangjie	鼰
hvbuk	cangjie	鼳
hvbuu	cangjie	覛
hvbvk	cangjie	鼷
hvcsh	cangjie	鼢
hve	cangjie	笯
hvfi	cangjie	箹
hvgdi	cangjie	鼭
hvhey	cangjie	鼨
hvhi	cangjie	魏
hvhqm	cangjie	鼪
hvhu	cangjie	兜
hvhyu	cangjie	鼶
hvif	cangjie	系
hvik	cangjie	鼣
hvikk	cangjie	鼥
hvil	cangjie	籪
hvio	cangjie	瓜
hvjck	cangjie	鼵
hvjp	cangjie	鼧
hvlw	cangjie	鼬
hvmmr	cangjie	鼯
hvmr	cangjie	鼫
hvmvn	cangjie	瓾
hvnkg	cangjie	鼮
hvno	cangjie	篆
hvp	cangjie	氏
hvpr	cangjie	鼩
hvqmb	cangjie	鼱
hvr	cangjie	筎
hvsav	cangjie	鼴
hvshr	cangjie	鼦
hvsl	cangjie	卬
hvsm	cangjie	鸟
hvtxc	cangjie	鼸
hvyk	cangjie	鼤
hwe	cangjie	笝
hwgti	cangjie	睾
hwhaf	cangjie	鶹鷭
hwhd	cangjie	箘
hwhu	cangjie	𠒇
hwim	cangjie	簂
hwjr	cangjie	箇
hwk	cangjie	囟筃
hwkk	cangjie	囪
hwks	cangjie	勫
hwl	cangjie	笚
hwlg	cangjie	籮
hwli	cangjie	篾
hwml	cangjie	箅
hwmvs	cangjie	粵
hwnk	cangjie	囱
hwnl	cangjie	鄱
hwnoo	cangjie	飜
hwp	cangjie	悤𥯨
hwsmm	cangjie	翻
hwtj	cangjie	篳
hwww	cangjie	䉪
hx	cangjie	臼𦥑
hxbc	cangjie	興
hxbt	cangjie	盥
hxh	cangjie	身
hxhu	cangjie	兒
hxjc	cangjie	輿
hxlb	cangjie	帠
hxle	cangjie	叟
hxno	cangjie	歃
hxo	cangjie	臾
hxt	cangjie	舁
hxu	cangjie	龜
hxvyv	cangjie	鼠
hxwks	cangjie	舅
hxyc	cangjie	與
hxyf	cangjie	舄
hyabu	cangjie	艒
hyau	cangjie	舥
hybb	cangjie	簻𥰆
hybg	cangjie	籬
hybmr	cangjie	𦨴
hybnd	cangjie	艀
hybp	cangjie	籠
hybs	cangjie	篣
hybuu	cangjie	䚀
hyci	cangjie	舩
hyck	cangjie	筊
hycr	cangjie	船
hydhe	cangjie	㿭𦨭
hydoo	cangjie	𦩑
hyfb	cangjie	艄
hyfbw	cangjie	艡
hygow	cangjie	艢
hyha	cangjie	舶
hyhaf	cangjie	鵃
hyhag	cangjie	艎
hyhe	cangjie	舨
hyhej	cangjie	艂
hyheq	cangjie	舽
hyhj	cangjie	篷
hyhlo	cangjie	艞
hyhm	cangjie	簅
hyhn	cangjie	笐
hyhne	cangjie	般
hyhni	cangjie	䑺
hyhr	cangjie	簉
hyhs	cangjie	籩舴
hyhsb	cangjie	艑
hyhxe	cangjie	艘
hyite	cangjie	艔
hyjp	cangjie	舵
hyki	cangjie	舦
hykms	cangjie	舿
hykpb	cangjie	艜
hyl	cangjie	舯
hylm	cangjie	䇛
hylw	cangjie	舳
hylwv	cangjie	艛
hym	cangjie	舡
hymcw	cangjie	舾
hymlm	cangjie	𦩒
hymnr	cangjie	舸
hymo	cangjie	篴
hyndt	cangjie	艋
hynkg	cangjie	艇
hynri	cangjie	艬
hyoge	cangjie	艭
hyoii	cangjie	舲
hyoip	cangjie	𦨮
hyoir	cangjie	艙
hyoj	cangjie	箤
hyomd	cangjie	艅
hyono	cangjie	𦩂
hypp	cangjie	舭
hypt	cangjie	籚
hyptd	cangjie	艓
hypu	cangjie	箎虒
hyr	cangjie	笘
hyrb	cangjie	篙
hyrji	cangjie	艥
hyrl	cangjie	篰
hyrn	cangjie	籝籯
hyro	cangjie	籇
hysd	cangjie	箷
hysh	cangjie	舠
hyshu	cangjie	艉
hysit	cangjie	艦
hysk	cangjie	簇
hysm	cangjie	𥰁
hysy	cangjie	箊
hyt	cangjie	笠
hytbo	cangjie	艨
hytc	cangjie	舼
hytct	cangjie	艗
hytgi	cangjie	艤
hythu	cangjie	艏
hytj	cangjie	𥭴
hytqm	cangjie	艖
hytwa	cangjie	艚
hyu	cangjie	舢
hyub	cangjie	篱
hyuce	cangjie	艐
hyv	cangjie	笀
hywl	cangjie	舺
hywv	cangjie	簑
hyybs	cangjie	艕
hyyhn	cangjie	航
hyyhs	cangjie	舫
hyyo	cangjie	籧
hyyps	cangjie	艣
hyypt	cangjie	艫
hyytg	cangjie	艟
hyyvi	cangjie	舷
hyyx	cangjie	艩
i	cangjie	戈
iaie	cangjie	廄
iaiu	cangjie	廐
iav	cangjie	良
ib	cangjie	禸
ibcn	cangjie	廁
ibcv	cangjie	廮
ibd	cangjie	㮾
ibdi	cangjie	尃
ibg	cangjie	塱
ibhaf	cangjie	鵏鷛
ibhhh	cangjie	㣑
ibnl	cangjie	郙鄘
ibpp	cangjie	能
ibuc	cangjie	貟
icff	cangjie	𤒼
ichaf	cangjie	𪇵
icnl	cangjie	鄺
icno	cangjie	廞
icp	cangjie	怷
id	cangjie	床
idbbr	cangjie	𪎩
idbu	cangjie	廂
idf	cangjie	𤇍
idfd	cangjie	糜
idg	cangjie	塺
idhd	cangjie	穈
idhda	cangjie	黁
idhi	cangjie	魔麽
idhq	cangjie	犘
idhqu	cangjie	麾
idjtc	cangjie	黂
idlmy	cangjie	靡
idlyf	cangjie	爢
idmr	cangjie	磨
idoo	cangjie	庲
idq	cangjie	摩
idrhr	cangjie	麿
idsje	cangjie	黀
idvi	cangjie	麼
idvif	cangjie	縻
ie	cangjie	氷
iea	cangjie	昶
iebt	cangjie	盚
iedhe	cangjie	皴
iehhh	cangjie	𢒋
ieln	cangjie	剫
ienau	cangjie	𠬍
ieok	cangjie	救
ieyhv	cangjie	裘
if	cangjie	⺬礻
ifam	cangjie	𥘵
ifamh	cangjie	禓
ifamo	cangjie	禔
ifasm	cangjie	禢
ifbbr	cangjie	禍
ifbgr	cangjie	禂
ifbhu	cangjie	视
ifbjj	cangjie	禈
ifbk	cangjie	廠
ifbm	cangjie	祖
ifbme	cangjie	禐
ifbuu	cangjie	視
ifcru	cangjie	祱
ifdmq	cangjie	禕
iffkc	cangjie	禷
iffmu	cangjie	𥙑
ifg	cangjie	社
ifgce	cangjie	祾
ifgi	cangjie	祛
ifgni	cangjie	禱
ifgrc	cangjie	𥜝
ifgrr	cangjie	禧
ifhaf	cangjie	鷓
ifhgr	cangjie	祰
ifhhj	cangjie	禆
ifhjd	cangjie	祩
ifhk	cangjie	祅
ifhml	cangjie	祈
ifhn	cangjie	凴
ifhne	cangjie	祋
ifhpm	cangjie	祗
ifhqi	cangjie	䄉
ifhqo	cangjie	祑
ifhs	cangjie	祚
ifhuc	cangjie	禶
ifhvp	cangjie	祇
ifhyu	cangjie	禠
ifikk	cangjie	祓
ifilr	cangjie	禟
ifit	cangjie	祴
ifjbc	cangjie	禛
ifjbm	cangjie	禃
ifjd	cangjie	祙
ifjka	cangjie	禇
ifjr	cangjie	祜
ifkmr	cangjie	䄎
ifkpb	cangjie	𥛣
ifkr	cangjie	祐
ifl	cangjie	祌
iflbk	cangjie	䄃
iflmo	cangjie	祧
iflpb	cangjie	禙
iflpc	cangjie	𥜥
iflwl	cangjie	神
ifmbc	cangjie	顣
ifmfb	cangjie	禰
ifmk	cangjie	祆
ifmmv	cangjie	祳
ifmr	cangjie	祏
ifmrw	cangjie	福
ifmtb	cangjie	禲
ifmwg	cangjie	禋
ifmwj	cangjie	禫
ifnf	cangjie	祢
ifnhs	cangjie	礽
ifnl	cangjie	祁鄬
ifnmu	cangjie	祪
ifodi	cangjie	祔
ifohv	cangjie	祣
ifoll	cangjie	祄
ifoma	cangjie	禬
ifomb	cangjie	禴
ifomr	cangjie	祫
ifp	cangjie	慼憑
ifpd	cangjie	祂
ifph	cangjie	祕
ifpi	cangjie	礿
ifpou	cangjie	祹
ifqhk	cangjie	禊
ifrhu	cangjie	祝
ifrrj	cangjie	禪
ifru	cangjie	祀
ifryo	cangjie	蹙
ifshr	cangjie	祒
ifsme	cangjie	祲
ifsmm	cangjie	祤
ifsmr	cangjie	祠
ifsqf	cangjie	禡
iftcg	cangjie	禥
iftgf	cangjie	禚
iftgr	cangjie	𥛶
iftmc	cangjie	祺
iftmd	cangjie	禖
iftq	cangjie	祥
iftwt	cangjie	禮
ifu	cangjie	礼
ifvii	cangjie	禨
ifvne	cangjie	祿
ifvno	cangjie	禒
ifwce	cangjie	禝
ifwd	cangjie	祼
ifwg	cangjie	𥚃
ifwk	cangjie	䄄
ifwlb	cangjie	禑
ifwlm	cangjie	禤
ifwp	cangjie	禗
ifwtc	cangjie	禩
ifybb	cangjie	禘
ifybc	cangjie	禎
ifyhs	cangjie	祊
ifylm	cangjie	祉
ifyoj	cangjie	祽
ifyrv	cangjie	禳
ifyto	cangjie	禭
ig	cangjie	庄
igb	cangjie	膺
igce	cangjie	庱
igdi	cangjie	庤
ighaf	cangjie	鷹
igit	cangjie	廅
igow	cangjie	廧
igp	cangjie	應
igsk	cangjie	廒
igti	cangjie	廚
igyhv	cangjie	装
ih	cangjie	戊
ihaf	cangjie	𩾷
ihhi	cangjie	螷蠯
ihhj	cangjie	庳
ihhqu	cangjie	毿
ihhw	cangjie	廇
ihi	cangjie	廆戍
ihln	cangjie	剼
ihm	cangjie	戌
ihmf	cangjie	烕
ihml	cangjie	庍
ihmr	cangjie	咸
ihmv	cangjie	威
ihpm	cangjie	底
ihq	cangjie	牟
ihs	cangjie	成
ihsh	cangjie	𢦓
ihu	cangjie	允
ihxe	cangjie	廋
ihxo	cangjie	庾
ihymf	cangjie	戚
ii	cangjie	広戔
iib	cangjie	朗
iibt	cangjie	盞
iiif	cangjie	絫
iiih	cangjie	參
iiil	cangjie	廊
iiip	cangjie	叅
iiln	cangjie	剆剗
iinl	cangjie	郎
iino	cangjie	欴
iiobo	cangjie	腐
iiuh	cangjie	庬
iixp	cangjie	廘
ij	cangjie	戎
ijb	cangjie	甫
ijc	cangjie	朮
ijcc	cangjie	麻
ije	cangjie	庋求
ijjb	cangjie	廟
ijkd	cangjie	庨
ijwj	cangjie	庫
ik	cangjie	义庆犬
ikbuc	cangjie	貵
ikd	cangjie	𣘼
ikhhh	cangjie	参
ikhni	cangjie	飆
ikikk	cangjie	猋
ikjwj	cangjie	軬
ikk	cangjie	犮
iklq	cangjie	𦘦
iklu	cangjie	庵
ikmg	cangjie	𤨣
ikmmm	cangjie	叁
iknf	cangjie	為
ikno	cangjie	欸
ikp	cangjie	慦龙
ikpb	cangjie	廗
ikr	cangjie	啓
ikrm	cangjie	彧
iku	cangjie	尤
ikw	cangjie	畚
ikye	cangjie	㪐
ilb	cangjie	庸
ile	cangjie	康
ilg	cangjie	𡏅
ilil	cangjie	州
ilmo	cangjie	庣
iln	cangjie	划
ilo	cangjie	庚
ilob	cangjie	𢉼
iloc	cangjie	賡
ilr	cangjie	唐
ils	cangjie	门
ilwv	cangjie	廔
im	cangjie	冫
imbgr	cangjie	凋
imbsd	cangjie	凈
imc	cangjie	凎
imcw	cangjie	庮
imdci	cangjie	凇
imdk	cangjie	决
imdw	cangjie	凍
ime	cangjie	冰
imfq	cangjie	冸
imgce	cangjie	凌
imgwc	cangjie	凟
imhgu	cangjie	冼
imice	cangjie	𠗕
imidq	cangjie	𠘚
imig	cangjie	庢
imihr	cangjie	减
imikk	cangjie	冹
imir	cangjie	冶
imjlv	cangjie	凄
iml	cangjie	丬冲
immgi	cangjie	𤦂
immmr	cangjie	𠗐
immnn	cangjie	冽
immp	cangjie	廲
immr	cangjie	㓈
immvh	cangjie	冴
immvm	cangjie	冱𠗊
immwd	cangjie	凓
immwg	cangjie	凐
imnbk	cangjie	𠗫
imndt	cangjie	𠗠
imno	cangjie	次
imnui	cangjie	𠗟
imog	cangjie	准
imoii	cangjie	冷
imoir	cangjie	凔
imoiv	cangjie	飡
imomd	cangjie	凃
imomr	cangjie	冾
imp	cangjie	惑
imphh	cangjie	𠖳
impko	cangjie	凝
imqkk	cangjie	凑
imqmb	cangjie	凊
imrhu	cangjie	况
imsll	cangjie	臧
imsqf	cangjie	馮
imsuf	cangjie	凞𠘑𠘕
imtcl	cangjie	凘
imue	cangjie	廈
imumt	cangjie	凒
imuog	cangjie	凗
imvh	cangjie	庌
imvid	cangjie	𠘙
imwjr	cangjie	凅
imwk	cangjie	𠗃
imyrf	cangjie	凉
imywd	cangjie	凜
imywf	cangjie	凛
inbq	cangjie	廨
ine	cangjie	永
infq	cangjie	廯
inin	cangjie	序
inkg	cangjie	庭
inli	cangjie	廕
ino	cangjie	之
inoe	cangjie	廢
inv	cangjie	讠
io	cangjie	庂
iobuc	cangjie	資
iod	cangjie	庥栥
iodi	cangjie	府
iofd	cangjie	粢
iog	cangjie	垐
iogr	cangjie	譍
iohaf	cangjie	鶊
iohd	cangjie	秶
ioin	cangjie	庈
iok	cangjie	矣
ioma	cangjie	廥
iomr	cangjie	𢈈
iomvn	cangjie	瓷
ioog	cangjie	座
iooiv	cangjie	餈
iop	cangjie	恣
ior	cangjie	咨
iord	cangjie	楶
iotf	cangjie	廡
iov	cangjie	姿
ip	cangjie	庀弋
ipbm	cangjie	麆
ipbuc	cangjie	貣
ipc	cangjie	鏖
ipf	cangjie	熊麃
ipfd	cangjie	麋
ipfdq	cangjie	麟
ipg	cangjie	塵
iphaf	cangjie	鳶𪈠
iphd	cangjie	麇
iphda	cangjie	麘
ipher	cangjie	𪊲
iphhi	cangjie	麝
iphn	cangjie	麂
iphor	cangjie	麔
iphqm	cangjie	𪊟
iphxu	cangjie	麑
ipice	cangjie	𪊴
ipihr	cangjie	麙
ipipp	cangjie	麤
iplmi	cangjie	螚
ipm	cangjie	弌式
ipmbr	cangjie	麢
ipmc	cangjie	廎
ipmm	cangjie	弍
ipmmc	cangjie	貳
ipmmm	cangjie	弎
ipmmv	cangjie	麎
ipmwd	cangjie	麜
ipmwm	cangjie	麠
ipnkg	cangjie	𪊶
ipnl	cangjie	鄜
ipnsj	cangjie	麛
ipog	cangjie	隿
ipp	cangjie	庇忒態麀
ippru	cangjie	麅
ipru	cangjie	庖
iprvk	cangjie	麌
iprye	cangjie	麚
iptm	cangjie	甙
iptmc	cangjie	麒
ipu	cangjie	庉
ipwd	cangjie	𪊽
ipwhd	cangjie	麕
ipyg	cangjie	麈
ipyiu	cangjie	麍
ipyk	cangjie	𪊓
ipykr	cangjie	麐
ipyrf	cangjie	麖
ipytj	cangjie	麞𪋟
ipyx	cangjie	麡
iqhaf	cangjie	鴾
iqhf	cangjie	緳
iqje	cangjie	庪
ir	cangjie	台
ird	cangjie	枲
irf	cangjie	炱
irhaf	cangjie	鶶
irm	cangjie	或
irmbc	cangjie	顑
irmvn	cangjie	瓵
irnbg	cangjie	觱
irnl	cangjie	邰
irp	cangjie	怠感
is	cangjie	户
isa	cangjie	间
isbt	cangjie	盛
isgp	cangjie	廳
ishn	cangjie	𠙖
isja	cangjie	廜
ismh	cangjie	廖
isn	cangjie	戹
isnl	cangjie	郕
isok	cangjie	敷
isr	cangjie	启
isrj	cangjie	廦
it	cangjie	弁戒
ita	cangjie	庴
itcl	cangjie	廝
ite	cangjie	度
itf	cangjie	庶
ithaf	cangjie	鴘
itlb	cangjie	席
itlm	cangjie	廑
itmc	cangjie	廣
itq	cangjie	庠
itso	cangjie	庹
itt	cangjie	庰
itxc	cangjie	廉
iuhhh	cangjie	尨
iv	cangjie	戉
ivhne	cangjie	设
ivpa	cangjie	询
ivug	cangjie	廱
iwcg	cangjie	廛
iwlb	cangjie	庽
iwtc	cangjie	廙
ixe	cangjie	慶
ixf	cangjie	廌
ixp	cangjie	鹿
iybp	cangjie	龐
iydl	cangjie	廓
iyln	cangjie	劘
iymp	cangjie	庛
iypt	cangjie	廬
iyr	cangjie	店
iyrl	cangjie	廍
iywd	cangjie	廩
iyx	cangjie	𪗆
j	cangjie	十
jabuu	cangjie	覩
jaf	cangjie	煑煮
jahc	cangjie	賔
jamo	cangjie	寔
janl	cangjie	都
jasmm	cangjie	翥
jav	cangjie	宴
jb	cangjie	巿
jbbuc	cangjie	賫賷
jbd	cangjie	寀
jbhaf	cangjie	鶦
jbhod	cangjie	櫜
jbik	cangjie	献
jblli	cangjie	蟗
jbm	cangjie	宜
jbmc	cangjie	真
jbmm	cangjie	直
jbmrd	cangjie	橐
jbmri	cangjie	蠹
jbnd	cangjie	孛
jbof	cangjie	察
jbrrv	cangjie	囊
jbtj	cangjie	南
jbvif	cangjie	索
jbwno	cangjie	疐
jc	cangjie	穴
jcbbr	cangjie	窩
jcbou	cangjie	窰
jcbu	cangjie	窅
jccwn	cangjie	𥦬
jcegg	cangjie	漥窪
jcemd	cangjie	窏
jcfdj	cangjie	窲
jcgfo	cangjie	窾
jcgg	cangjie	窐
jcgru	cangjie	竈
jcgwc	cangjie	竇
jcgwu	cangjie	竃
jchaf	cangjie	䴐窵鷏
jchdb	cangjie	竊
jchdp	cangjie	窸
jchgr	cangjie	窖
jchhl	cangjie	窌
jchhn	cangjie	窮
jchio	cangjie	窆
jchk	cangjie	穾
jchoo	cangjie	窳
jchs	cangjie	窄
jchsk	cangjie	竅
jchuu	cangjie	竁
jchvo	cangjie	窊
jchwk	cangjie	窗
jchwp	cangjie	窻
jchxv	cangjie	竄
jci	cangjie	戭
jcik	cangjie	突
jcile	cangjie	䆲
jcirm	cangjie	窢
jcjbc	cangjie	窴
jcjkd	cangjie	窙
jcjr	cangjie	𥥖
jckcf	cangjie	竂
jckn	cangjie	究
jclb	cangjie	帘
jclmo	cangjie	窕
jclwv	cangjie	窶
jcm	cangjie	空
jcmbc	cangjie	顛
jcmd	cangjie	穻
jcmig	cangjie	窒
jcmmu	cangjie	竀
jcmob	cangjie	窉
jcmvh	cangjie	穿
jcn	cangjie	穵穹
jcnhx	cangjie	窞
jcni	cangjie	穸
jcnlm	cangjie	窿
jcno	cangjie	歕
jcoju	cangjie	窑
jcold	cangjie	窱
jcomn	cangjie	窬
jcor	cangjie	容
jcpru	cangjie	窇
jcpsh	cangjie	窃
jcpu	cangjie	窀
jcqhk	cangjie	窫
jcqou	cangjie	窺
jcsjl	cangjie	窷
jcskr	cangjie	窘
jcsmm	cangjie	翸
jcsuu	cangjie	窟
jctgf	cangjie	窯
jctt	cangjie	穽
jcuu	cangjie	窋
jcvis	cangjie	窈𥥆
jcvmd	cangjie	𥧌
jcvvd	cangjie	窼
jcwd	cangjie	窠
jcybp	cangjie	竉
jcyck	cangjie	窔
jcyoj	cangjie	窣
jcyta	cangjie	窨
jd	cangjie	宋未
jdci	cangjie	𡨭
jdhaf	cangjie	鵓
jdi	cangjie	守
jdisy	cangjie	𣚺
jdks	cangjie	勃
jdmbc	cangjie	𩓐
jdnl	cangjie	郣
jdok	cangjie	教
je	cangjie	支
jed	cangjie	檕
jeg	cangjie	墼
jehaf	cangjie	鳷
jejwj	cangjie	轚
jeks	cangjie	攰
jelmi	cangjie	蟿
jembc	cangjie	頍
jeoju	cangjie	罊
jeq	cangjie	擊
jese	cangjie	寖
jesmi	cangjie	攳
jesmm	cangjie	翅
jevif	cangjie	繫
jf	cangjie	灾
jfb	cangjie	宵
jgc	cangjie	䥅
jhdw	cangjie	審
jher	cangjie	客
jhgb	cangjie	寗
jhgu	cangjie	宪
jhk	cangjie	宎
jhkb	cangjie	㝯
jhlb	cangjie	㝢
jhn	cangjie	宂
jhoo	cangjie	寙
jhp	cangjie	宅
jhq	cangjie	牢
jhqu	cangjie	宒
jhxf	cangjie	寫
jibi	cangjie	博
jid	cangjie	栽
jidi	cangjie	專
jif	cangjie	烖
jihaf	cangjie	鷒
jihs	cangjie	宬
jijwj	cangjie	載
jikf	cangjie	寪
jilmi	cangjie	蛓
jiln	cangjie	剸
jimcw	cangjie	酨
jimig	cangjie	臷
jimvi	cangjie	甎
jinl	cangjie	鄟
jiobo	cangjie	胾
jiog	cangjie	截
jip	cangjie	惠
jir	cangjie	哉
jismm	cangjie	翝
jiwtc	cangjie	戴
jiyhv	cangjie	裁
jj	cangjie	廾
jjamh	cangjie	輰
jjapp	cangjie	輥
jjapv	cangjie	輵
jjb	cangjie	朝
jjbb	cangjie	輣
jjbc	cangjie	寘
jjbgr	cangjie	輖
jjbhx	cangjie	轁
jjbtv	cangjie	輞
jjcor	cangjie	輍
jjdmq	cangjie	韓
jjeee	cangjie	輟
jjfb	cangjie	輎
jjfdq	cangjie	轔
jjgce	cangjie	輘
jjgow	cangjie	轖
jjgrv	cangjie	轅
jjhby	cangjie	輈
jjhdw	cangjie	轓
jjher	cangjie	輅
jjhfd	cangjie	軤
jjhg	cangjie	軠
jjhju	cangjie	輴
jjhkb	cangjie	轎
jjhml	cangjie	斬
jjhne	cangjie	軗
jjhni	cangjie	軓
jjhpm	cangjie	軧
jjhqo	cangjie	軼
jjhqu	cangjie	軞
jjhsn	cangjie	軶
jjhvo	cangjie	軱
jjhvp	cangjie	軝
jjhxu	cangjie	輗
jji	cangjie	戟
jjibi	cangjie	𨍭
jjice	cangjie	𨌘
jjihu	cangjie	𨋍
jjii	cangjie	輚
jjijb	cangjie	輔
jjikk	cangjie	軷
jjipm	cangjie	軾
jjir	cangjie	軩
jjirp	cangjie	轗
jjixp	cangjie	轆
jjjii	cangjie	轉
jjjjj	cangjie	轟
jjjki	cangjie	𨌆
jjjmu	cangjie	輐
jjjnu	cangjie	䡝
jjjqr	cangjie	轄
jjjr	cangjie	軲
jjjtc	cangjie	轒
jjk	cangjie	軑
jjkcf	cangjie	轑
jjki	cangjie	軚
jjkn	cangjie	軌
jjlbk	cangjie	軮
jjlo	cangjie	寁
jjlw	cangjie	軸
jjmbb	cangjie	轜
jjmbk	cangjie	輭
jjmbl	cangjie	輀
jjmbv	cangjie	𨍥
jjmdm	cangjie	轣
jjmfj	cangjie	軯
jjmig	cangjie	輊
jjmj	cangjie	軒
jjmlb	cangjie	輛
jjmmi	cangjie	転
jjmnr	cangjie	軻
jjmrw	cangjie	輻
jjmsu	cangjie	軛
jjmu	cangjie	軏
jjmvm	cangjie	輕
jjnau	cangjie	輓
jjnhd	cangjie	輮
jjno	cangjie	軟
jjoae	cangjie	輹
jjob	cangjie	軜
jjod	cangjie	榦
jjodi	cangjie	軵
jjohf	cangjie	鶾
jjohh	cangjie	軫
jjoii	cangjie	軨
jjoin	cangjie	軡
jjoli	cangjie	螒
jjomb	cangjie	輪
jjomd	cangjie	𠏉
jjomg	cangjie	輇
jjomj	cangjie	幹
jjomn	cangjie	輸
jjon	cangjie	乾亁
jjoog	cangjie	雗
jjosm	cangjie	翰𨌺
jjoyj	cangjie	斡
jjpr	cangjie	軥
jjpu	cangjie	軘
jjpyr	cangjie	輷
jjqjm	cangjie	轊
jjqkd	cangjie	轃
jjqkk	cangjie	輳
jjqmb	cangjie	輤
jjr	cangjie	軎
jjrc	cangjie	軹
jjrhu	cangjie	軦
jjrsj	cangjie	輯
jjshi	cangjie	軔
jjshr	cangjie	軺
jjsit	cangjie	轞
jjsje	cangjie	輙
jjsju	cangjie	輒
jjskr	cangjie	輑
jjsmg	cangjie	軭
jjsmh	cangjie	轇
jjsnd	cangjie	轏
jjsrr	cangjie	䡱
jjstv	cangjie	輾
jjtav	cangjie	轕
jjtc	cangjie	輁
jjtco	cangjie	轐
jjtcw	cangjie	輶
jjtgi	cangjie	轙轛
jjtt	cangjie	軿
jju	cangjie	軋
jjumb	cangjie	輲
jjvid	cangjie	轢
jjvvd	cangjie	轈
jjvvw	cangjie	輜
jjwd	cangjie	輠
jjwlv	cangjie	轘
jjwot	cangjie	轀
jjwww	cangjie	轠
jjybk	cangjie	轍
jjyck	cangjie	較
jjycv	cangjie	𨍽𨎊
jjyg	cangjie	軴
jjyib	cangjie	𨌯
jjyjj	cangjie	轋
jjypt	cangjie	轤
jjyrf	cangjie	輬
jjyt	cangjie	𨋢
jjyvo	cangjie	輆
jk	cangjie	丈耂
jka	cangjie	者
jkb	cangjie	宥
jkcf	cangjie	寮
jkhaf	cangjie	鶟
jkhq	cangjie	㹈
jki	cangjie	宏
jkmdo	cangjie	斄
jkme	cangjie	漦
jkmhq	cangjie	犛
jkmhu	cangjie	氂
jkmnd	cangjie	孷
jkmr	cangjie	寄
jkmsh	cangjie	剺
jkmv	cangjie	嫠
jkmwg	cangjie	釐
jkn	cangjie	宄
jknd	cangjie	孝
jkp	cangjie	老
jkpr	cangjie	耇
jkss	cangjie	協
jkys	cangjie	考
jla	cangjie	暫
jlc	cangjie	鏨
jld	cangjie	槧
jlg	cangjie	塹
jlk	cangjie	吏
jlln	cangjie	事
jlmo	cangjie	宨
jlmr	cangjie	磛
jlp	cangjie	慙
jlryo	cangjie	蹔
jlu	cangjie	㟻
jlv	cangjie	妻
jlw	cangjie	宙
jlwv	cangjie	寠
jlyo	cangjie	疌
jm	cangjie	士
jmam	cangjie	宣
jmbn	cangjie	寕𡨴
jmc	cangjie	鑋
jmch	cangjie	寡
jmcw	cangjie	𡧳
jmd	cangjie	宇
jmfc	cangjie	寳
jmgi	cangjie	宝
jmhaf	cangjie	鵼
jmhc	cangjie	賓
jmig	cangjie	室
jmjmm	cangjie	矗
jmlc	cangjie	寅
jmmbc	cangjie	𩓧
jmmc	cangjie	賨
jmmf	cangjie	宗
jmmu	cangjie	完
jmmv	cangjie	宸
jmn	cangjie	宁
jmr	cangjie	宕
jmrw	cangjie	富
jmsmm	cangjie	翧
jmso	cangjie	家
jmtb	cangjie	𡩅
jmuc	cangjie	寶
jmue	cangjie	寇
jmyo	cangjie	定
jnd	cangjie	字
jndhe	cangjie	麬
jnfh	cangjie	麨
jngi	cangjie	麮
jnhaf	cangjie	鸋𪄳
jnihq	cangjie	麰
jnijb	cangjie	麱
jnim	cangjie	宐
jniu	cangjie	宛
jnln	cangjie	剚
jnmls	cangjie	麪
jnmwl	cangjie	麵
jnmys	cangjie	麫
jnon	cangjie	麧
jnpfd	cangjie	麴
jnpru	cangjie	麭
jnqo	cangjie	麩
jntw	cangjie	麯
jnui	cangjie	寃
jnujt	cangjie	麷
jnup	cangjie	惌
jny	cangjie	𪋿
jnyr	cangjie	䴴
jnyub	cangjie	麶
jodi	cangjie	𡧛
jogs	cangjie	寯
joma	cangjie	宿
jombc	cangjie	顁
joni	cangjie	麥
jose	cangjie	寑
jp	cangjie	它
jpa	cangjie	耆
jpbn	cangjie	寧
jpbq	cangjie	甯
jpbt	cangjie	寍
jpgb	cangjie	𡩋
jph	cangjie	宓
jphi	cangjie	蜜
jphqu	cangjie	耄
jpht	cangjie	䀄
jphu	cangjie	密
jpko	cangjie	寲
jpmig	cangjie	耋
jppr	cangjie	耈
jq	cangjie	车
jqk	cangjie	実
jqmp	cangjie	憲
jqmr	cangjie	害
jqomn	cangjie	输
jqop	cangjie	轮
jqu	cangjie	轧
jr	cangjie	古
jrb	cangjie	胡
jrbhf	cangjie	鶘
jrcor	cangjie	豁
jrhaf	cangjie	鴣鶷𪃭𪃾
jrhne	cangjie	毄
jrhr	cangjie	宮
jrhu	cangjie	克
jrln	cangjie	割
jrlr	cangjie	官
jrmbc	cangjie	額
jrok	cangjie	故
jrp	cangjie	愙
jrrp	cangjie	悹
jrrye	cangjie	嘏
jrytj	cangjie	辜𨐒
jskr	cangjie	宭
jsll	cangjie	宦宧
jsmh	cangjie	寥
jsobo	cangjie	膥
jt	cangjie	卉
jtak	cangjie	寞
jtbc	cangjie	賁
jtbi	cangjie	寬
jtcc	cangjie	賽
jtcd	cangjie	寨
jtcf	cangjie	騫鶱
jtcg	cangjie	塞
jtco	cangjie	蹇
jtcq	cangjie	搴
jtcr	cangjie	謇
jtcu	cangjie	寋
jtcv	cangjie	褰
jtcy	cangjie	寒
jtge	cangjie	鼖
jtoa	cangjie	𣇸
jtv	cangjie	𡜦
ju	cangjie	七
judi	cangjie	尅
juhaf	cangjie	鵷
jujru	cangjie	兢
juks	cangjie	勀
juln	cangjie	剋剜
jv	cangjie	安
jvd	cangjie	案
jvhaf	cangjie	鴳鶈
jvmb	cangjie	寎
jvmbc	cangjie	頞
jvmd	cangjie	寐寱
jvme	cangjie	寢
jvmr	cangjie	寣寤
jvnl	cangjie	郪
jvp	cangjie	悳
jwbuu	cangjie	覾
jwj	cangjie	車
jwjc	cangjie	實
jwlb	cangjie	寓
jwlv	cangjie	寰
jwp	cangjie	恵
jybc	cangjie	寊
jybp	cangjie	寵
jyfe	cangjie	寂
jyk	cangjie	实
jytj	cangjie	宰
k	cangjie	乂大
kad	cangjie	橥
kam	cangjie	疸
kamh	cangjie	瘍
kana	cangjie	癎
kanb	cangjie	癇
karrj	cangjie	奲
kau	cangjie	疤
kav	cangjie	痕
kb	cangjie	冇有
kbb	cangjie	痭
kbbr	cangjie	瘑
kbcv	cangjie	癭
kbhaf	cangjie	鵗
kbhne	cangjie	殽
kbhqu	cangjie	毻
kbi	cangjie	𠕇
kbihm	cangjie	𢒰
kbirm	cangjie	戫
kbm	cangjie	疽
kbmr	cangjie	痌
kbmvn	cangjie	瓻
kbnl	cangjie	郁郗郩
kbno	cangjie	欷
kbof	cangjie	瘵
kbq	cangjie	痈
kbub	cangjie	㿜
kbug	cangjie	癯
kcaf	cangjie	尞
kcano	cangjie	閷
kchne	cangjie	殺
kcipm	cangjie	弒
kcln	cangjie	剎
kcwa	cangjie	𤺧
kd	cangjie	东
kdbn	cangjie	𤷫
kdd	cangjie	痳
kdhe	cangjie	疲
kdlc	cangjie	癩
kdln	cangjie	瘌
ke	cangjie	友
kefh	cangjie	痧
keii	cangjie	瘙
kell	cangjie	奫
kf	cangjie	灰疢
kfb	cangjie	痟
kfbt	cangjie	盔
kfcb	cangjie	瘠
kff	cangjie	痰
kffs	cangjie	癆
kfhaf	cangjie	鷯
kfp	cangjie	悐𢠃
kgdi	cangjie	痔
kgg	cangjie	奎
kggp	cangjie	㥣
kghaf	cangjie	鵟
kgp	cangjie	痣
kh	cangjie	犭
khaa	cangjie	猖
khahm	cangjie	猩
khahu	cangjie	猸
khal	cangjie	癤
kham	cangjie	狚
khamj	cangjie	猂
khapp	cangjie	猑
khapv	cangjie	猲
khav	cangjie	狠
khawe	cangjie	獌
khbbb	cangjie	猾
khbbr	cangjie	猧
khbm	cangjie	狙
khbme	cangjie	猨
khbmr	cangjie	狪
khbn	cangjie	痸
khbou	cangjie	猺
khbsd	cangjie	猙
khbtt	cangjie	狦
khbuc	cangjie	狽
khbue	cangjie	玃
khdam	cangjie	猹
khdc	cangjie	癪
khdd	cangjie	痵
khdh	cangjie	犲
khdlc	cangjie	獺
khdn	cangjie	痢
khdu	cangjie	痜
khdv	cangjie	痿
khefh	cangjie	猀
khey	cangjie	疼
khf	cangjie	狄
khfbk	cangjie	獙
khggu	cangjie	獟
khgr	cangjie	狤
khgrv	cangjie	猿
khhbn	cangjie	猘
khhdn	cangjie	猁
khher	cangjie	狢
khhg	cangjie	狅
khhgf	cangjie	獯
khhhj	cangjie	猈
khhj	cangjie	痺
khhkb	cangjie	獢
khhl	cangjie	奅
khhni	cangjie	猦
khhqm	cangjie	狌
khhrb	cangjie	獅
khhrk	cangjie	𤠒
khhsb	cangjie	猏猵
khhsk	cangjie	獥
khhvo	cangjie	狐
khhw	cangjie	瘤
khhxe	cangjie	獀
khhxf	cangjie	獡
khhxu	cangjie	猊
khi	cangjie	瘣
khiav	cangjie	狼
khibi	cangjie	猼
khice	cangjie	狻
khihu	cangjie	狁
khij	cangjie	狨
khik	cangjie	𤜥
khio	cangjie	疺
khitc	cangjie	獷
khiv	cangjie	狘
khjc	cangjie	狖
khjdi	cangjie	狩
khjg	cangjie	瘇
khjjl	cangjie	獑
khjka	cangjie	猪
khjkp	cangjie	狫
khjmc	cangjie	獱
khjpn	cangjie	獰
khjr	cangjie	狜
khjrb	cangjie	猢
khkcf	cangjie	獠
khkkb	cangjie	狶
khkmr	cangjie	猗
khkn	cangjie	犰
khkoo	cangjie	狹
khl	cangjie	狆
khlln	cangjie	狒
khlmo	cangjie	狣
khmam	cangjie	狟
khmbb	cangjie	獳
khmbe	cangjie	獶
khmce	cangjie	獿
khmcw	cangjie	𤞏
khmfb	cangjie	獮
khmfm	cangjie	狉
khmg	cangjie	狂
khmhf	cangjie	獂
khmj	cangjie	犴
khmlk	cangjie	㹴
khmmf	cangjie	狋
khmto	cangjie	獗
khmvh	cangjie	犽
khmwd	cangjie	𤢂
khnbq	cangjie	獬
khndf	cangjie	猻
khndt	cangjie	猛
khne	cangjie	疫
khng	cangjie	狃
khngu	cangjie	峱
khnhb	cangjie	獝
khnhd	cangjie	猱
khnhe	cangjie	𤜯
khni	cangjie	瘋
khnkm	cangjie	狿
khnmb	cangjie	獼
khnob	cangjie	𤟠
khoii	cangjie	狑
khoir	cangjie	獊
khok	cangjie	癓癥
kholk	cangjie	𤠣
khoma	cangjie	獪
khomd	cangjie	狳
khomo	cangjie	獫
khomr	cangjie	猞
khon	cangjie	犵
khonk	cangjie	猴
khoo	cangjie	瘲
khor	cangjie	𤺥
khpa	cangjie	痻
khppg	cangjie	狴
khpr	cangjie	狗
khpru	cangjie	狍
khqhk	cangjie	猰
khqhl	cangjie	狾
khqkd	cangjie	獉
khqmb	cangjie	猜
khrb	cangjie	狷
khrrk	cangjie	玁
khrye	cangjie	猳
khs	cangjie	痄
khsp	cangjie	狔
khsqf	cangjie	獁
khsu	cangjie	犯
khtak	cangjie	獏
khtav	cangjie	獦
khtbo	cangjie	獴
khtco	cangjie	獛
khtct	cangjie	獈
khtcw	cangjie	猶
khtgu	cangjie	猐
khtjl	cangjie	玂
khtmc	cangjie	獚
khtoe	cangjie	獲
khtrg	cangjie	獾
khtw	cangjie	猫
khub	cangjie	癟
khuc	cangjie	㿗
khuce	cangjie	猣
khup	cangjie	瘜
khvno	cangjie	猭
khvp	cangjie	疧
khvvv	cangjie	獵
khwb	cangjie	猬
khwd	cangjie	猓
khwg	cangjie	狸
khwl	cangjie	狎
khwlg	cangjie	玀
khwli	cangjie	獨
khwlv	cangjie	獧
khwmv	cangjie	猥
khxe	cangjie	瘦
khxo	cangjie	瘐
khxv	cangjie	癙
khyck	cangjie	狡
khye	cangjie	瘢
khyhn	cangjie	犺
khymh	cangjie	獩
khymr	cangjie	狺
khyoj	cangjie	猝
khypu	cangjie	猇
khyrf	cangjie	猄
khyrk	cangjie	獄
khyrv	cangjie	獽
khytg	cangjie	獞
khytj	cangjie	獐
khytu	cangjie	獍
khyy	cangjie	犿
ki	cangjie	太
kice	cangjie	痠
kijb	cangjie	痡
kiku	cangjie	疣
kinl	cangjie	郄
kiog	cangjie	雄
kismm	cangjie	翃
kiuh	cangjie	痝
kiv	cangjie	奿
kj	cangjie	夲
kjbc	cangjie	瘨
kjcc	cangjie	痲癲
kjka	cangjie	奢瘏
kjkd	cangjie	痚
kjrr	cangjie	痯
kjt	cangjie	奔
kk	cangjie	爻
kkb	cangjie	痏肴
kkcf	cangjie	療
kkhaf	cangjie	鷞鸑
kkk	cangjie	𡘙
kkkk	cangjie	爽
kklb	cangjie	希
kklu	cangjie	痷
kkn	cangjie	痍
kkog	cangjie	瘞
kkop	cangjie	瘱
kkrb	cangjie	瘸
kks	cangjie	夯
kksr	cangjie	痂
klb	cangjie	布
klg	cangjie	在
klll	cangjie	夼
klln	cangjie	疿
klmi	cangjie	痋
klmy	cangjie	痱
kln	cangjie	刈
klnd	cangjie	存
klw	cangjie	𡘊
klwu	cangjie	奄
klwv	cangjie	瘻
km	cangjie	左疘
kmaa	cangjie	奭
kmbw	cangjie	癗
kmdm	cangjie	癧
kmfr	cangjie	痞
kmgg	cangjie	㿀癍
kmlm	cangjie	瘂
kmmf	cangjie	奈
kmmr	cangjie	痦
kmms	cangjie	夸疞
kmn	cangjie	疔
kmnf	cangjie	𤹐
kmnr	cangjie	奇疴
kmob	cangjie	病
kmrt	cangjie	痘
kmso	cangjie	瘃
kmvm	cangjie	痙
kmwf	cangjie	瘭
kmym	cangjie	症
kn	cangjie	九夷𡯁
kna	cangjie	旭旮
knbk	cangjie	瘓
kncr	cangjie	癚
kndt	cangjie	𤷪
knfq	cangjie	癬
knhaf	cangjie	鳩
kni	cangjie	丸厹
knib	cangjie	痛
knin	cangjie	奓痑
knir	cangjie	㚚
knl	cangjie	㽼
knlm	cangjie	癃
knlp	cangjie	癮
knlr	cangjie	痾
knmbc	cangjie	頄
kno	cangjie	疚
knoe	cangjie	癈
knsv	cangjie	瘬
knthu	cangjie	馗
knymr	cangjie	訄
knypu	cangjie	虓
kobuc	cangjie	𧶘
kog	cangjie	痽
kogi	cangjie	奪
kogw	cangjie	奮
kogx	cangjie	𡚒
kohaf	cangjie	鵊
kohh	cangjie	疹
koir	cangjie	瘡
kok	cangjie	疾
kokr	cangjie	痴
koll	cangjie	疥
koma	cangjie	癐
kombc	cangjie	頰
komg	cangjie	痊
komn	cangjie	瘉
komp	cangjie	癒
kon	cangjie	疙
konk	cangjie	瘊
konl	cangjie	郟
koo	cangjie	夾
koog	cangjie	痤
kop	cangjie	㤲
kowy	cangjie	痗
kp	cangjie	疕
kpblb	cangjie	帶
kpko	cangjie	癡
kpp	cangjie	疪
kpr	cangjie	痀
kpru	cangjie	疱
kpt	cangjie	疶
kqhk	cangjie	瘈
kqhp	cangjie	瘛
kr	cangjie	右
krb	cangjie	㾓
krbuc	cangjie	賀
krc	cangjie	疻
krd	cangjie	架
krhaf	cangjie	鴐鵸
krhqu	cangjie	毠
krje	cangjie	攲
krln	cangjie	剞
krmbc	cangjie	䫑
krmnr	cangjie	哿
krno	cangjie	欹
krrj	cangjie	癉
krru	cangjie	癌
krsqf	cangjie	駕
krye	cangjie	敧瘕
kryhv	cangjie	袈
ks	cangjie	力
ksce	cangjie	癜
kshaf	cangjie	鴮
kshvf	cangjie	綔
kshvo	cangjie	瓠
ksj	cangjie	耷
ksksb	cangjie	脅
kskss	cangjie	劦
ksksv	cangjie	姭
ksln	cangjie	刳
ksmb	cangjie	瘺
ksmh	cangjie	瘳
ksmi	cangjie	套
kspru	cangjie	匏
ksql	cangjie	𤶸
ksr	cangjie	加
ksrj	cangjie	癖
ksrr	cangjie	奩
kswp	cangjie	勰
ktak	cangjie	瘼
ktbc	cangjie	痶
ktjr	cangjie	瘔
ktlm	cangjie	瘽
ktm	cangjie	疳
ktmc	cangjie	癀
ktog	cangjie	癱
ktor	cangjie	瘩
ktov	cangjie	癢
ktq	cangjie	痒羍
ktqm	cangjie	瘥
ktuo	cangjie	瘚
ktwb	cangjie	癘
ktwv	cangjie	癑
ku	cangjie	尢疝
kubbb	cangjie	尳
kuhaf	cangjie	鵪
kuhjg	cangjie	尰
kumg	cangjie	尪
kuoll	cangjie	尬
kupi	cangjie	尥
kusit	cangjie	尷
kveq	cangjie	𤸻
kvfb	cangjie	癵
kvfq	cangjie	癴
kvug	cangjie	癰
kwgg	cangjie	癦
kwgt	cangjie	𤼎
kwjr	cangjie	痼
kwle	cangjie	瘝
kwlv	cangjie	癏
kwml	cangjie	痹
kwot	cangjie	瘟
kwr	cangjie	痐
kwvf	cangjie	瘰
kwwf	cangjie	癳
kyg	cangjie	疰
kymp	cangjie	疵
kyoj	cangjie	瘁
kypm	cangjie	瘧
kyr	cangjie	痁
kysk	cangjie	瘯
kysy	cangjie	瘀
kyta	cangjie	瘖
kytj	cangjie	瘴
kytp	cangjie	癔
kyvi	cangjie	痃
kyvo	cangjie	痎
kyx	cangjie	癠
l	cangjie	中
la	cangjie	甴衵
laa	cangjie	裮
laitb	cangjie	𢅺
lam	cangjie	袒
lamo	cangjie	褆
lana	cangjie	襇
lanb	cangjie	襉
lanw	cangjie	襴
laph	cangjie	裼
lapv	cangjie	褐
lasm	cangjie	褟
late	cangjie	襮
lav	cangjie	裉
lb	cangjie	巾
lbabu	cangjie	帽
lbafu	cangjie	幌
lbahu	cangjie	𢃼
lbau	cangjie	帊
lbawe	cangjie	幔
lbayf	cangjie	幜
lbbac	cangjie	幎
lbbhx	cangjie	幍
lbcru	cangjie	帨
lbcsh	cangjie	帉
lbdhe	cangjie	帔
lbdmq	cangjie	幃
lbfb	cangjie	帩
lbgni	cangjie	幬
lbgr	cangjie	裯
lbha	cangjie	帕
lbhal	cangjie	幯
lbhdw	cangjie	幡
lbhn	cangjie	㠶
lbhni	cangjie	帆
lbhqo	cangjie	帙
lbigi	cangjie	幮
lbii	cangjie	帴
lbiih	cangjie	幓
lbikk	cangjie	帗
lbjj	cangjie	褌
lbjka	cangjie	帾
lbjmo	cangjie	幏
lbjqp	cangjie	幰
lbjtc	cangjie	幩
lbk	cangjie	央
lblbu	cangjie	帎
lbm	cangjie	袓
lbmbc	cangjie	幁幊
lbme	cangjie	褑
lbmn	cangjie	帄
lbmrw	cangjie	幅
lbncr	cangjie	幨
lbnl	cangjie	鄁
lbog	cangjie	帷
lbomr	cangjie	帢
lbotf	cangjie	幠
lbqmc	cangjie	幘
lbqo	cangjie	㠸
lbrrd	cangjie	幧
lbrrj	cangjie	幝
lbsmg	cangjie	幄
lbsmh	cangjie	𢄪
lbsmv	cangjie	帳
lbstt	cangjie	幈
lbt	cangjie	盅
lbtak	cangjie	幙
lbtbo	cangjie	幪
lbtco	cangjie	幞
lbtt	cangjie	帡
lbtwi	cangjie	幭
lbu	cangjie	冘
lbv	cangjie	农
lbwg	cangjie	𢃇
lbwim	cangjie	幗
lby	cangjie	袇
lbybc	cangjie	幀
lbyhc	cangjie	𢅳
lbyia	cangjie	幟
lbyr	cangjie	帖
lbytg	cangjie	幢
lbytj	cangjie	幛
lcnl	cangjie	鄪
lcor	cangjie	裕
lcru	cangjie	裞
lcsh	cangjie	衯
ldbb	cangjie	襋
lddf	cangjie	襟
lddq	cangjie	襻
ldhe	cangjie	被
ldj	cangjie	袜
ldk	cangjie	袂
ldmq	cangjie	褘
le	cangjie	隶
leed	cangjie	褬
leee	cangjie	裰
lei	cangjie	衩
lfbk	cangjie	襒
lfbw	cangjie	襠
lff	cangjie	裧
lfq	cangjie	袢
lfqu	cangjie	裷
lga	cangjie	書
lgam	cangjie	晝
lgb	cangjie	袡
lgce	cangjie	裬
lgg	cangjie	袿
lggu	cangjie	襓
lggy	cangjie	褂
lgi	cangjie	袪
lgr	cangjie	袺
lgrc	cangjie	襭
lgrv	cangjie	褤
lgwc	cangjie	襩
lgwm	cangjie	畫
lha	cangjie	袙
lhbk	cangjie	襖
lhbt	cangjie	裇
lhcj	cangjie	襷
lheq	cangjie	袶
lher	cangjie	袼
lhg	cangjie	衽
lhhh	cangjie	衫
lhhj	cangjie	裨
lhjd	cangjie	袾
lhk	cangjie	袄
lhmo	cangjie	长
lhoo	cangjie	褷
lhpm	cangjie	袛
lhqo	cangjie	袟
lhsb	cangjie	褊
lhul	cangjie	襣
lhvp	cangjie	衹
lhws	cangjie	𧞄
lhyu	cangjie	褫
lia	cangjie	蚎
liabu	cangjie	蝐
liahu	cangjie	蝞
liail	cangjie	蝍
liamh	cangjie	蝪
liamo	cangjie	蝭
liana	cangjie	𧒄
liaph	cangjie	蜴
liapv	cangjie	蝎
liau	cangjie	蚆
liav	cangjie	蛝
liavo	cangjie	蠍
liawe	cangjie	蟃
libac	cangjie	螟
libbb	cangjie	螖
libbr	cangjie	蝸
libcv	cangjie	蠳
libdi	cangjie	蛶
libgr	cangjie	蜩
libm	cangjie	蛆
libme	cangjie	蝯
libnd	cangjie	蜉
libp	cangjie	褦
libue	cangjie	蠼
libug	cangjie	蠷
libuu	cangjie	蜆
libvk	cangjie	螇
liby	cangjie	蚒
lici	cangjie	蚣
licim	cangjie	螉
lick	cangjie	蚥
licru	cangjie	蛻
licsh	cangjie	蚡
lid	cangjie	蚞
lidci	cangjie	蜙
lidhe	cangjie	蚾
lidhl	cangjie	蜥
lidk	cangjie	蚗
lidw	cangjie	蝀
lieee	cangjie	蝃
liesd	cangjie	蟝
lifb	cangjie	蛸
lifbg	cangjie	螳
lifbw	cangjie	蟷
liffd	cangjie	蠑
liffs	cangjie	蟧
lifqu	cangjie	蜷
ligb	cangjie	蚺
ligg	cangjie	蛙
liggu	cangjie	蟯
ligr	cangjie	蛣
ligrr	cangjie	蟢
ligth	cangjie	蟛
lihad	cangjie	蟂
lihag	cangjie	蝗
lihdj	cangjie	蝌
lihdn	cangjie	蜊
lihdp	cangjie	蟋
lihdv	cangjie	蜲
lihdw	cangjie	蟠
lihej	cangjie	蜂
lihhj	cangjie	蜱
lihi	cangjie	螝
lihjd	cangjie	蛛
lihje	cangjie	𧎚
lihjg	cangjie	蝩
lihjr	cangjie	蛞
lihkb	cangjie	蟜
lihlb	cangjie	蝺
lihml	cangjie	蚚
lihmy	cangjie	蚸
lihn	cangjie	虮
lihnd	cangjie	𧊶
lihp	cangjie	虴
lihpm	cangjie	蚳
lihqi	cangjie	蛾
lihqo	cangjie	蛈
lihqu	cangjie	蚝
lihrb	cangjie	螄
lihrf	cangjie	螐
lihs	cangjie	蚱
lihsb	cangjie	蝙
lihsk	cangjie	蜧
lihsu	cangjie	蚅
lihuk	cangjie	螑
lihup	cangjie	螅
lihvo	cangjie	蛌
lihvp	cangjie	蚔
lihwp	cangjie	蟌
lihxe	cangjie	螋
lihxu	cangjie	蜺
lihyu	cangjie	螔
liiav	cangjie	蜋
liih	cangjie	襂
liihf	cangjie	䗩
liihq	cangjie	蛑
liihv	cangjie	蝛
liiil	cangjie	螂
liijb	cangjie	蜅
liije	cangjie	蛷
liikf	cangjie	蟡
liikk	cangjie	蛂
liiku	cangjie	蚘
liilr	cangjie	螗
liioc	cangjie	蠀
liirm	cangjie	蜮
liitc	cangjie	蠊
liitf	cangjie	蟅
liitu	cangjie	蝷
liiuh	cangjie	蛖
liixp	cangjie	螰
lijb	cangjie	補
lijbj	cangjie	蝻
lijcg	cangjie	螲
lije	cangjie	蚑
lijig	cangjie	蠘
lijip	cangjie	蟪
lijj	cangjie	褲
lijjl	cangjie	螹
lijka	cangjie	蝫
lijkp	cangjie	蛯
lijlo	cangjie	蜨
lijmc	cangjie	螾蠙
lijmm	cangjie	蝖
lijnu	cangjie	蜿
lijp	cangjie	蛇
lijqp	cangjie	䘆
lijqr	cangjie	螛
lijr	cangjie	蛄
lijrb	cangjie	蝴
lijtc	cangjie	蟦
likcf	cangjie	蟟
likgg	cangjie	蝰
likk	cangjie	袚
likn	cangjie	蛦
likok	cangjie	螏
likoo	cangjie	蛺
likpb	cangjie	螮
liksr	cangjie	𧊀
lilii	cangjie	蟲
lilit	cangjie	蠱
lille	cangjie	蝂
lilmq	cangjie	蝆
lilw	cangjie	蚰
lilwl	cangjie	𧊋
lilwv	cangjie	螻
lilxl	cangjie	蜵
lim	cangjie	虹
lima	cangjie	蛨
limbb	cangjie	蠕
limbc	cangjie	蝢
limbk	cangjie	蝡
limfj	cangjie	蚲
limfm	cangjie	蚽
limhf	cangjie	螈
limig	cangjie	蛭
limj	cangjie	虷
limmi	cangjie	蟵
limmu	cangjie	蚖
limmv	cangjie	蜄
limn	cangjie	虰
limnn	cangjie	蛚
limnr	cangjie	蚵
limob	cangjie	蛃
limrw	cangjie	蝠
limtb	cangjie	蠣
limvh	cangjie	蚜
limvm	cangjie	蛵
limwf	cangjie	螵
limwj	cangjie	蟫
limwl	cangjie	蝒
limy	cangjie	虾
linao	cangjie	蟓
linbc	cangjie	蝜
linbq	cangjie	蠏
lincr	cangjie	蟾
lindt	cangjie	蜢
linhb	cangjie	𧑐
linhd	cangjie	蝚
linhx	cangjie	蜭
linib	cangjie	蛹
linkg	cangjie	蜓
linkm	cangjie	蜒
linl	cangjie	蚓
linmu	cangjie	蛫
linob	cangjie	蝑
linue	cangjie	蜬
lioae	cangjie	蝮
liob	cangjie	蚋
liodi	cangjie	蚹
liog	cangjie	蜼
liogf	cangjie	蟭
lioii	cangjie	蛉
lioin	cangjie	蚙
lioir	cangjie	螥
liokr	cangjie	蜘
liold	cangjie	螩
lioll	cangjie	蚧
liom	cangjie	蚯
liomb	cangjie	蜦
liomd	cangjie	蜍
liomg	cangjie	𧊲
liomn	cangjie	蝓
liomr	cangjie	蛤
lion	cangjie	虼
liono	cangjie	蜁
liopc	cangjie	蟘
liosk	cangjie	蛜
lioyb	cangjie	蠄
lipi	cangjie	虳
lipim	cangjie	蚐
lipou	cangjie	蜪
lipp	cangjie	蚍
lippa	cangjie	蝔
lippg	cangjie	蜌
lipr	cangjie	蚼
liptd	cangjie	蝶
liqj	cangjie	蚌
liqka	cangjie	蝽
liqkd	cangjie	螓
liqmb	cangjie	蜻
liqmy	cangjie	蝳
liqo	cangjie	蚨
lirb	cangjie	蜎
lirks	cangjie	𧊅
lirrj	cangjie	蟬
liruc	cangjie	蟤
lirvk	cangjie	蜈
lirxu	cangjie	蠅
lirye	cangjie	蝦
lisav	cangjie	蝘
lisem	cangjie	蠮
lish	cangjie	虭
lishr	cangjie	蛁
lishu	cangjie	𧋦
lisjr	cangjie	蜛
lismg	cangjie	蠗
lismh	cangjie	蟉
lismi	cangjie	蟳
liso	cangjie	蚇
lisp	cangjie	蚭
lisqf	cangjie	螞
lisrg	cangjie	蟶
liss	cangjie	蚷
lisyi	cangjie	蠾
lita	cangjie	蜡
litak	cangjie	蟆
litb	cangjie	褯
litbo	cangjie	蠓
litcl	cangjie	蟖
litcw	cangjie	蝤
litgi	cangjie	蟻
litgr	cangjie	蟮
litgu	cangjie	蜣
litit	cangjie	蟒
litlb	cangjie	蟎
litlk	cangjie	蝧
litlm	cangjie	螼
litlx	cangjie	蠨
litm	cangjie	蚶
litmc	cangjie	蜞蟥
litoe	cangjie	蠖
litpd	cangjie	蠂
litq	cangjie	蛘
litrg	cangjie	蠸
litt	cangjie	蛢
litvi	cangjie	螆
litw	cangjie	蛐
litwa	cangjie	螬
litwi	cangjie	蠛𧒆
liu	cangjie	虬
liuce	cangjie	蝬
liumt	cangjie	螘
liuob	cangjie	蠵
livfi	cangjie	𧖣
livii	cangjie	蟣
livis	cangjie	蚴
livl	cangjie	虯
livno	cangjie	蝝
livvv	cangjie	蠟
liwb	cangjie	蝟
liwd	cangjie	蜾
liwgf	cangjie	蟔
liwhd	cangjie	蜠
liwim	cangjie	蟈
liwli	cangjie	蠋
liwlj	cangjie	蠌
liwlv	cangjie	蠉
liwot	cangjie	蝹
liwr	cangjie	蛔
liwvf	cangjie	螺
liwww	cangjie	蠝
liy	cangjie	虲
liyav	cangjie	螁
liybp	cangjie	蠬
liybs	cangjie	螃
liycb	cangjie	螪
liyck	cangjie	蛟
liyg	cangjie	蛀
liyhn	cangjie	蚢
liyia	cangjie	蟙
liyij	cangjie	蟀
liyj	cangjie	蚪
liyk	cangjie	蚊
liypt	cangjie	蠦
liyr	cangjie	蛅
liyra	cangjie	蠩
liyrd	cangjie	蜳
liyrn	cangjie	蝏
liyro	cangjie	蠔
liyru	cangjie	𧐢
liyrv	cangjie	蠰
liysd	cangjie	蝣
liyso	cangjie	蜨
liytj	cangjie	蟑
liyub	cangjie	螭
liyv	cangjie	虻
liyvi	cangjie	蚿
liywm	cangjie	蟺
liyx	cangjie	蠐
lj	cangjie	𦘒
ljc	cangjie	袕
ljcr	cangjie	褣
ljd	cangjie	𧙕
lje	cangjie	衼
ljic	cangjie	襶
ljka	cangjie	褚
ljp	cangjie	袉
ljr	cangjie	𧙖
lk	cangjie	史
lkbt	cangjie	盎
lkhaf	cangjie	鴦
lki	cangjie	𧘹
lkld	cangjie	袸
lklu	cangjie	裺
lkma	cangjie	襫
lkmr	cangjie	裿
lkms	cangjie	袴
lkoo	cangjie	裌
lkpb	cangjie	𧜵
lkr	cangjie	𧙗
ll	cangjie	串衶
llamh	cangjie	暢
llaph	cangjie	𣈱
llbu	cangjie	衴
llbuu	cangjie	覑
lldwf	cangjie	朄
llfq	cangjie	牉
llgwc	cangjie	牘
llhe	cangjie	版
llhhj	cangjie	牌
llhjx	cangjie	牐
llhsb	cangjie	牖
llhwp	cangjie	牕
llii	cangjie	牋
llilb	cangjie	牗
lll	cangjie	川
lllc	cangjie	順
llml	cangjie	片
llmy	cangjie	裶
lln	cangjie	弗
llomn	cangjie	牏
llp	cangjie	患
llpb	cangjie	褙
llptd	cangjie	牒
llshr	cangjie	牊
llw	cangjie	袖
llwv	cangjie	褸
llww	cangjie	丳
llxl	cangjie	裫
llybs	cangjie	牓
llytv	cangjie	𤗈
lm	cangjie	丄
lma	cangjie	袹
lmbb	cangjie	襦
lmbuc	cangjie	貴
lmd	cangjie	衧
lmfbc	cangjie	賮
lmfbt	cangjie	盡
lmi	cangjie	虫
lmlb	cangjie	裲
lmln	cangjie	劃
lmmm	cangjie	韭
lmmp	cangjie	襹
lmmv	cangjie	裖
lmp	cangjie	北
lmpnl	cangjie	邶
lmrt	cangjie	裋
lmrw	cangjie	褔
lmuo	cangjie	兆
lmuoc	cangjie	頫
lmuou	cangjie	覜
lmvi	cangjie	褥
lmwf	cangjie	褾
lmwu	cangjie	褼
lmyq	cangjie	羋
lmyyn	cangjie	剕
lmyyy	cangjie	非
ln	cangjie	刂鬥
lnao	cangjie	襐
lnbuc	cangjie	費
lncr	cangjie	襜
lnhe	cangjie	衱
lnhs	cangjie	𧘌
lnhxu	cangjie	鬩
lnib	cangjie	𧚔
lnii	cangjie	襁
lnln	cangjie	刜
lnmjk	cangjie	鬫
lnmti	cangjie	鬪
lnnau	cangjie	艴
lnnxu	cangjie	鬮
lnoe	cangjie	襏
lnrml	cangjie	鬭
lntc	cangjie	鬨
lnylb	cangjie	鬧
loae	cangjie	複
lob	cangjie	衲
lof	cangjie	袮
logd	cangjie	襍
logte	cangjie	鼗
lohg	cangjie	袵
lohh	cangjie	袗
loik	cangjie	袱
loim	cangjie	襳
loin	cangjie	衿
loma	cangjie	襘
lomn	cangjie	褕
lomo	cangjie	襝
lomr	cangjie	袷
lopd	cangjie	袘
lord	cangjie	褓
loto	cangjie	襥
lp	cangjie	忠
lpb	cangjie	背
lpd	cangjie	衪
lphu	cangjie	兠
lpim	cangjie	袀
lpq	cangjie	𠤖
lpr	cangjie	袧
lpru	cangjie	袍
lptd	cangjie	褋
lpwtc	cangjie	冀
lq	cangjie	聿
lqhk	cangjie	褉
lqmat	cangjie	衋
lqmv	cangjie	裱
lqo	cangjie	衭
lrb	cangjie	裐
lrhg	cangjie	裎
lrrd	cangjie	襙
lrrj	cangjie	襌
lsav	cangjie	褗
lseg	cangjie	𧜶
lsh	cangjie	初
lshr	cangjie	袑
lsit	cangjie	襤
lsjr	cangjie	裾
lskr	cangjie	裙
lsma	cangjie	褶
lsmi	cangjie	襑
ltbi	cangjie	襺
ltco	cangjie	襆
ltgi	cangjie	襼
ltlb	cangjie	襔
ltmc	cangjie	褀
ltor	cangjie	褡
ltwi	cangjie	襪
ltwv	cangjie	襛
lu	cangjie	儿
lue	cangjie	沊
luhaf	cangjie	鴆
lumbc	cangjie	䪴
lunl	cangjie	邥
lvbu	cangjie	胤
lvhaf	cangjie	鷜
lvhqu	cangjie	氀
lvii	cangjie	𧝞
lvis	cangjie	袎
lvno	cangjie	褖
lvok	cangjie	數
lvr	cangjie	袽
lw	cangjie	由
lwb	cangjie	冑胄
lwd	cangjie	裍裸
lwg	cangjie	裡
lwk	cangjie	裀
lwl	cangjie	申
lwlg	cangjie	𧟌
lwli	cangjie	襡
lwlj	cangjie	襗
lwlm	cangjie	𧝁
lwlp	cangjie	襬
lwlv	cangjie	婁
lwmbc	cangjie	頔
lwmvs	cangjie	甹
lwnl	cangjie	邮
lwot	cangjie	褞
lwp	cangjie	曳
lwu	cangjie	电
lx	cangjie	肅
lxh	cangjie	𠂔
lxhaf	cangjie	鷫
lxno	cangjie	歗
ly	cangjie	补
lyav	cangjie	褪
lybb	cangjie	褅
lybp	cangjie	襱
lybu	cangjie	𦚯
lycv	cangjie	䙛
lyd	cangjie	棐
lydu	cangjie	襯
lygq	cangjie	𧞅
lyhq	cangjie	㹃
lyhqu	cangjie	靟
lyiu	cangjie	裗
lyjj	cangjie	褳
lyjwj	cangjie	輩
lyk	cangjie	奜
lylm	cangjie	𧘲
lylmi	cangjie	蜚
lymgi	cangjie	㻗
lynd	cangjie	𩇫
lyoiv	cangjie	餥
lyp	cangjie	悲
lysmm	cangjie	翡
lyto	cangjie	襚
lyub	cangjie	褵
lyv	cangjie	婓
lyvi	cangjie	袨
lywm	cangjie	襢
lyyhv	cangjie	裴
lyyk	cangjie	斐
m	cangjie	一
ma	cangjie	百
mabk	cangjie	厭
mad	cangjie	櫫
mahl	cangjie	㪽
mahr	cangjie	厬
mai	cangjie	戩戬
maiu	cangjie	厩
maln	cangjie	㔆
mam	cangjie	亘
mama	cangjie	皕
mamaa	cangjie	𤾩
mamgi	cangjie	𤧥
mamr	cangjie	碧
mand	cangjie	厚
manl	cangjie	鄑
mbawe	cangjie	𩅍
mbbhg	cangjie	霾
mbbhv	cangjie	霢
mbbie	cangjie	霡
mbbmo	cangjie	霥
mbbuu	cangjie	覼𧢝
mbcc	cangjie	𠫍
mbchj	cangjie	𩆨
mbcn	cangjie	厠
mbcsh	cangjie	雰
mbdbu	cangjie	霜
mbdci	cangjie	𩃭
mbdd	cangjie	霖
mbddh	cangjie	霦
mbdi	cangjie	耐
mbebg	cangjie	霪
mbebr	cangjie	霘
mbed	cangjie	霂
mbejb	cangjie	霈
mbelu	cangjie	霃
mbely	cangjie	𩄼
mbemj	cangjie	䨵
mbemm	cangjie	靋
mbeni	cangjie	霐
mbetc	cangjie	霟
mbetv	cangjie	霮
mbeyr	cangjie	霑
mbeys	cangjie	霶
mbfb	cangjie	霄
mbhaf	cangjie	鴯鷊鸍
mbhdf	cangjie	𩄍
mbhey	cangjie	𩂓
mbhfd	cangjie	雽
mbhhh	cangjie	耏
mbhhw	cangjie	霤
mbhml	cangjie	𩂋
mbhok	cangjie	霺
mbhxu	cangjie	霓
mbijb	cangjie	鬴
mbimo	cangjie	䨏
mbjlv	cangjie	霋
mbk	cangjie	耎
mbkmr	cangjie	𩃤
mbks	cangjie	勵
mblbk	cangjie	雵
mbll	cangjie	而
mblmi	cangjie	融
mblmo	cangjie	雿
mblmy	cangjie	霏
mbm	cangjie	亙
mbmbc	cangjie	顬
mbmbl	cangjie	需
mbmdm	cangjie	靂
mbmgi	cangjie	璽
mbmin	cangjie	𩃬
mbmmi	cangjie	雲
mbmms	cangjie	雩
mbmmv	cangjie	震
mbnhs	cangjie	霧
mbnhu	cangjie	霿
mbnib	cangjie	霱
mbnih	cangjie	雺
mbnkg	cangjie	霆
mbnkm	cangjie	𩃀
mbnl	cangjie	邴
mbnlq	cangjie	𩄐
mbnnn	cangjie	霛
mbnot	cangjie	霯
mbo	cangjie	页
mboah	cangjie	鬺
mbod	cangjie	𩂯
mbog	cangjie	霍
mbogg	cangjie	靃
mbohb	cangjie	𩃥
mboii	cangjie	零
mbowy	cangjie	霉
mbp	cangjie	恧𩂈
mbphe	cangjie	憂
mbpru	cangjie	雹
mbqmb	cangjie	䨝
mbrbc	cangjie	霣
mbrji	cangjie	霵
mbrmr	cangjie	露
mbrrg	cangjie	𤫊
mbrri	cangjie	𩆜
mbrrm	cangjie	靈
mbrrr	cangjie	霝
mbrrv	cangjie	孁
mbrye	cangjie	霞
mbsfi	cangjie	霨
mbsm	cangjie	雪
mbsma	cangjie	霫
mbsmm	cangjie	翮
mbsmr	cangjie	𠻸
mbsrj	cangjie	霹
mbtbk	cangjie	霰
mbtbo	cangjie	靀
mbtcl	cangjie	𩅰
mbtjb	cangjie	霸
mbtlk	cangjie	霙
mbtm	cangjie	雸
mbuc	cangjie	貢頁
mbuce	cangjie	鬷
mbv	cangjie	耍
mbvr	cangjie	𩂰
mbw	cangjie	雷
mbwtc	cangjie	霬
mbwu	cangjie	電
mbwww	cangjie	靁
mbybp	cangjie	靇
mbydl	cangjie	霩
mbyhj	cangjie	𩅛
mbyhs	cangjie	雱
mbyhv	cangjie	𩂱
mbyk	cangjie	雯
mbylw	cangjie	䨤
mbymr	cangjie	霅
mbyrv	cangjie	靄
mbyt	cangjie	雴
mbytn	cangjie	霠
mbytv	cangjie	霎
mbyx	cangjie	霽
mca	cangjie	晋
mche	cangjie	夒
mchq	cangjie	㹕
mcp	cangjie	慐𢥧𢦀
mcw	cangjie	西
mcwm	cangjie	酉
md	cangjie	于
mda	cangjie	曆
mdbt	cangjie	盂
mdbu	cangjie	厢
mddo	cangjie	𠪴
mdhaf	cangjie	鷅
mdm	cangjie	五
mdmgi	cangjie	㻺
mdmr	cangjie	磿
mdnl	cangjie	邘
mdp	cangjie	𢟍
mdylm	cangjie	歴歷
me	cangjie	汞
mec	cangjie	𨫣
mem	cangjie	亟
menl	cangjie	鄾
mer	cangjie	唘
mf	cangjie	不𣎴
mfbk	cangjie	厰爾
mfbq	cangjie	甭
mfbt	cangjie	盃
mfbuc	cangjie	贗
mfbuu	cangjie	覔覝
mfhaf	cangjie	鴀
mfhhh	cangjie	彯
mfhni	cangjie	飄
mfhvo	cangjie	瓢
mfj	cangjie	平
mfjbm	cangjie	𠁆
mfk	cangjie	奀
mfks	cangjie	勡
mfln	cangjie	剽
mfm	cangjie	丕
mfmbc	cangjie	願顠
mfmmf	cangjie	祘
mfmym	cangjie	歪
mfnl	cangjie	鄢
mfomi	cangjie	𠀾
mfp	cangjie	愿
mfr	cangjie	否
mfrbc	cangjie	𧶏
mfsmm	cangjie	翲
mfvnd	cangjie	孬
mfyiu	cangjie	𥜆
mg	cangjie	王𤣩
mgaa	cangjie	琩
mgabt	cangjie	瑥
mgabu	cangjie	瑁
mgahm	cangjie	瑆
mgahu	cangjie	瑂
mgamh	cangjie	瑒
mgamo	cangjie	瑅
mgana	cangjie	𤩎
mganw	cangjie	瓓
mgapp	cangjie	琨
mgau	cangjie	琶
mgav	cangjie	珢
mgawe	cangjie	㻴
mgayf	cangjie	璟
mgayk	cangjie	琝
mgb	cangjie	再玥
mgbb	cangjie	㻚
mgbbe	cangjie	璦
mgbbq	cangjie	𤩥
mgbcd	cangjie	琛
mgbcv	cangjie	瓔
mgbgr	cangjie	琱
mgbhn	cangjie	𤤌
mgbhx	cangjie	瑫
mgbjj	cangjie	琿
mgbm	cangjie	珇
mgbme	cangjie	瑗
mgbnd	cangjie	琈
mgbou	cangjie	瑤瑶
mgbsd	cangjie	琤
mgbt	cangjie	珊
mgbuc	cangjie	珼
mgbuu	cangjie	現
mgby	cangjie	玬
mgc	cangjie	𨨖
mgci	cangjie	玜
mgcnh	cangjie	珶
mgcsh	cangjie	玢
mgcwa	cangjie	璔
mgd	cangjie	琹
mgdd	cangjie	琳
mgddo	cangjie	璴
mgdhe	cangjie	玻
mgdk	cangjie	玦
mgdmq	cangjie	瑋
mgdoo	cangjie	琜
mgdwf	cangjie	瑓
mgea	cangjie	𤦊
mgegi	cangjie	琺
mgeii	cangjie	瑵
mgemn	cangjie	𤤾
mgfb	cangjie	琑
mgfbb	cangjie	瑺
mgfbc	cangjie	瑣
mgfbw	cangjie	璫
mgfdq	cangjie	璘
mgff	cangjie	琰
mgffd	cangjie	𤪤
mgffg	cangjie	㼆
mgffs	cangjie	𤩂
mgfmu	cangjie	珖
mgfqu	cangjie	𤦔
mgg	cangjie	厓𤣰
mggb	cangjie	珃
mggce	cangjie	𤦫
mggg	cangjie	珪
mgggu	cangjie	𤩊
mggi	cangjie	珐
mggnf	cangjie	瓙
mggp	cangjie	𤥴
mggsk	cangjie	璈
mgha	cangjie	珀
mghae	cangjie	瑔
mghaf	cangjie	鳿鵄𪆒
mghag	cangjie	瑝
mghbr	cangjie	珦
mghby	cangjie	珘
mghdd	cangjie	㻑
mghdf	cangjie	𤧐
mghdg	cangjie	𤩏
mghdl	cangjie	𤦋
mghdn	cangjie	琍
mghds	cangjie	琇
mghdw	cangjie	璠
mghej	cangjie	琒
mgher	cangjie	珞
mghgr	cangjie	𤥢
mghgu	cangjie	珗
mghhe	cangjie	瓈
mghhj	cangjie	琕
mghhl	cangjie	珋
mghhw	cangjie	瑠
mghi	cangjie	瑰
mghj	cangjie	𤣳
mghjd	cangjie	珠
mghje	cangjie	瑖
mghjr	cangjie	𤪔
mghkb	cangjie	𤩝
mghlb	cangjie	瑀
mghnb	cangjie	珮
mghnf	cangjie	𤪧
mghoh	cangjie	𤨤𤪱
mghon	cangjie	珩𤦷
mghoo	cangjie	瑽
mghqi	cangjie	珴
mghuc	cangjie	瓚
mghwp	cangjie	璁
mghxc	cangjie	璵
mghxu	cangjie	𤦤
mgi	cangjie	㺨玉玊
mgiav	cangjie	琅
mgice	cangjie	㻐
mgihr	cangjie	瑊
mgihs	cangjie	珹臹
mgihu	cangjie	玧
mgii	cangjie	琖
mgiib	cangjie	𤨡
mgiil	cangjie	瑯
mgije	cangjie	球
mgilg	cangjie	班
mgilr	cangjie	瑭
mgine	cangjie	𤤯
mging	cangjie	𤧻
mgir	cangjie	珆
mgirm	cangjie	琙
mgisb	cangjie	㻞
mgisk	cangjie	璷
mgjbc	cangjie	瑱
mgjbm	cangjie	𤦌
mgjch	cangjie	瑏
mgjcr	cangjie	瑢
mgjhw	cangjie	𤪺
mgjii	cangjie	瑼
mgjip	cangjie	璤
mgjkp	cangjie	珯
mgjkr	cangjie	𤨥
mgjmc	cangjie	璌璸
mgjmf	cangjie	琮
mgjmm	cangjie	瑄
mgjmo	cangjie	琔𤨎
mgjmu	cangjie	𤩷
mgjnu	cangjie	琬
mgjpn	cangjie	𤪥
mgjrb	cangjie	瑚
mgjrr	cangjie	琯
mgjru	cangjie	𤥣
mgjv	cangjie	𤥃
mgjyu	cangjie	𤪓
mgkb	cangjie	珛
mgkcf	cangjie	璙
mgkhr	cangjie	𤨦
mgkkb	cangjie	琋
mgkld	cangjie	珔臶
mgkmr	cangjie	琦
mgkoo	cangjie	𤥵
mgks	cangjie	玏
mgksr	cangjie	珈
mgkss	cangjie	珕
mgle	cangjie	㻖
mglll	cangjie	玔
mglln	cangjie	𤤖
mglmo	cangjie	珧
mglmt	cangjie	璶
mglmy	cangjie	琲
mgln	cangjie	到
mglq	cangjie	珒
mglwl	cangjie	珅
mglx	cangjie	璛
mgm	cangjie	玒
mgma	cangjie	𤤿
mgmbb	cangjie	瓀
mgmbc	cangjie	頊
mgmbe	cangjie	𤫑
mgmbm	cangjie	𤫩
mgmbr	cangjie	𤫢
mgmd	cangjie	玗
mgmf	cangjie	𦤹
mgmfj	cangjie	玶
mgmg	cangjie	玨
mgmgh	cangjie	璱
mgmgi	cangjie	珏
mgmhl	cangjie	琊
mgmia	cangjie	瑨
mgmig	cangjie	臸
mgmj	cangjie	玕
mgmlm	cangjie	𤦩
mgmmp	cangjie	𤫟
mgmmr	cangjie	珸
mgmmu	cangjie	玩
mgmn	cangjie	玎
mgmnr	cangjie	珂
mgmpm	cangjie	珷
mgmso	cangjie	琢
mgmt	cangjie	𤣿
mgmtb	cangjie	𤪲
mgmue	cangjie	𤧶
mgmvh	cangjie	玡
mgmvn	cangjie	甄
mgmwd	cangjie	瑮
mgmwf	cangjie	𤨧
mgmwj	cangjie	㻼
mgnau	cangjie	㻊
mgnbe	cangjie	瓊
mgnbk	cangjie	瑍
mgnd	cangjie	㺭
mgne	cangjie	𤣻
mgnf	cangjie	珎
mgnhb	cangjie	璚
mgnhd	cangjie	瑈
mgnin	cangjie	𤥀
mgnir	cangjie	𤥁
mgnj	cangjie	𤣲
mgnkg	cangjie	珽
mgnkq	cangjie	𤧣
mgnl	cangjie	郅鄄
mgno	cangjie	歅玖
mgnot	cangjie	璒
mgnqd	cangjie	㻧
mgo	cangjie	珡
mgog	cangjie	琟
mgohb	cangjie	𤦍
mgohh	cangjie	珍
mgoii	cangjie	玲
mgoin	cangjie	玪琴
mgoip	cangjie	玳𤦬
mgoir	cangjie	琀瑲
mgoj	cangjie	玝
mgoju	cangjie	珤
mgok	cangjie	玫致
mgoll	cangjie	玠
mgoma	cangjie	璯
mgomb	cangjie	𤦎
mgomd	cangjie	㻌
mgomg	cangjie	㻇
mgomn	cangjie	瑜
mgomr	cangjie	珨
mgono	cangjie	琁
mgord	cangjie	𤦸
mgotq	cangjie	𤪕
mgowy	cangjie	珻
mgoyk	cangjie	𤨨
mgpa	cangjie	珣
mgph	cangjie	珌瑟
mgphp	cangjie	𤦏
mgpi	cangjie	玓
mgpko	cangjie	𤪦
mgpkp	cangjie	𤧚
mgpp	cangjie	玭琵
mgppa	cangjie	瑎
mgpru	cangjie	玸
mgpt	cangjie	玴
mgptd	cangjie	㻡
mgpu	cangjie	𤤀
mgqhf	cangjie	𤩦
mgqj	cangjie	玤
mgqjm	cangjie	㻰
mgqjp	cangjie	𤪳
mgqka	cangjie	瑃
mgqkd	cangjie	瑧臻
mgqkq	cangjie	琫
mgqmb	cangjie	𤦭
mgqmw	cangjie	瑇
mgqo	cangjie	玞
mgrb	cangjie	琄
mgrhg	cangjie	珵
mgrmr	cangjie	璐
mgrpa	cangjie	瑉
mgrr	cangjie	噩
mgrrd	cangjie	璪
mgrrj	cangjie	𤩧
mgrvp	cangjie	珉
mgrye	cangjie	瑕
mgryo	cangjie	珿
mgshr	cangjie	玿
mgsj	cangjie	珥
mgsjr	cangjie	琚
mgsk	cangjie	厫
mgskr	cangjie	珺
mgsll	cangjie	㺿
mgsmh	cangjie	璆
mgsmi	cangjie	璕
mgsmj	cangjie	璻
mgsmm	cangjie	珝
mgsp	cangjie	𤤗
mgsqf	cangjie	瑪
mgsql	cangjie	𤥶
mgstt	cangjie	𤧅
mgstv	cangjie	𤧷
mgsu	cangjie	玘𤣱
mgt	cangjie	弄
mgtbc	cangjie	琠
mgtbn	cangjie	瑐
mgtc	cangjie	珙
mgtcf	cangjie	𤪌
mgtcg	cangjie	璂
mgtch	cangjie	𤦈
mgtcl	cangjie	𤩐
mgtco	cangjie	璞
mgtgk	cangjie	𤧞
mgtgt	cangjie	瓂
mgtgu	cangjie	琷
mgthn	cangjie	㻳
mgti	cangjie	㕑
mgtio	cangjie	𤦧
mgtjs	cangjie	𤨕
mgtlb	cangjie	璊
mgtlf	cangjie	𤫇
mgtlk	cangjie	瑛
mgtlm	cangjie	瑾
mgtlo	cangjie	𤨢
mgtm	cangjie	玵
mgtmc	cangjie	琪璜
mgtmj	cangjie	璍
mgtnk	cangjie	𤩸
mgtod	cangjie	瑹
mgtoe	cangjie	瓁
mgtq	cangjie	珜
mgtqg	cangjie	𤨩
mgtqm	cangjie	瑳
mgtrg	cangjie	瓘
mgtrk	cangjie	璥
mgtt	cangjie	㻂
mgtvi	cangjie	𤧹
mgtxc	cangjie	㻩
mgtyj	cangjie	𤪼
mguap	cangjie	𤨾
mgufk	cangjie	𤪖
mgumb	cangjie	瑞
mgumt	cangjie	𤧸
mguob	cangjie	瓗
mguog	cangjie	璀
mguon	cangjie	琌
mgutn	cangjie	𤩑
mgvid	cangjie	瓅
mgvii	cangjie	璣
mgvio	cangjie	𤤳
mgviw	cangjie	㼄
mgvl	cangjie	㺩
mgvne	cangjie	琭
mgvno	cangjie	瑑
mgvvd	cangjie	璅
mgvvw	cangjie	瑙
mgwg	cangjie	理
mgwk	cangjie	珚
mgwkp	cangjie	𤨒
mgwl	cangjie	玾
mgwli	cangjie	㻿
mgwlv	cangjie	環
mgwtj	cangjie	㻫
mgwww	cangjie	瓃
mgy	cangjie	㺪
mgyaj	cangjie	琸
mgybc	cangjie	𤦹
mgybj	cangjie	璭
mgybk	cangjie	瓛
mgybp	cangjie	瓏
mgybr	cangjie	𤩅
mgybs	cangjie	𤧭
mgybu	cangjie	璿𤪻
mgyck	cangjie	珓
mgyed	cangjie	璨𤨪
mgyfe	cangjie	琡
mgygq	cangjie	㼀
mgyhs	cangjie	𤤁
mgyiu	cangjie	珫琉
mgyjj	cangjie	璉
mgyk	cangjie	玟
mgykg	cangjie	斑
mgykh	cangjie	珳
mgylc	cangjie	𤥂
mgymp	cangjie	玼
mgyog	cangjie	璡
mgyoj	cangjie	琗
mgyok	cangjie	𤥿
mgypo	cangjie	璩
mgypt	cangjie	瓐
mgypu	cangjie	琥
mgyr	cangjie	玷
mgyrf	cangjie	琼
mgyrn	cangjie	𤧟
mgyru	cangjie	𤦻
mgyrv	cangjie	瓖
mgysd	cangjie	㻢
mgyso	cangjie	璇
mgytj	cangjie	璋
mgyto	cangjie	璲
mgytr	cangjie	琣𤦺
mgyub	cangjie	璃
mgyvi	cangjie	玹
mgywv	cangjie	瓌
mgyx	cangjie	璾
mgyyb	cangjie	瓋
mh	cangjie	厂
mhaf	cangjie	原
mhdd	cangjie	厤
mhgu	cangjie	𠀡
mhhaf	cangjie	鴉
mhjm	cangjie	厜
mhlv	cangjie	𥘅
mhnl	cangjie	邪
mhog	cangjie	雅
mhoiv	cangjie	餮
mhpm	cangjie	厎
mhs	cangjie	厏
mibbe	cangjie	靉
micsh	cangjie	瓰
mig	cangjie	至
mihaf	cangjie	䲰
mihi	cangjie	魂
mihqu	cangjie	瓱
miia	cangjie	晉
mij	cangjie	瓧
miks	cangjie	动
mima	cangjie	瓸
mimgi	cangjie	𤤴
mimwg	cangjie	甅
minl	cangjie	鄏
mioin	cangjie	霒
mipt	cangjie	𤤙
mipu	cangjie	瓲
mitgi	cangjie	𤩺
miuh	cangjie	厖
miyle	cangjie	靆
mj	cangjie	干
mjbc	cangjie	厧
mjf	cangjie	烎
mjhaf	cangjie	鳱鷣
mjixp	cangjie	麉
mjln	cangjie	刊
mjmbc	cangjie	頇
mjnl	cangjie	邗
mjok	cangjie	敢
mjwj	cangjie	厙
mk	cangjie	天
mkdhe	cangjie	𥀬
mkg	cangjie	壓𡍶
mkhi	cangjie	魘
mkhqm	cangjie	甦
mkmwl	cangjie	靨
mknl	cangjie	郠
mkoiv	cangjie	饜
mkp	cangjie	憨
mkq	cangjie	擪
mks	cangjie	功
mku	cangjie	无
mkv	cangjie	嬮
mkwgf	cangjie	黶
mkwl	cangjie	厴
ml	cangjie	丌
mlbo	cangjie	兩
mlbu	cangjie	両
mlby	cangjie	⻗雨
mllm	cangjie	亞
mllw	cangjie	覀
mlm	cangjie	工
mlmy	cangjie	厞
mlvs	cangjie	丏
mlwk	cangjie	更
mm	cangjie	二
mmbb	cangjie	丽
mmbbp	cangjie	麗
mmbc	cangjie	項
mmf	cangjie	示
mmg	cangjie	堊
mmhaf	cangjie	鵛鵡
mmi	cangjie	云
mmig	cangjie	厔
mmks	cangjie	勁
mml	cangjie	亓
mmlmi	cangjie	蝁
mmln	cangjie	剄
mmm	cangjie	三
mmmbc	cangjie	頸
mmmm	cangjie	㠭
mmmv	cangjie	辰
mmn	cangjie	亍
mmnl	cangjie	邳
mmok	cangjie	政
mmp	cangjie	惡𢘫
mmr	cangjie	吾
mmti	cangjie	厨
mmu	cangjie	元
mmue	cangjie	厦
mmuu	cangjie	黿
mmvh	cangjie	厊
mmvn	cangjie	瓨
mmvs	cangjie	巧
mmyiu	cangjie	巰
mmypu	cangjie	虣
mn	cangjie	丁
mnbm	cangjie	殂
mnbnd	cangjie	殍
mnc	cangjie	銎
mnf	cangjie	烈
mng	cangjie	型
mngbt	cangjie	殪
mngwc	cangjie	殰
mnhaf	cangjie	殦鴷
mnhbt	cangjie	殈
mnhjd	cangjie	殊
mnhk	cangjie	殀
mnhne	cangjie	殁
mnhpa	cangjie	殙
mnhuk	cangjie	殠
mni	cangjie	歹
mnii	cangjie	殘
mnije	cangjie	殏
mnir	cangjie	殆
mnjbm	cangjie	殖
mnjmc	cangjie	殥殯
mnjru	cangjie	殑
mnk	cangjie	𣧂
mnklu	cangjie	殗
mnkoo	cangjie	殎
mnkpb	cangjie	殢
mnl	cangjie	邛
mnlbk	cangjie	殃
mnle	cangjie	殔
mnlmi	cangjie	蛩
mnln	cangjie	列
mnlq	cangjie	肂
mnmbc	cangjie	頂
mnmem	cangjie	殛
mnmvm	cangjie	殌
mnmwm	cangjie	殭
mnne	cangjie	歿
mnnwf	cangjie	鮤
mnoah	cangjie	殤
mnohh	cangjie	殄
mnoim	cangjie	殲
mnoiv	cangjie	飱
mnomo	cangjie	殮
mnp	cangjie	恐死𢢭
mnpa	cangjie	殉
mnphh	cangjie	歾
mnq	cangjie	㧬
mnr	cangjie	可
mnrbc	cangjie	殞
mnrrj	cangjie	殫
mnryo	cangjie	跫
mntlj	cangjie	鞏
mntlm	cangjie	殣
mnv	cangjie	姴
mnwot	cangjie	殟
mnyfu	cangjie	殧
mnyhv	cangjie	裂
mnytr	cangjie	殕
mo	cangjie	仄
moau	cangjie	豝
moav	cangjie	豤
mob	cangjie	丙
mobuu	cangjie	覡
mobvk	cangjie	豯
mof	cangjie	燹
mogbt	cangjie	豷
mogc	cangjie	贋
mogf	cangjie	㷳
mohaf	cangjie	鵐鷢
mohf	cangjie	鴈
mohoo	cangjie	豵
mohsn	cangjie	豟
mojka	cangjie	豬
mojtc	cangjie	豶
moju	cangjie	厒
mok	cangjie	攻
mokkb	cangjie	豨
molmi	cangjie	蟨
moln	cangjie	剢劂
momhf	cangjie	豲
momso	cangjie	豩
momt	cangjie	豜
moo	cangjie	巫
moob	cangjie	两
moog	cangjie	雁
mook	cangjie	𢽴
morye	cangjie	豭
moryo	cangjie	蹷
moumb	cangjie	䝎
mowot	cangjie	豱
moyvo	cangjie	豥
mphaf	cangjie	鸝
mphhh	cangjie	彲
mpnl	cangjie	酈
mpylm	cangjie	武
mr	cangjie	石
mramh	cangjie	碭
mrami	cangjie	碍
mrana	cangjie	磵
mrapv	cangjie	碣
mrav	cangjie	硍
mrbb	cangjie	硼
mrbbm	cangjie	𥑬
mrbbr	cangjie	碢
mrbgr	cangjie	碉
mrbhx	cangjie	𥔿
mrbj	cangjie	鞷
mrbl	cangjie	鬲
mrbm	cangjie	砠
mrbmr	cangjie	硐
mrbou	cangjie	磘
mrbq	cangjie	砽
mrbsd	cangjie	碀
mrbtu	cangjie	碙
mrbuc	cangjie	𧵔
mrbuu	cangjie	硯
mrbvk	cangjie	磎
mrby	cangjie	砃
mrc	cangjie	𥐙
mrcsh	cangjie	砏
mrcwa	cangjie	磳
mrdam	cangjie	碴
mrdci	cangjie	硹
mrdd	cangjie	碄
mrddo	cangjie	礎
mrdhe	cangjie	破
mrdj	cangjie	砞
mrdm	cangjie	砵
mre	cangjie	泵砅
mrea	cangjie	䂿
mreed	cangjie	磉
mresd	cangjie	磲
mrfb	cangjie	硝
mrfbw	cangjie	礑
mrfdq	cangjie	磷
mrfdr	cangjie	𥕝
mrfff	cangjie	礯
mrffs	cangjie	磱
mrfh	cangjie	砂
mrfmu	cangjie	硄
mrgg	cangjie	硅
mrggu	cangjie	磽
mrgi	cangjie	砝
mrgit	cangjie	磕
mrgr	cangjie	硈
mrgrr	cangjie	礂
mrgsk	cangjie	磝
mrhdw	cangjie	磻
mrher	cangjie	硌
mrhgr	cangjie	硞
mrhhj	cangjie	碑
mrhi	cangjie	磈
mrhio	cangjie	砭
mrhjd	cangjie	硃
mrhje	cangjie	碫
mrhjm	cangjie	硾
mrhkb	cangjie	礄
mrhlc	cangjie	礩
mrhml	cangjie	斫
mrhmy	cangjie	䂨
mrhn	cangjie	𥐥
mrhne	cangjie	砓
mrhni	cangjie	矾碸
mrhnk	cangjie	砜
mrhp	cangjie	矺
mrhpa	cangjie	碈
mrhpm	cangjie	砥
mrhqi	cangjie	硪
mrhs	cangjie	砟
mrhsb	cangjie	碥
mrhsk	cangjie	礉
mrhsn	cangjie	砨
mrhuc	cangjie	礸
mrhwk	cangjie	硇
mrhwp	cangjie	磇
mrhyu	cangjie	磃
mriav	cangjie	硠
mribi	cangjie	磗
mridr	cangjie	礳
mridy	cangjie	䃺
mrie	cangjie	砯
mrihf	cangjie	磩
mrihr	cangjie	碱
mriih	cangjie	磣
mrilr	cangjie	磄
mrism	cangjie	𥔱
mritc	cangjie	礦
mriuh	cangjie	硥
mrjbc	cangjie	磌
mrjcm	cangjie	硿
mrjii	cangjie	磚
mrjkp	cangjie	硓
mrjmc	cangjie	礗
mrjmm	cangjie	碹
mrjmo	cangjie	碇
mrjnu	cangjie	碗
mrjp	cangjie	砣
mrjqr	cangjie	磍
mrjr	cangjie	𥑮
mrjwj	cangjie	硨
mrkkk	cangjie	磢
mrkmr	cangjie	碕
mrkoo	cangjie	硤
mrksr	cangjie	𥑆
mrlln	cangjie	砩
mrlq	cangjie	硉
mrlwl	cangjie	砷
mrm	cangjie	矼
mrmbb	cangjie	礝
mrmbc	cangjie	碩
mrmbg	cangjie	礭
mrmbs	cangjie	𥗠
mrmbu	cangjie	礵
mrmbw	cangjie	礌
mrmcw	cangjie	硒
mrmfj	cangjie	砰
mrmgi	cangjie	砡
mrmgt	cangjie	硦
mrmj	cangjie	矸
mrmlk	cangjie	硬
mrmmi	cangjie	𥐯
mrmn	cangjie	矴
mrmnr	cangjie	砢
mrmpm	cangjie	碔
mrmr	cangjie	砳
mrmrr	cangjie	磊
mrmso	cangjie	硺
mrmsu	cangjie	砈
mrmt	cangjie	研
mrmtb	cangjie	礪
mrmtn	cangjie	硎
mrmu	cangjie	矹
mrmvb	cangjie	磭
mrmvh	cangjie	砑
mrmvm	cangjie	硜
mrmwj	cangjie	磹
mrmwm	cangjie	礓
mrnbg	cangjie	确
mrnd	cangjie	矷
mrnhe	cangjie	砐
mrni	cangjie	矽
mrnl	cangjie	郚酃
mrnmu	cangjie	硊
mrno	cangjie	歌砍
mrnot	cangjie	磴
mrnqd	cangjie	磔
mrnr	cangjie	哥
mrobg	cangjie	確
mrog	cangjie	碓
mrogd	cangjie	磼
mrogf	cangjie	礁
mroii	cangjie	砱
mrok	cangjie	敔
mroll	cangjie	砎
mrom	cangjie	砼
mromb	cangjie	碖
mromd	cangjie	硢
mromg	cangjie	硂
mromo	cangjie	礆
mron	cangjie	矻
mrpko	cangjie	礙
mrpp	cangjie	砒
mrppa	cangjie	䃈
mrpru	cangjie	砲
mrpsh	cangjie	砌
mrptd	cangjie	碟
mrpu	cangjie	砘
mrqhk	cangjie	碶
mrqmb	cangjie	碃
mrqmc	cangjie	磧
mrqmy	cangjie	碡
mrqo	cangjie	砆
mrrbc	cangjie	磒
mrrrj	cangjie	磾
mrrrk	cangjie	礹
mrrye	cangjie	碬
mrryo	cangjie	𨀂
mrsec	cangjie	礥
mrseg	cangjie	䃘
mrsfk	cangjie	礮
mrsit	cangjie	礛
mrsk	cangjie	𥐰
mrslb	cangjie	砸
mrsmh	cangjie	磟
mrsmv	cangjie	䂻
mrsqf	cangjie	碼
mrsrj	cangjie	礔
mrsrr	cangjie	𥕥
mrstv	cangjie	碾
mrt	cangjie	豆
mrta	cangjie	碏
mrtbc	cangjie	碘
mrtbf	cangjie	礤
mrtbk	cangjie	䃟
mrtbo	cangjie	礞
mrtc	cangjie	硔
mrtcg	cangjie	𥕛
mrtei	cangjie	礴
mrtgi	cangjie	礒
mrtgo	cangjie	𥖄
mrtgr	cangjie	磰
mrtii	cangjie	礡
mrtju	cangjie	𥕜
mrtk	cangjie	砹
mrtlf	cangjie	𥗕
mrtlk	cangjie	碤
mrtmc	cangjie	磺
mrtmv	cangjie	碪
mrtqm	cangjie	磋
mrtrg	cangjie	礶
mrtt	cangjie	硑
mrttc	cangjie	碰
mrtvi	cangjie	磁𥔵
mrtvs	cangjie	磡
mrtwa	cangjie	𥕢
mrtwi	cangjie	礣𥖁
mrtxc	cangjie	磏
mrtyv	cangjie	硭
mrubb	cangjie	磞
mrumf	cangjie	碳
mrumt	cangjie	磑
mruob	cangjie	磮
mruog	cangjie	磪
mrvid	cangjie	礫
mrvii	cangjie	磯
mrvne	cangjie	碌
mrvvw	cangjie	碯
mrwd	cangjie	硱
mrwhd	cangjie	碅
mrwmv	cangjie	碨
mrwvf	cangjie	磥
mrwww	cangjie	礧
mrwyc	cangjie	𥖏
mrwyi	cangjie	砪
mrybb	cangjie	碲
mrybp	cangjie	礲
mrybs	cangjie	磅
mrycv	cangjie	𥕦
mrydk	cangjie	礅
mryg	cangjie	砫
mryhr	cangjie	磓
mryiu	cangjie	硫
mryoj	cangjie	碎
mryr	cangjie	砧
mryrb	cangjie	碻
mryrn	cangjie	碠
mryt	cangjie	砬
mrytj	cangjie	𥕞
mrytr	cangjie	碚
mryvo	cangjie	硋
mrywi	cangjie	磠
ms	cangjie	万
mshjg	cangjie	𩅞
msho	cangjie	豕
msko	cangjie	豖
msl	cangjie	卭
msnl	cangjie	鄠
msok	cangjie	攷
msu	cangjie	厄
msv	cangjie	𠩐
mt	cangjie	幵
mta	cangjie	厝晉
mtc	cangjie	亚
mtcl	cangjie	厮
mthaf	cangjie	鳽
mthhh	cangjie	形
mthhj	cangjie	豍
mtje	cangjie	豉
mtjnu	cangjie	豌
mtlm	cangjie	厪
mtln	cangjie	刑
mtm	cangjie	豇
mtmbc	cangjie	頭
mtnl	cangjie	邢郖
mtog	cangjie	雃
mtq	cangjie	揅
mttxc	cangjie	豏
mtuo	cangjie	厥
mtwb	cangjie	厲
mu	cangjie	兀兀
mua	cangjie	朁
muali	cangjie	蠶
mub	cangjie	襾
muf	cangjie	炁
muhaf	cangjie	䲮鸘
muhe	cangjie	夏
mui	cangjie	戛
mukll	cangjie	奡
mulmi	cangjie	虺
muln	cangjie	刓
mumbc	cangjie	頑
mumrb	cangjie	鬵
mumso	cangjie	豗
munl	cangjie	邧
munmu	cangjie	卼
musmm	cangjie	𦒘
muw	cangjie	画
mv	cangjie	匚匸
mvb	cangjie	脣
mvdh	cangjie	牙
mvdi	cangjie	辱
mvku	cangjie	旡
mvlmi	cangjie	蜃
mvni	cangjie	瓦
mvnm	cangjie	互
mvphh	cangjie	覅
mvr	cangjie	唇
mvvm	cangjie	巠
mwahm	cangjie	醒
mwaj	cangjie	覃
mwamo	cangjie	醍
mwapp	cangjie	醌
mwbdi	cangjie	酹
mwbmr	cangjie	酮
mwbuc	cangjie	賈
mwbuu	cangjie	靦
mwbwi	cangjie	釂
mwcsh	cangjie	酚
mwd	cangjie	栗
mwdd	cangjie	醂
mwdi	cangjie	酎
mweee	cangjie	醊
mwfd	cangjie	粟
mwg	cangjie	厘垔
mwgg	cangjie	㕓
mwgni	cangjie	醻
mwhaf	cangjie	鶝
mwhd	cangjie	酥
mwher	cangjie	酪
mwhgf	cangjie	醺
mwhgr	cangjie	酷
mwhgu	cangjie	酰
mwhi	cangjie	醜
mwhio	cangjie	覂
mwhne	cangjie	酘
mwhoe	cangjie	覆
mwhqu	cangjie	酕
mwhs	cangjie	酢
mwhsk	cangjie	覈
mwhxe	cangjie	醙
mwice	cangjie	酸
mwidd	cangjie	醾
mwidy	cangjie	釄
mwihr	cangjie	醎
mwii	cangjie	醆
mwijb	cangjie	酺
mwik	cangjie	䣭
mwiku	cangjie	𨠄
mwill	cangjie	酬
mwilr	cangjie	醣
mwjcs	cangjie	醡
mwjdi	cangjie	酧
mwjka	cangjie	醏
mwjkd	cangjie	酵
mwjp	cangjie	酡
mwjr	cangjie	酤
mwjrb	cangjie	醐
mwki	cangjie	酞
mwklu	cangjie	醃
mwkrt	cangjie	醢
mwks	cangjie	𠡳
mwlbu	cangjie	酖
mwlii	cangjie	蠠
mwlkt	cangjie	醠
mwln	cangjie	副
mwlut	cangjie	醓
mwmbb	cangjie	醹
mwmbr	cangjie	醽
mwmd	cangjie	酑
mwmj	cangjie	酐
mwmm	cangjie	畺
mwmmf	cangjie	票
mwmmp	cangjie	釃
mwmn	cangjie	酊
mwmnr	cangjie	酠
mwmwf	cangjie	醥
mwmwj	cangjie	醰
mwnir	cangjie	酩
mwnob	cangjie	醑
mwnoe	cangjie	醱
mwnok	cangjie	䤆
mwog	cangjie	醀
mwogf	cangjie	醮
mwomd	cangjie	酴
mwomo	cangjie	醶
mwowy	cangjie	酶
mwpa	cangjie	酯
mwpd	cangjie	酏
mwpi	cangjie	酌
mwpou	cangjie	醄
mwqo	cangjie	酜
mwrb	cangjie	䣺
mwrhg	cangjie	酲
mwrrk	cangjie	釅
mwsmh	cangjie	醪
mwsmr	cangjie	䣳
mwsrr	cangjie	醧
mwsu	cangjie	配
mwta	cangjie	醋
mwtco	cangjie	醭
mwtjb	cangjie	覇
mwtjf	cangjie	覊
mwtjr	cangjie	覉
mwtlf	cangjie	醼
mwtm	cangjie	酣
mwtmc	cangjie	䤑
mwtog	cangjie	醛
mwtqm	cangjie	醝
mwtwa	cangjie	醩
mwtwt	cangjie	醴
mwtwv	cangjie	醲
mwuk	cangjie	酗
mwv	cangjie	要
mwvib	cangjie	酳
mwvne	cangjie	醁
mwwlj	cangjie	醳
mwwot	cangjie	醞
mwyfd	cangjie	醚
mwyiu	cangjie	酼
mwyj	cangjie	酙
mwyl	cangjie	面
mwyoj	cangjie	醉
mwypo	cangjie	醵
mwyr	cangjie	酟
mwyrd	cangjie	醇
mwyrv	cangjie	釀
mwytp	cangjie	醷
mwytr	cangjie	醅
mwyub	cangjie	醨
mwyut	cangjie	醯
my	cangjie	下
mybp	cangjie	龎
mylf	cangjie	焉
mylm	cangjie	正
myo	cangjie	𤴓
myp	cangjie	忑
mypt	cangjie	𠫂
mytj	cangjie	厗
myvs	cangjie	丐
n	cangjie	弓
nahu	cangjie	免
napo	cangjie	象
nau	cangjie	弝色
nbam	cangjie	觛
nbb	cangjie	弸
nbbue	cangjie	敻𢿌
nbci	cangjie	䚗
nbdk	cangjie	觖
nbdl	cangjie	觫
nbfmu	cangjie	觥
nbg	cangjie	墮角
nbgg	cangjie	觟
nbhaf	cangjie	鷸
nbher	cangjie	觡
nbhpm	cangjie	觝
nbhq	cangjie	𧣈
nbhqu	cangjie	氄
nbhvo	cangjie	觚
nbhxu	cangjie	觬
nbije	cangjie	觩
nbjka	cangjie	觰
nbk	cangjie	奐
nbkmr	cangjie	觭
nbks	cangjie	勇觔
nblmi	cangjie	触
nbln	cangjie	劀
nbme	cangjie	觨
nbmgi	cangjie	瓕
nbnbe	cangjie	觼
nbnhe	cangjie	觙
nbnmu	cangjie	觤
nboah	cangjie	觴
nbogs	cangjie	𧤤
nboo	cangjie	𧢲
nbop	cangjie	隳
nbp	cangjie	恿
nbq	cangjie	⻆
nbrrj	cangjie	觶
nbshq	cangjie	解
nbtgq	cangjie	觲
nbtlf	cangjie	觾
nbtq	cangjie	觧
nbu	cangjie	嶞
nbuc	cangjie	負
nbue	cangjie	彏
nbuob	cangjie	觿
nbvid	cangjie	觻
nbvl	cangjie	觓
nbwli	cangjie	觸
nbyj	cangjie	斛
nc	cangjie	小
ncymr	cangjie	詹
nd	cangjie	子
ndbt	cangjie	孟
ndbuc	cangjie	孭
ndhaf	cangjie	鶔
ndhvf	cangjie	孫
ndhvo	cangjie	孤
ndjmf	cangjie	孮
ndlmt	cangjie	孻
ndln	cangjie	刴
ndmbb	cangjie	孺
ndmlm	cangjie	孲
ndnau	cangjie	㝃
ndnbc	cangjie	𡥼
ndnd	cangjie	孖
ndnda	cangjie	孴
ndndd	cangjie	孨
ndok	cangjie	孜
ndpru	cangjie	孢
ndr	cangjie	𡥄
ndtlb	cangjie	𡦖
ndu	cangjie	孔
ndwyi	cangjie	𣫮
ndymr	cangjie	𡥪
ndyvo	cangjie	孩
ne	cangjie	氶
neg	cangjie	𡍵
nem	cangjie	丞
nemb	cangjie	脀
nemf	cangjie	烝
nemsu	cangjie	巹
nf	cangjie	尔
nfaa	cangjie	鯧
nfabt	cangjie	鰛
nfagi	cangjie	鰣
nfail	cangjie	鯽
nfamo	cangjie	鯷
nfapp	cangjie	鯤
nfasm	cangjie	鰨
nfau	cangjie	䰾
nfawe	cangjie	鰻
nfb	cangjie	弰
nfbcn	cangjie	鰂
nfbgr	cangjie	鯛
nfbmr	cangjie	鮦
nfbof	cangjie	鰶
nfbou	cangjie	鰩
nfcru	cangjie	鮵
nfcsh	cangjie	魵
nfdhe	cangjie	鮍
nfdn	cangjie	粥
nfdoo	cangjie	鯠
nfdwf	cangjie	鰊
nfeii	cangjie	鰠
nfemw	cangjie	䲤
nffb	cangjie	鮹
nffba	cangjie	鱨
nffdq	cangjie	鱗
nffh	cangjie	魦
nfg	cangjie	𩵚
nfgce	cangjie	鯪
nfgcg	cangjie	鯥
nfgg	cangjie	鮭
nfggu	cangjie	鱙
nfgi	cangjie	魼
nfgr	cangjie	鮚
nfhag	cangjie	鰉
nfhd	cangjie	穌
nfhdd	cangjie	鯚
nfhdf	cangjie	鰍
nfhdn	cangjie	鯏
nfhdw	cangjie	鱕
nfhe	cangjie	魬
nfher	cangjie	鮥
nfhey	cangjie	鮗
nfhhw	cangjie	鰡
nfhir	cangjie	鱵
nfhjd	cangjie	鮢
nfhje	cangjie	𩹨
nfhkb	cangjie	鱎
nfhor	cangjie	鯦
nfhp	cangjie	魠
nfhqm	cangjie	鮏
nfhrb	cangjie	鰤
nfhs	cangjie	鮓
nfhvf	cangjie	鯀
nfhxc	cangjie	鱮
nfhxh	cangjie	鯓
nfhxu	cangjie	鯢
nfihr	cangjie	鰔
nfiih	cangjie	鰺
nfijb	cangjie	鯆
nfije	cangjie	鯄
nfikk	cangjie	鮁
nfiku	cangjie	魷
nfilb	cangjie	鱅
nfile	cangjie	鱇
nfir	cangjie	鮐
nfirm	cangjie	䱛
nfisb	cangjie	鯿
nfisk	cangjie	𩸭
nfjcr	cangjie	鰫
nfjd	cangjie	鮇
nfjii	cangjie	鱄
nfjmu	cangjie	鯇
nfjp	cangjie	鮀
nfjpa	cangjie	鰭
nfjr	cangjie	鮕
nfjrb	cangjie	鰗
nfjtc	cangjie	鱝
nfjv	cangjie	鮟
nfkb	cangjie	鮪
nfke	cangjie	𩵼
nfklu	cangjie	𩸆
nfksr	cangjie	𩶛
nflmo	cangjie	鮡
nflmy	cangjie	鯡
nflw	cangjie	鮋
nflx	cangjie	鱐
nfm	cangjie	魟
nfmbl	cangjie	鮞
nfmbm	cangjie	鱈
nfmfj	cangjie	鮃
nfmfm	cangjie	魾
nfmgr	cangjie	鱷
nfmlk	cangjie	鯁
nfmmp	cangjie	鱺
nfmmr	cangjie	鯃
nfmnr	cangjie	魺
nfmtb	cangjie	鱱
nfmto	cangjie	鱖
nfmvm	cangjie	魱
nfmwf	cangjie	鰾
nfmwj	cangjie	鱏
nfnao	cangjie	鱌
nfnau	cangjie	鮸
nfndt	cangjie	鯭
nfnff	cangjie	鱻
nfnhb	cangjie	鱊
nfnhd	cangjie	鰇
nfnkq	cangjie	鰎
nfnmi	cangjie	鯴
nfnmm	cangjie	鰯
nfnmu	cangjie	鮠
nfnoe	cangjie	鱍
nfoae	cangjie	鰒
nfob	cangjie	魶
nfodi	cangjie	鮒
nfoii	cangjie	魿
nfoip	cangjie	鯰
nfoir	cangjie	䱽
nfok	cangjie	䰻
nfold	cangjie	鰷
nfoma	cangjie	鱠
nfomb	cangjie	鯩
nfomd	cangjie	鮽
nfomr	cangjie	鮯
nfonk	cangjie	鯸
nfop	cangjie	魤
nfp	cangjie	愻
nfpa	cangjie	鮨
nfph	cangjie	鮅
nfphh	cangjie	魩
nfpi	cangjie	魡
nfpmm	cangjie	䱭
nfpr	cangjie	鮈
nfpru	cangjie	鮑
nfptd	cangjie	鰈
nfpu	cangjie	魨
nfqka	cangjie	鰆
nfqmb	cangjie	鯖
nfqmc	cangjie	鰿
nfrrd	cangjie	鱢
nfrrj	cangjie	鱓
nfrrs	cangjie	鰐
nfrxu	cangjie	鱦
nfrye	cangjie	鰕
nfsav	cangjie	鰋
nfseg	cangjie	鰹
nfsh	cangjie	魛
nfsje	cangjie	鯫
nfsju	cangjie	鮿
nfskr	cangjie	鮶
nfsma	cangjie	鰼
nfsmb	cangjie	鯞
nfsmi	cangjie	鱘
nftcw	cangjie	鰌
nftgr	cangjie	鱔
nftjs	cangjie	鰳
nftm	cangjie	魽
nftmc	cangjie	鯕
nftq	cangjie	鮮
nftrg	cangjie	鱹
nftvi	cangjie	鰦
nftvp	cangjie	𩼰
nftwa	cangjie	鰽
nftwi	cangjie	鱒鱴
nftwt	cangjie	鱧
nftxc	cangjie	鰜
nftyv	cangjie	𩷶
nfujf	cangjie	𩻃
nfvid	cangjie	鱳
nfvvv	cangjie	鱲
nfvvw	cangjie	鯔
nfwg	cangjie	鯉
nfwjr	cangjie	鯝
nfwl	cangjie	魻
nfwlb	cangjie	鰅
nfwle	cangjie	鰥
nfwlv	cangjie	鱞
nfwo	cangjie	鮂
nfwp	cangjie	鰓
nfwr	cangjie	鮰
nfybb	cangjie	𩼣
nfybs	cangjie	鰟
nfyck	cangjie	鮫
nfyhn	cangjie	魧
nfyhr	cangjie	𩺬
nfyhs	cangjie	魴
nfyjj	cangjie	鰱
nfyk	cangjie	魰
nfyle	cangjie	𩻸
nfymf	cangjie	鮛
nfymo	cangjie	鱁
nfypk	cangjie	鰬
nfypm	cangjie	鱋
nfypt	cangjie	鱸
nfypu	cangjie	鯱
nfyr	cangjie	鮎
nfyrb	cangjie	鰝
nfyrd	cangjie	鯙
nfyrf	cangjie	鯨
nfyt	cangjie	𩶘
nfytj	cangjie	鱆
nfytv	cangjie	鯜
nfywm	cangjie	鱣
nfyx	cangjie	鱭
ng	cangjie	丑
ngmbc	cangjie	頲
ngmwm	cangjie	疆
nhbcr	cangjie	矞
nhd	cangjie	柔
nhe	cangjie	及
nhli	cangjie	虱
nhlii	cangjie	蟊
nhoin	cangjie	矜
nhoks	cangjie	務
nhpm	cangjie	弤
nhs	cangjie	乃
nhsqf	cangjie	騭
nhta	cangjie	矠
nhv	cangjie	𡛺
nhvo	cangjie	弧
ni	cangjie	夕弘
niail	cangjie	𡖖
nibq	cangjie	甬
nihaf	cangjie	鵵
nihq	cangjie	犟
nijmc	cangjie	夤
nili	cangjie	強
niln	cangjie	劖
ninh	cangjie	矛
nini	cangjie	多
ninii	cangjie	𠓗
ninl	cangjie	酁
ninn	cangjie	予
nioiv	cangjie	飧
niq	cangjie	舛
nir	cangjie	名
nisu	cangjie	夗
nitc	cangjie	彍
niv	cangjie	婱
nixp	cangjie	麁
niy	cangjie	外
niymr	cangjie	謽𧥧
niyo	cangjie	癶
nj	cangjie	卂
njhaf	cangjie	鳵
njlii	cangjie	蝨
nk	cangjie	又夊廴
nkbcr	cangjie	𢌡
nkbr	cangjie	㢠
nkbu	cangjie	瞀
nkc	cangjie	鍪
nkd	cangjie	楘
nkf	cangjie	煞
nkg	cangjie	堥
nkha	cangjie	廹
nkhaf	cangjie	鶩
nkhg	cangjie	廷
nkhml	cangjie	郔
nkhym	cangjie	延
nki	cangjie	戣
nklmi	cangjie	蝥
nklq	cangjie	建
nklw	cangjie	廸
nkmcw	cangjie	廼
nknl	cangjie	鄈
nkrhg	cangjie	𢌥
nksqf	cangjie	騖
nktlj	cangjie	鞪
nkv	cangjie	婺
nkwr	cangjie	廻
nl	cangjie	⻏⻖弔引阝
nla	cangjie	阳
nlafu	cangjie	𨻙
nlamh	cangjie	陽
nlamo	cangjie	隄
nlav	cangjie	限
nlavf	cangjie	隰
nlbhx	cangjie	䧟
nlbi	cangjie	𢏐
nlbm	cangjie	阻
nlbmp	cangjie	隱
nlbof	cangjie	際
nlbt	cangjie	盄
nlcnh	cangjie	𨹥
nlddo	cangjie	𨼪
nldhe	cangjie	陂
nldw	cangjie	陳
nldwk	cangjie	敶
nlfdq	cangjie	隣
nlfhf	cangjie	隙
nlgce	cangjie	陵
nlgcg	cangjie	陸
nlggu	cangjie	隢
nlgi	cangjie	阹
nlgsk	cangjie	隞
nlgyo	cangjie	陡
nlhag	cangjie	隍
nlhbk	cangjie	隩
nlhe	cangjie	阪
nlhem	cangjie	隆
nlheq	cangjie	降
nlhhj	cangjie	陴
nlhhw	cangjie	𨻧
nlhi	cangjie	隗
nlhj	cangjie	阡
nlhjd	cangjie	陎
nlhjg	cangjie	隀
nlhjm	cangjie	陲
nlhlb	cangjie	𨺲
nlhpm	cangjie	阺
nlhrf	cangjie	隖
nlhs	cangjie	阼
nlhtg	cangjie	陞
nlhxg	cangjie	隉
nlice	cangjie	陖
nlihu	cangjie	阭
nlihv	cangjie	隇
nlisn	cangjie	阸
nljip	cangjie	䧥
nljka	cangjie	陼
nljmu	cangjie	院
nljp	cangjie	陀
nljwj	cangjie	陣
nlkb	cangjie	陏
nlkmb	cangjie	隋
nlkmm	cangjie	隓
nlkmr	cangjie	陭
nlkms	cangjie	陓
nlkoo	cangjie	陜陝
nlks	cangjie	阞
nllmc	cangjie	隤
nllmy	cangjie	陫
nlma	cangjie	陌
nlmbk	cangjie	陾
nlmbl	cangjie	陑
nlmbv	cangjie	陋
nlmfb	cangjie	隬
nlmfj	cangjie	𨸶
nlmfm	cangjie	𨸹
nlmmf	cangjie	际
nlmmu	cangjie	阮
nlmnr	cangjie	阿
nlmob	cangjie	陃
nlmrb	cangjie	隔
nlmsu	cangjie	阨
nlmu	cangjie	阢
nlmvm	cangjie	陘
nlmwg	cangjie	陻
nlnbs	cangjie	𨺳
nlnhx	cangjie	陷
nlnin	cangjie	陊
nlnj	cangjie	阠
nlnot	cangjie	隥
nlodi	cangjie	附
nloii	cangjie	陰
nlomb	cangjie	陯
nlomd	cangjie	除
nlomm	cangjie	险
nlomn	cangjie	隃
nlomo	cangjie	險
nlon	cangjie	阣
nlopd	cangjie	陁
nlpd	cangjie	阤
nlpfd	cangjie	陱
nlpou	cangjie	陶
nlpp	cangjie	阰
nlppa	cangjie	階
nlppg	cangjie	陛
nlrbc	cangjie	隕
nlrd	cangjie	𨹦
nlsav	cangjie	隁
nlsje	cangjie	陬
nltct	cangjie	隘
nltgi	cangjie	䧧
nltpo	cangjie	隊
nltt	cangjie	阱
nltxc	cangjie	隒
nlumt	cangjie	隑
nlwlb	cangjie	隅
nlwmv	cangjie	隈
nlwol	cangjie	𨺬
nlybp	cangjie	隴
nlyhm	cangjie	隡
nlyhn	cangjie	阬
nlyhs	cangjie	防
nlykb	cangjie	随隨
nlylh	cangjie	陟
nlylm	cangjie	阯
nlylo	cangjie	𨺗
nlyr	cangjie	阽
nlytj	cangjie	障
nlyto	cangjie	隧
nlytr	cangjie	陪
nlyvo	cangjie	陔
nlyx	cangjie	隮
nman	cangjie	弼
nmbn	cangjie	𢏺
nmdl	cangjie	疎
nmfb	cangjie	彌
nmhqo	cangjie	𡘓
nmice	cangjie	骏
nmlmi	cangjie	蜑
nmm	cangjie	彐
nmnim	cangjie	弱
nmnmf	cangjie	鶸
nmok	cangjie	矦
nmsu	cangjie	危
nmvm	cangjie	弳
nmwm	cangjie	彊
nmyiu	cangjie	疏
nn	cangjie	了亇
nnhe	cangjie	𢎽
nnkf	cangjie	㷇
nnm	cangjie	孑
nnmbc	cangjie	預
nnmrb	cangjie	鬻
nnnao	cangjie	豫
nno	cangjie	孓
nnpr	cangjie	夠
nnqo	cangjie	承𠄘
nnr	cangjie	叾
nnsmm	cangjie	翗
nnu	cangjie	𠙶
nnvvu	cangjie	郺
no	cangjie	久欠飞
noam	cangjie	疍
nob	cangjie	胥
noc	cangjie	鐆
nodi	cangjie	弣
nof	cangjie	弥灸𤉋
nog	cangjie	墜墬
nohne	cangjie	癹
nohto	cangjie	飛
nolmi	cangjie	蛋
nomk	cangjie	癸
nomku	cangjie	発
nomrn	cangjie	凳
nomrt	cangjie	登
nonhe	cangjie	發
nop	cangjie	𢝵
noph	cangjie	𢞵
npd	cangjie	弛
nq	cangjie	丮𢩦
nqd	cangjie	桀
nqlmi	cangjie	蟹
nrli	cangjie	强
nrmvn	cangjie	甔
nrog	cangjie	𨿅
nrppi	cangjie	毚
nrrj	cangjie	彈
nrv	cangjie	娿
nsbt	cangjie	盈
nsbul	cangjie	鼐
nsd	cangjie	争朶檃
nse	cangjie	夃
nsf	cangjie	尕
nshr	cangjie	弨
nsj	cangjie	弭
nsmv	cangjie	張
nsnd	cangjie	孕
nsp	cangjie	急
nsrr	cangjie	彄
nsv	cangjie	㜈
nti	cangjie	戤
ntks	cangjie	勐
ntmc	cangjie	彉
ntnl	cangjie	鄧
nu	cangjie	乙
nua	cangjie	𣄽
nubt	cangjie	盌
nubu	cangjie	眢
nue	cangjie	函弢氹弢
nuhaf	cangjie	鴛
nui	cangjie	兔
nuks	cangjie	勉
numbc	cangjie	頠顄
nup	cangjie	怨
nuse	cangjie	𠃮
nusqf	cangjie	駌
nuv	cangjie	妴
nuw	cangjie	乪
nv	cangjie	饣
nvsm	cangjie	马
nwbue	cangjie	𡕷
nwf	cangjie	魚
nwfa	cangjie	魯
nwks	cangjie	勇
nwlmi	cangjie	螴
nwlu	cangjie	亀
nwlv	cangjie	彋
nwm	cangjie	鱼
nwtj	cangjie	彃
nwu	cangjie	龟
nx	cangjie	卍
nxff	cangjie	燄
nxhaf	cangjie	鵮
nxno	cangjie	欿
nxu	cangjie	龜
nybn	cangjie	㣃
nylm	cangjie	⺪
nyo	cangjie	疋
nyrf	cangjie	弶
nyvi	cangjie	弦
o	cangjie	人
oaa	cangjie	倡
oahe	cangjie	复
oahu	cangjie	𠋥
oaln	cangjie	劊
oam	cangjie	但
oamo	cangjie	偍
oan	cangjie	們
oana	cangjie	僴
oanb	cangjie	僩
oanl	cangjie	鄶
oapp	cangjie	倱
oapv	cangjie	偈
oasm	cangjie	傝
oate	cangjie	儤
oav	cangjie	佷
oavf	cangjie	儑
oawe	cangjie	僈
oayf	cangjie	𠎠
ob	cangjie	仴內
obau	cangjie	俷
obb	cangjie	倗
obbb	cangjie	傦
obbe	cangjie	僾
obch	cangjie	儩
obcn	cangjie	側
obgb	cangjie	偁
obgr	cangjie	倜
obhaf	cangjie	鸙
obhd	cangjie	龢
obhu	cangjie	伔
obhyu	cangjie	𧈛
obm	cangjie	伹
obmbc	cangjie	龥
obmc	cangjie	俱
obmr	cangjie	侗
obnd	cangjie	俘
obo	cangjie	肉
obof	cangjie	傺
obou	cangjie	傜
obp	cangjie	憊
obppa	cangjie	龤
obq	cangjie	佣
obsmm	cangjie	𦒈
obuu	cangjie	俔
obv	cangjie	俀
obvk	cangjie	傒
obyr	cangjie	㑾
oc	cangjie	仈
ocb	cangjie	佾
oci	cangjie	伀
ocnh	cangjie	俤
ocor	cangjie	俗
ocru	cangjie	侻
ocsh	cangjie	份
ocwa	cangjie	僧
od	cangjie	休
odbuc	cangjie	賲
odc	cangjie	鎥
odci	cangjie	倯
oddf	cangjie	僸
oddo	cangjie	儊
ode	cangjie	叙
odf	cangjie	㷛烋煲
odg	cangjie	堡
odh	cangjie	𠆫
odhf	cangjie	鵂
odi	cangjie	付
odm	cangjie	体
odmq	cangjie	偉
odog	cangjie	雓
odoj	cangjie	𠓼
odok	cangjie	敘
odoo	cangjie	倈
odp	cangjie	怹恷
odsmg	cangjie	糴
odw	cangjie	𤲞
odye	cangjie	敍
odyj	cangjie	斜
oe	cangjie	氽汆
of	cangjie	伙尒尓
ofb	cangjie	俏
ofbc	cangjie	償
ofbf	cangjie	儻
ofbg	cangjie	㑽
ofbr	cangjie	倘
ofbw	cangjie	儅
ofd	cangjie	籴
ofdq	cangjie	僯
off	cangjie	倓
offg	cangjie	𠐓
offs	cangjie	僗
ofhaf	cangjie	鷡鷦
ofhu	cangjie	偗
ofln	cangjie	劁
ofmbc	cangjie	顦
ofmu	cangjie	侊
ofmvn	cangjie	甒
ofnl	cangjie	鄦
ofp	cangjie	您
ofq	cangjie	伴
ofqu	cangjie	倦
ofw	cangjie	畲
og	cangjie	仕隹
ogbuc	cangjie	賃
ogce	cangjie	倰
ogd	cangjie	栠集
ogdi	cangjie	侍
oge	cangjie	隻雙
ogf	cangjie	焦
ogg	cangjie	佳
oggu	cangjie	僥
oghaf	cangjie	䳡鵀鶴
oghn	cangjie	凭
oghq	cangjie	犨
ogi	cangjie	佉
ogj	cangjie	隼
oglms	cangjie	雋
ogln	cangjie	剉
ognhs	cangjie	隽
ogni	cangjie	儔
ogog	cangjie	雔
ogogg	cangjie	雥𠓾
ogp	cangjie	恁
ogr	cangjie	佶售
ogrg	cangjie	儓
ogrr	cangjie	僖𠏼
ogsk	cangjie	傲
ogtj	cangjie	倖
ogwc	cangjie	儥
ogymr	cangjie	讐
ogyrg	cangjie	讎
oh	cangjie	入
oha	cangjie	伯
ohag	cangjie	偟
ohbt	cangjie	侐
ohby	cangjie	侜
ohce	cangjie	傻
ohdf	cangjie	偢
ohdi	cangjie	俬
ohdn	cangjie	俐
ohdp	cangjie	僁
ohdv	cangjie	倭
ohdw	cangjie	僠
ohe	cangjie	仮
oher	cangjie	佫
ohey	cangjie	佟
ohfp	cangjie	僽
ohg	cangjie	任
ohgi	cangjie	𠑥
ohgr	cangjie	俈
ohgs	cangjie	働
ohgu	cangjie	侁
ohhj	cangjie	俾
ohi	cangjie	仫傀
ohj	cangjie	仟
ohjd	cangjie	侏
ohjg	cangjie	偅
ohjm	cangjie	倕
ohjr	cangjie	佸
ohjx	cangjie	偛
ohk	cangjie	仸
ohkb	cangjie	僑
ohkl	cangjie	侨
ohkm	cangjie	𠎷
ohlb	cangjie	偊
ohlo	cangjie	俽
ohml	cangjie	伒
ohn	cangjie	仉
ohnb	cangjie	佩
ohnf	cangjie	𠏵
ohni	cangjie	偑𠆩
ohoa	cangjie	偺
ohoi	cangjie	偫
ohoo	cangjie	傱
ohor	cangjie	倃
ohpm	cangjie	低
ohq	cangjie	件
ohqi	cangjie	俄
ohqo	cangjie	佚
ohqu	cangjie	𠇔
ohrf	cangjie	𠌥
ohs	cangjie	作
ohsb	cangjie	偏
ohsg	cangjie	僱
ohsk	cangjie	儌
ohuc	cangjie	儹
ohvf	cangjie	係
ohvl	cangjie	仰
ohwp	cangjie	傯
ohxe	cangjie	傁
ohxu	cangjie	倪
ohyu	cangjie	傂
oi	cangjie	伐
oiabt	cangjie	饂
oiai	cangjie	飠
oiamh	cangjie	餳
oiapp	cangjie	餛
oiapv	cangjie	餲
oiar	cangjie	倉
oiav	cangjie	俍食
oiawe	cangjie	饅
oiay	cangjie	⻞
oibhx	cangjie	饀
oibi	cangjie	傅
oibjj	cangjie	餫
oibmr	cangjie	餇
oibv	cangjie	餒
oice	cangjie	俊
oicyo	cangjie	餩
oid	cangjie	𠇲
oidam	cangjie	餷
oidl	cangjie	餗
oieee	cangjie	餟
oifbd	cangjie	饓
oiff	cangjie	餤
oig	cangjie	垡
oigbt	cangjie	饐
oiggu	cangjie	饒
oigit	cangjie	饁
oigrr	cangjie	饎
oihaf	cangjie	鴒
oihag	cangjie	餭
oihbr	cangjie	餉
oihdv	cangjie	餧
oihe	cangjie	飯
oiher	cangjie	餎
oihf	cangjie	傶
oihg	cangjie	飪
oihhl	cangjie	飹
oihhw	cangjie	餾
oihi	cangjie	餽
oihjr	cangjie	餂
oihk	cangjie	飫
oihn	cangjie	飢
oihon	cangjie	餰
oihp	cangjie	侂飥
oihq	cangjie	侔
oihqi	cangjie	餓
oihs	cangjie	飵𠉛
oihuc	cangjie	饡
oihxe	cangjie	餿
oii	cangjie	俴
oiibi	cangjie	餺
oiice	cangjie	餕
oiidr	cangjie	饝
oiii	cangjie	餞
oiijb	cangjie	餔
oiilr	cangjie	餹
oiir	cangjie	飴
oijb	cangjie	俌
oijbd	cangjie	餑
oijbf	cangjie	𩟔
oijbv	cangjie	饢
oije	cangjie	俅
oijrb	cangjie	餬
oijrr	cangjie	館
oijtc	cangjie	饙
oik	cangjie	仪伏
oikf	cangjie	偽
oikkb	cangjie	餙餚
oiku	cangjie	优
oilb	cangjie	傭
oilbk	cangjie	䬬
oilmc	cangjie	饋
oilmi	cangjie	蝕
oilmm	cangjie	韱
oimbc	cangjie	領
oimbk	cangjie	餪
oimgi	cangjie	㺸
oimj	cangjie	飦
oimn	cangjie	飣
oimo	cangjie	佽
oimrt	cangjie	餖
oimvn	cangjie	瓴
oin	cangjie	今
oinc	cangjie	貪
oindo	cangjie	𡦈
oinhx	cangjie	餡
oini	cangjie	令
oinin	cangjie	䬷
oinl	cangjie	邻
oino	cangjie	飲
oinp	cangjie	念
oinr	cangjie	含
oinri	cangjie	饞
oint	cangjie	盦
oinv	cangjie	衾
oinw	cangjie	酓
oioae	cangjie	𩜲
oioi	cangjie	俯
oiok	cangjie	俟
oioks	cangjie	飭
oiolb	cangjie	飾
oiomd	cangjie	餘
oiond	cangjie	餼
oionk	cangjie	餱
oip	cangjie	代怤
oipf	cangjie	儦
oiph	cangjie	飶
oipru	cangjie	飽
oipu	cangjie	飩
oir	cangjie	佁
oiruc	cangjie	饌
oisj	cangjie	餌
oismm	cangjie	翎
oismr	cangjie	飼
oisrr	cangjie	饇
oitak	cangjie	饃
oitbk	cangjie	饊
oitbo	cangjie	饛
oitgf	cangjie	餻
oitgr	cangjie	饍
oitk	cangjie	餀
oitlm	cangjie	饉
oitqg	cangjie	饈
oitt	cangjie	餅
oiumr	cangjie	𩜠
oiv	cangjie	姇
oivii	cangjie	饑
oivno	cangjie	餯
oiwd	cangjie	餜
oiwmv	cangjie	餵
oiyck	cangjie	餃
oiymh	cangjie	饖
oiyrv	cangjie	饟
oiytk	cangjie	餸
oiywm	cangjie	饘
oj	cangjie	什午
ojb	cangjie	伂
ojbc	cangjie	傎
ojbm	cangjie	值𠊙
ojcm	cangjie	倥
ojcr	cangjie	傛
ojd	cangjie	佅
oje	cangjie	伎
ojhaf	cangjie	鶽
ojhhh	cangjie	𢒑
ojhp	cangjie	侘
ojii	cangjie	傳
ojij	cangjie	儎
ojip	cangjie	僡
ojk	cangjie	仗
ojka	cangjie	偖
ojkf	cangjie	𠐟
ojkp	cangjie	佬
ojlk	cangjie	使
ojln	cangjie	倳
ojlo	cangjie	倢
ojmc	cangjie	儐
ojmf	cangjie	倧
ojmm	cangjie	𠊿
ojmmr	cangjie	啎
ojmn	cangjie	佇
ojmo	cangjie	傢𠉵
ojnu	cangjie	倇
ojon	cangjie	𠍅
ojp	cangjie	佗
ojpn	cangjie	儜
ojr	cangjie	估
ojrk	cangjie	做
ojrr	cangjie	倌
ojtc	cangjie	僨
ojtg	cangjie	僿
oju	cangjie	缶
ojv	cangjie	侒
ojwj	cangjie	俥
ok	cangjie	攵矢
okb	cangjie	侑
okcf	cangjie	僚
okcwa	cangjie	矰
okf	cangjie	焂
okhae	cangjie	瀪
okhaf	cangjie	鴙𪄴
okhdv	cangjie	矮
okhg	cangjie	俇
okhk	cangjie	矨
okhkb	cangjie	矯
oki	cangjie	㑀
okjt	cangjie	倴
okkb	cangjie	俙
okkk	cangjie	傸
oklb	cangjie	佈
oklu	cangjie	俺
okm	cangjie	佐
okmf	cangjie	倷
okmr	cangjie	倚
okmrt	cangjie	短
okms	cangjie	侉
okn	cangjie	仇侇
oknd	cangjie	𢻯
oknl	cangjie	矧
oknwf	cangjie	鰵
okog	cangjie	雉
okoo	cangjie	俠
okoog	cangjie	矬
okp	cangjie	悠慜
okr	cangjie	佑知
okryo	cangjie	跾
oks	cangjie	仂
oksr	cangjie	伽
okss	cangjie	矩
oktoe	cangjie	矱
okvif	cangjie	繁
okwlp	cangjie	矲
ol	cangjie	个仲
olbk	cangjie	佒
oll	cangjie	介
olln	cangjie	佛
olmc	cangjie	僓
olmo	cangjie	佻
olmt	cangjie	儘
olmy	cangjie	俳
olnk	cangjie	候
olob	cangjie	脩
olod	cangjie	條
olof	cangjie	儵絛鯈
oloh	cangjie	修
oloj	cangjie	鞗
olok	cangjie	倏攸
olom	cangjie	翛
olp	cangjie	𠊞
olpb	cangjie	偝
olw	cangjie	伷
olwl	cangjie	伸
olws	cangjie	俜
olwv	cangjie	僂
om	cangjie	丘亼仜仝
oma	cangjie	佰
omami	cangjie	𦉡
ombb	cangjie	儒
ombe	cangjie	優
ombl	cangjie	侕
ombn	cangjie	俞
ombp	cangjie	愈
ombt	cangjie	侖
ombv	cangjie	兪
omc	cangjie	兵
omd	cangjie	㐵余
omdm	cangjie	伍儮
omdp	cangjie	悆
omdu	cangjie	峹嵞
omdw	cangjie	畬
omf	cangjie	伓
omfj	cangjie	伻
omfm	cangjie	伾
omfr	cangjie	俖
omg	cangjie	全
omgb	cangjie	侢
omgk	cangjie	𠊷
omgn	cangjie	倒
omh	cangjie	乒
omi	cangjie	乓
omig	cangjie	侄
omjr	cangjie	舍
omjv	cangjie	钅
omlb	cangjie	倆𠉴
omlk	cangjie	便
omlm	cangjie	俹
omm	cangjie	仁
ommf	cangjie	佘
ommi	cangjie	会伝
ommm	cangjie	仨
ommp	cangjie	儷
ommr	cangjie	俉
ommv	cangjie	佞侲
omn	cangjie	仃气
omnl	cangjie	邱
omnn	cangjie	例
omno	cangjie	歙
omnr	cangjie	何
ompm	cangjie	倵
omr	cangjie	合
omrb	cangjie	龠
omrl	cangjie	命
omrm	cangjie	翕
omro	cangjie	僉
omrp	cangjie	龕
omrq	cangjie	拿搻
omrr	cangjie	樖
omrt	cangjie	弇盒
omru	cangjie	𥅽
omrw	cangjie	偪畣
omsl	cangjie	卸
omsp	cangjie	屔
omtn	cangjie	侀
omu	cangjie	岳
omua	cangjie	僭
omvh	cangjie	伢
omvm	cangjie	俓
omvn	cangjie	佤
omwa	cangjie	會
omwc	cangjie	價
omwd	cangjie	傈僳
omwf	cangjie	僄
omwl	cangjie	偭
omwm	cangjie	僵
omwu	cangjie	僊
omwv	cangjie	偠
omyf	cangjie	傿
omym	cangjie	佂
on	cangjie	乞亿
ona	cangjie	氜
onamh	cangjie	氱
onao	cangjie	像
onau	cangjie	俛
onbc	cangjie	偩
onbs	cangjie	𠋀
onbuu	cangjie	覦
oncr	cangjie	儋
oncsh	cangjie	氛
ond	cangjie	仔
onf	cangjie	你
onfd	cangjie	氣
onff	cangjie	氮
ong	cangjie	𡌅
onhaf	cangjie	鳹
onhb	cangjie	僪
onhe	cangjie	伋
onhey	cangjie	氡
onhqu	cangjie	毹
onhs	cangjie	仍
onib	cangjie	俑
onin	cangjie	伃侈
onir	cangjie	佲
onjru	cangjie	氪
onjv	cangjie	氨
onkg	cangjie	侹
onkl	cangjie	鄇
onkq	cangjie	健
onl	cangjie	伄氕𠇁
onll	cangjie	氘
onlll	cangjie	氚
onlln	cangjie	氟
onln	cangjie	刉
onlwl	cangjie	氠
onmcw	cangjie	氥
onmk	cangjie	侯
onmlm	cangjie	氬
onmu	cangjie	佹
onmvm	cangjie	氫
onnhs	cangjie	氖
onnl	cangjie	鄃
onno	cangjie	歈
onob	cangjie	偦氝
onog	cangjie	雂
onok	cangjie	㩿
onp	cangjie	忥
onqd	cangjie	傑
onqmb	cangjie	氰
onri	cangjie	儳
ontq	cangjie	氧
onu	cangjie	氙
onvne	cangjie	氯
onwa	cangjie	𠐔
onwk	cangjie	氤
onwot	cangjie	氳
onyvo	cangjie	氦
oo	cangjie	从
ooah	cangjie	傷
oobg	cangjie	傕
oobm	cangjie	俎
oobo	cangjie	肏
oog	cangjie	倠坐
ooge	cangjie	夎
oogf	cangjie	僬
oogs	cangjie	㑺儁
ooic	cangjie	僋
ooii	cangjie	伶
ooin	cangjie	仱
ooir	cangjie	傖
ooj	cangjie	仵
ooll	cangjie	价
ooln	cangjie	劍
ooma	cangjie	儈
oomb	cangjie	倫
oombc	cangjie	顩
oomg	cangjie	佺
oomn	cangjie	偷
oomo	cangjie	儉
oomr	cangjie	佮
oon	cangjie	仡
oono	cangjie	歛
ooog	cangjie	侳
oooj	cangjie	傘
oook	cangjie	斂
oooo	cangjie	𠈌
oosk	cangjie	劔
oou	cangjie	佡
oowy	cangjie	侮
ooyk	cangjie	𠍁
op	cangjie	伈化
opa	cangjie	侚
opbuc	cangjie	貨貸
opd	cangjie	他柋
opg	cangjie	垈
oph	cangjie	佖
ophq	cangjie	牮
opim	cangjie	伨
opj	cangjie	华
opko	cangjie	儗
opkp	cangjie	偬
oplb	cangjie	帒
opmc	cangjie	傾
opok	cangjie	敜
opp	cangjie	仳
oppa	cangjie	偕
opr	cangjie	佝
opt	cangjie	伳
optd	cangjie	偞
opu	cangjie	伅岱
opuu	cangjie	㑳
opwgf	cangjie	黛
opyhv	cangjie	袋
oq	cangjie	年
oqhf	cangjie	𠎧
oqhk	cangjie	偰
oqka	cangjie	偆
oqke	cangjie	傣
oqkq	cangjie	俸
oqmb	cangjie	倩
oqmc	cangjie	債
oqmf	cangjie	傃
oqmv	cangjie	俵
oqo	cangjie	伕
oqoa	cangjie	僣
ora	cangjie	智
orau	cangjie	俋
orc	cangjie	伿
ord	cangjie	保
orhaf	cangjie	鴿鵨鶬
orhr	cangjie	侶
orhu	cangjie	侃
ori	cangjie	戧
orijb	cangjie	舖
orjrr	cangjie	舘
orln	cangjie	創
ormbc	cangjie	頜頷
ornin	cangjie	舒
ornl	cangjie	郃
orno	cangjie	欱
orp	cangjie	𢜔
orrj	cangjie	僤
orrk	cangjie	儼
orrr	cangjie	偘
orsj	cangjie	偮
oruc	cangjie	僎
orvk	cangjie	俁
orxu	cangjie	僶
orye	cangjie	假敆
oryo	cangjie	促
osav	cangjie	偃𠍾
osd	cangjie	榘
oshi	cangjie	仞
oshr	cangjie	佋
osj	cangjie	佴
osjr	cangjie	倨
osk	cangjie	伊
oskr	cangjie	侰
osll	cangjie	𠈄
osme	cangjie	侵
osmg	cangjie	㑌偓
osmgi	cangjie	㺱
osmh	cangjie	僇
osmr	cangjie	伺
osmv	cangjie	倀
osnd	cangjie	僝
oso	cangjie	伬
osp	cangjie	伲
osqf	cangjie	傌
osrj	cangjie	僻
osrr	cangjie	傴
oss	cangjie	佢
ossr	cangjie	侷
ostt	cangjie	偋
osuu	cangjie	倔
ota	cangjie	借
otbc	cangjie	倎
otc	cangjie	供
otch	cangjie	𠊠
otco	cangjie	僕僛
otcw	cangjie	偤
otdd	cangjie	橆
otf	cangjie	無
otgi	cangjie	儀
otgr	cangjie	僐
othb	cangjie	備
othn	cangjie	𠍆
otif	cangjie	儰
otkr	cangjie	偌
otlk	cangjie	偀
otlm	cangjie	僅
otmc	cangjie	倛僙
otmv	cangjie	偡
otniq	cangjie	舞
otog	cangjie	儺
otq	cangjie	佯
otqm	cangjie	傞
otrk	cangjie	儆
otsj	cangjie	傇
ott	cangjie	併
ottb	cangjie	傋
otw	cangjie	㑤
otwa	cangjie	傮
otwb	cangjie	㒖
otwi	cangjie	僔
otwn	cangjie	儚
otwt	cangjie	僼𥂝
otwv	cangjie	儂
otxc	cangjie	傔
ou	cangjie	仙仚屳
ouami	cangjie	罎
oubb	cangjie	傰
oubtu	cangjie	罁
ouce	cangjie	儍
oudk	cangjie	缺
oudm	cangjie	缽
ouf	cangjie	缹
oufbh	cangjie	𦉘
oufbq	cangjie	罉
ouhmr	cangjie	缿
oujt	cangjie	㒥
oulmo	cangjie	罀
oum	cangjie	缸
oumb	cangjie	偳
oumbc	cangjie	𩓥
oumwj	cangjie	罈
ouog	cangjie	催
ouon	cangjie	侺
ousl	cangjie	缷
outrg	cangjie	罐
outt	cangjie	缾
outwi	cangjie	罇
ouypd	cangjie	罅
ouypt	cangjie	罏
ouypu	cangjie	𧇍
ovav	cangjie	银
ovbk	cangjie	钢
ovbmr	cangjie	铜
ovhqo	cangjie	铁
ovii	cangjie	僟
ovio	cangjie	似
ovjbc	cangjie	镇
ovjmo	cangjie	锭
ovl	cangjie	钟
ovoii	cangjie	铃
ovr	cangjie	侞
ovvv	cangjie	儠
ow	cangjie	佃
owbp	cangjie	𠏋
owd	cangjie	倮
owg	cangjie	俚
owjc	cangjie	𠍿
owjr	cangjie	個
owks	cangjie	侽
owlb	cangjie	偶
owlg	cangjie	儸
owlv	cangjie	儇
owmv	cangjie	偎
owp	cangjie	偲
owr	cangjie	佪
owwf	cangjie	儽
owww	cangjie	儡
owyi	cangjie	每
owyta	cangjie	韽
oy	cangjie	仆
oyaj	cangjie	倬
oybc	cangjie	偵
oybp	cangjie	儱
oybs	cangjie	傍
oyck	cangjie	佼
oydu	cangjie	儭
oyed	cangjie	𠍇
oyfe	cangjie	俶
oyfu	cangjie	僦
oyg	cangjie	住
oygq	cangjie	㒓
oyhn	cangjie	伉
oyhs	cangjie	仿
oyhv	cangjie	依
oyhvf	cangjie	緐
oyjj	cangjie	僆
oyk	cangjie	伩
oykk	cangjie	傚
oyks	cangjie	俲
oylm	cangjie	企
oym	cangjie	仩
oymp	cangjie	佌
oymr	cangjie	信
oymt	cangjie	𠈔
oymy	cangjie	佧
oyoj	cangjie	倅
oyok	cangjie	敏
oypd	cangjie	偨
oypp	cangjie	儢
oyqd	cangjie	𠎀
oyr	cangjie	佔
oyra	cangjie	儲
oyrb	cangjie	傐
oyrf	cangjie	倞
oyrn	cangjie	停
oyro	cangjie	儫
oyrv	cangjie	偯儴
oysk	cangjie	倣
oyt	cangjie	位
oyta	cangjie	偣
oytg	cangjie	僮
oytj	cangjie	傽
oyto	cangjie	𠎵
oytp	cangjie	億
oytr	cangjie	倍
oyub	cangjie	禽
oyvi	cangjie	伭
oyvo	cangjie	侅
oyvv	cangjie	侫
oywm	cangjie	儃
oyx	cangjie	儕
oyyib	cangjie	𣫺
oyyiu	cangjie	毓
p	cangjie	心
pa	cangjie	旨旬
pafu	cangjie	愰
pahaf	cangjie	鶛
pahm	cangjie	惺
paiu	cangjie	慨
paks	cangjie	勓
pam	cangjie	怛
pamh	cangjie	愓
pamj	cangjie	悍
pamo	cangjie	惿
panb	cangjie	憪
pank	cangjie	憫
panl	cangjie	郇
paph	cangjie	惕
papp	cangjie	惃
papv	cangjie	愒
pate	cangjie	懪
pav	cangjie	恨
pawe	cangjie	慢
payf	cangjie	憬
pbac	cangjie	慏
pbbb	cangjie	愲
pbbe	cangjie	懓
pbcn	cangjie	惻
pbg	cangjie	墯
pbgr	cangjie	惆
pbhx	cangjie	慆
pbjj	cangjie	惲
pbm	cangjie	怚
pbmc	cangjie	惧
pbme	cangjie	愋
pbmp	cangjie	懚
pbmr	cangjie	恫
pbou	cangjie	愮
pbsd	cangjie	𢛵
pbtu	cangjie	𢜟
pbtv	cangjie	惘
pbue	cangjie	戄
pbug	cangjie	懼
pbvc	cangjie	眞
pbvk	cangjie	慀
pc	cangjie	惍
pci	cangjie	忪
pcks	cangjie	勩
pcnh	cangjie	悌
pcp	cangjie	𢣁
pcru	cangjie	悅
pcwa	cangjie	憎
pd	cangjie	也
pdd	cangjie	惏
pddo	cangjie	憷
pdhaf	cangjie	鵴𪃸
pdi	cangjie	忖
pdk	cangjie	快
pdl	cangjie	悚
pdlc	cangjie	懶
pdmbc	cangjie	穎
pdmq	cangjie	愇
pdwyi	cangjie	乸
peee	cangjie	惙
peg	cangjie	怪
peii	cangjie	慅
pembc	cangjie	潁
pfb	cangjie	悄
pfbf	cangjie	戃
pfbr	cangjie	惝
pfd	cangjie	匊
pfdq	cangjie	憐
pff	cangjie	惔
pffr	cangjie	𢥏
pfmbc	cangjie	熲頴顈
pfmu	cangjie	恍
pfq	cangjie	怑
pfqu	cangjie	惓
pgbt	cangjie	㦉
pgdi	cangjie	恃
pggu	cangjie	憢
pgi	cangjie	怯
pgni	cangjie	懤
pgp	cangjie	𢙺
pgr	cangjie	恄
pgrr	cangjie	憘
pgsk	cangjie	慠
pgth	cangjie	憉
pgtj	cangjie	悻
ph	cangjie	必
pha	cangjie	怕曶
phag	cangjie	惶
phbk	cangjie	懊
phbq	cangjie	甮
phbr	cangjie	恦
phbt	cangjie	恤
phbuu	cangjie	覕
phcn	cangjie	懰
phdb	cangjie	憡
phdd	cangjie	悸
phdf	cangjie	愀
phdn	cangjie	悧
pher	cangjie	恪
phgr	cangjie	悎
phgs	cangjie	慟
phh	cangjie	勿
phhn	cangjie	匑
phi	cangjie	愧
phj	cangjie	忏
phjr	cangjie	恬
phkb	cangjie	憍
phkp	cangjie	悿
phlc	cangjie	懫
phln	cangjie	刎
phlo	cangjie	惞
phml	cangjie	忻
phmr	cangjie	㤧
phmy	cangjie	𢘛
phn	cangjie	𢖯𢖾
phni	cangjie	忛𢞁
phnl	cangjie	邲
php	cangjie	忽
phpa	cangjie	惛
phqm	cangjie	性
phqo	cangjie	怢
phs	cangjie	怍
phsb	cangjie	惼
phsk	cangjie	悷憿
phvp	cangjie	忯
phwp	cangjie	憁
phyhv	cangjie	袃
pi	cangjie	勺勾
piav	cangjie	悢
pibi	cangjie	愽
pice	cangjie	悛
pihf	cangjie	慽
piih	cangjie	慘
pijb	cangjie	匍
pijc	cangjie	怵
pikh	cangjie	惨
pilb	cangjie	慵
pile	cangjie	慷
pim	cangjie	勻
pir	cangjie	怡
pirp	cangjie	憾
pit	cangjie	悈
pitc	cangjie	懭
piv	cangjie	怴
piyr	cangjie	惦
pjbc	cangjie	慎
pjbd	cangjie	悖
pjbo	cangjie	懥
pjcm	cangjie	悾
pje	cangjie	忮
pjhaf	cangjie	鴇
pjhr	cangjie	愘
pjii	cangjie	慱
pjip	cangjie	憓
pjjl	cangjie	慚
pjkp	cangjie	恅
pjlv	cangjie	悽
pjmf	cangjie	悰
pjmm	cangjie	愃
pjnu	cangjie	惋
pjpn	cangjie	懧
pjr	cangjie	怙
pjrr	cangjie	悺
pjsqf	cangjie	駂
pjtc	cangjie	憤
pk	cangjie	匁忕
pkcf	cangjie	憭
pkf	cangjie	恢
pkk	cangjie	匆
pkkb	cangjie	悕
pkkk	cangjie	慡
pklb	cangjie	怖
pkld	cangjie	𢙨
pklq	cangjie	肄
pklu	cangjie	㤿匎
pkmb	cangjie	惰
pkmbc	cangjie	𩓙
pkn	cangjie	勼恞
pknio	cangjie	疑
pkno	cangjie	欵
pkp	cangjie	怱
pksb	cangjie	愶
pkss	cangjie	恊
pl	cangjie	忡
plbk	cangjie	怏
plbu	cangjie	忱
plln	cangjie	怫
plmc	cangjie	憒
plmo	cangjie	恌
plmy	cangjie	悱
plpc	cangjie	懻
plw	cangjie	怞
plwv	cangjie	慺
pmak	cangjie	懨
pmam	cangjie	恒
pmbb	cangjie	懦
pmbc	cangjie	愩頃
pmbe	cangjie	懮
pmbm	cangjie	恆
pmcw	cangjie	恓
pmf	cangjie	怀
pmfj	cangjie	匉怦
pmfm	cangjie	怌
pmmr	cangjie	悟
pmmu	cangjie	忨
pmob	cangjie	怲
pmrw	cangjie	匐愊
pmua	cangjie	憯
pmwd	cangjie	慄憟
pmwf	cangjie	慓
pmwj	cangjie	憛
pmwl	cangjie	愐
pmym	cangjie	怔
pn	cangjie	乜
pnau	cangjie	悗
pnbk	cangjie	愌
pnbq	cangjie	懈
pncr	cangjie	憺
pndt	cangjie	𢛴
png	cangjie	忸
pnhb	cangjie	憰
pnhe	cangjie	忣
pnib	cangjie	悀
pnin	cangjie	恀
pnlb	cangjie	憜
pno	cangjie	忺
pnot	cangjie	憕
pnyi	cangjie	惤
poae	cangjie	愎
poah	cangjie	慯
pod	cangjie	恘
podi	cangjie	㤔
pog	cangjie	惟
poge	cangjie	愯
pogf	cangjie	憔
pogs	cangjie	懏
poii	cangjie	怜
poim	cangjie	懺
poin	cangjie	忴
poip	cangjie	惗
poir	cangjie	愴
poj	cangjie	忤
poju	cangjie	匋
poma	cangjie	懀
pomb	cangjie	惀
pomd	cangjie	悇
pomg	cangjie	恮
pomn	cangjie	愉
pomo	cangjie	憸
pomr	cangjie	恰
pon	cangjie	忔
ponbg	cangjie	觺
pond	cangjie	愾
potf	cangjie	憮
powy	cangjie	悔
pp	cangjie	㤈比
ppa	cangjie	恂恉
ppad	cangjie	惸
ppfd	cangjie	粊
ppg	cangjie	坒
pph	cangjie	怭
ppha	cangjie	皆
pphp	cangjie	惚
pphqu	cangjie	毞
ppp	cangjie	惢
pppd	cangjie	橤
pppf	cangjie	繠
ppph	cangjie	毖
ppr	cangjie	怐
ppru	cangjie	怉
pptd	cangjie	惵
ppu	cangjie	忳
ppuk	cangjie	恟
pqmb	cangjie	情
pqmf	cangjie	愫
pr	cangjie	句
prau	cangjie	悒
prb	cangjie	悁
prhaf	cangjie	鴝
prhg	cangjie	悜
prhml	cangjie	斪
prhu	cangjie	怳
prks	cangjie	劬
prnin	cangjie	够
prno	cangjie	欨
prog	cangjie	雊
prpa	cangjie	惽
prrd	cangjie	懆
prrj	cangjie	憚
prrs	cangjie	愕
pru	cangjie	包
prvk	cangjie	悞
prvp	cangjie	怋
prxu	cangjie	憴
psav	cangjie	愝
pseg	cangjie	慳
psh	cangjie	切忉
pshr	cangjie	怊
psit	cangjie	懢
psjj	cangjie	懾
psko	cangjie	愜
psma	cangjie	慴
psmg	cangjie	恇𢣷
psmh	cangjie	憀
psmi	cangjie	憳
psmr	cangjie	𢘜
psmv	cangjie	悵
psp	cangjie	怩
psrr	cangjie	慪
pt	cangjie	世
pta	cangjie	惜
ptak	cangjie	慔
ptbo	cangjie	懞
ptbuc	cangjie	貰
pthg	cangjie	懂
ptkr	cangjie	𢜪
ptlb	cangjie	慲
ptlj	cangjie	愅
ptlm	cangjie	慬
ptmc	cangjie	㥍
ptmj	cangjie	㦊
ptmv	cangjie	愖
ptor	cangjie	匒
ptov	cangjie	懩
ptrg	cangjie	懽
ptt	cangjie	恲
ptwa	cangjie	慒
ptwi	cangjie	懱
ptwu	cangjie	懵
ptwv	cangjie	憹
ptxc	cangjie	慊
ptyg	cangjie	𢤦
ptyu	cangjie	慌
ptyv	cangjie	恾
pu	cangjie	屯
puce	cangjie	惾
pudhe	cangjie	皺
puf	cangjie	炰
puhaf	cangjie	鶵
puk	cangjie	匈忷
puln	cangjie	刨
pumb	cangjie	惴
pumbc	cangjie	頓
pumt	cangjie	愷
punl	cangjie	邨鄒
puog	cangjie	慛雛
pupu	cangjie	芻
pve	cangjie	怓
pvid	cangjie	㦡
pvis	cangjie	怮
pvvw	cangjie	惱
pw	cangjie	甸
pwbp	cangjie	㦙
pwc	cangjie	怬
pwd	cangjie	悃惈
pwg	cangjie	悝
pwim	cangjie	慖
pwjc	cangjie	慣
pwkp	cangjie	𢞴
pwlj	cangjie	懌
pwlr	cangjie	㦒
pwls	cangjie	愣
pwlv	cangjie	懁
pwmv	cangjie	愄
pwot	cangjie	慍
pwr	cangjie	恛
pyaj	cangjie	悼
pyck	cangjie	恔
pyfu	cangjie	憱
pyg	cangjie	𠣕
pyhj	cangjie	㦀
pyhr	cangjie	慥
pyia	cangjie	𢡠
pyk	cangjie	忟
pymr	cangjie	訇𢚘
pyoj	cangjie	悴
pypo	cangjie	懅
pyr	cangjie	怗
pyrd	cangjie	惇
pyrf	cangjie	惊
pyrv	cangjie	懹
pyta	cangjie	愔
pytg	cangjie	憧
pytj	cangjie	慞
pytp	cangjie	憶
pyv	cangjie	忙
pyvw	cangjie	慉
pywd	cangjie	懍
pywv	cangjie	懐懷
pyx	cangjie	懠
pyy	cangjie	忭
q	cangjie	手
qa	cangjie	抇
qabt	cangjie	揾擝
qafu	cangjie	㨪
qahaf	cangjie	𪂹
qail	cangjie	揤
qaiu	cangjie	摡
qam	cangjie	担
qame	cangjie	𢸶
qamh	cangjie	揚
qamj	cangjie	捍
qamo	cangjie	提
qan	cangjie	捫
qana	cangjie	𢵧
qanb	cangjie	撊
qang	cangjie	撋
qank	cangjie	捑
qanr	cangjie	擱
qanw	cangjie	攔
qapp	cangjie	掍
qapv	cangjie	揭
qase	cangjie	撮
qasm	cangjie	搨
qate	cangjie	㩧
qau	cangjie	把
qav	cangjie	拫
qawe	cangjie	摱
qb	cangjie	抈
qbb	cangjie	掤
qbbb	cangjie	搰
qbbe	cangjie	授
qbbr	cangjie	𢰸
qbbsd	cangjie	靜
qbbuu	cangjie	靚
qbcd	cangjie	探
qbcv	cangjie	攖
qbd	cangjie	採
qbdi	cangjie	捋
qbfmu	cangjie	靗
qbhaf	cangjie	鶄
qbhhh	cangjie	𩇕
qbhx	cangjie	搯
qbjj	cangjie	揮
qbjmo	cangjie	靛
qbkf	cangjie	撚
qbm	cangjie	抯
qbme	cangjie	援
qbmr	cangjie	挏
qbnau	cangjie	靘
qbnd	cangjie	捊
qbnl	cangjie	郬
qbond	cangjie	靝
qbou	cangjie	搖
qbq	cangjie	拥
qbsd	cangjie	掙
qbu	cangjie	𢫏
qbue	cangjie	攫
qbuu	cangjie	挸
qbv	cangjie	挼
qc	cangjie	扒
qchq	cangjie	掰
qcks	cangjie	勣
qcnh	cangjie	挮
qcno	cangjie	撳
qcru	cangjie	挩
qcsh	cangjie	扮
qd	cangjie	耒
qdam	cangjie	揸
qdau	cangjie	耙
qdb	cangjie	拺
qdbm	cangjie	耝
qdbms	cangjie	耡
qdd	cangjie	㨆
qddf	cangjie	㩒
qdfbr	cangjie	耥
qdffs	cangjie	耮
qdfh	cangjie	耖
qdhe	cangjie	披
qdhqu	cangjie	耗
qdidr	cangjie	耱
qdir	cangjie	耛
qdj	cangjie	抹
qdk	cangjie	抉
qdksr	cangjie	耞
qdln	cangjie	揦
qdlwv	cangjie	耬
qdmbc	cangjie	頛
qdmbe	cangjie	耰
qdmmi	cangjie	耘
qdmvi	cangjie	耨
qdnd	cangjie	耔
qdomr	cangjie	耠
qdqdd	cangjie	䆐
qdrlr	cangjie	耜
qdss	cangjie	耟
qdta	cangjie	耤
qdtoe	cangjie	耯
qdtt	cangjie	耕
qdttb	cangjie	耩
qdtvi	cangjie	𦔒
qdwf	cangjie	揀
qdwlb	cangjie	耦
qdybs	cangjie	耪
qec	cangjie	鋬
qeed	cangjie	搡
qeee	cangjie	掇
qeem	cangjie	𢶣
qefh	cangjie	挱
qei	cangjie	扠
qeii	cangjie	搔
qfb	cangjie	捎
qfbf	cangjie	攩
qfbg	cangjie	摚
qfbk	cangjie	撇
qfbq	cangjie	撐撑
qfbw	cangjie	擋
qff	cangjie	掞
qffd	cangjie	㩞
qffs	cangjie	撈
qfh	cangjie	抄
qfhs	cangjie	挘
qfhu	cangjie	㨘
qfq	cangjie	拌
qfqu	cangjie	捲
qgb	cangjie	抩
qgce	cangjie	掕
qgdi	cangjie	持
qgg	cangjie	挂
qggu	cangjie	撓
qggy	cangjie	掛
qgi	cangjie	抾
qgit	cangjie	搕
qgji	cangjie	𢴇
qglc	cangjie	捇
qgni	cangjie	擣
qgr	cangjie	拮
qgrc	cangjie	擷
qgrg	cangjie	擡
qgsk	cangjie	𢳆
qha	cangjie	拍
qhag	cangjie	揘
qhai	cangjie	𢯊
qhal	cangjie	擳
qham	cangjie	𢴈
qhau	cangjie	搗
qhbf	cangjie	攥
qhbk	cangjie	擙
qhbu	cangjie	攪
qhcq	cangjie	攑
qhd	cangjie	栔
qhdf	cangjie	揪
qhdv	cangjie	捼
qhdw	cangjie	播
qhe	cangjie	扳洯
qhej	cangjie	捀
qher	cangjie	挌
qhfb	cangjie	𢶠
qhgr	cangjie	捁
qhgu	cangjie	㧥
qhhj	cangjie	捭
qhhv	cangjie	挀
qhio	cangjie	抸
qhj	cangjie	扦
qhjg	cangjie	揰
qhjm	cangjie	捶
qhjr	cangjie	括
qhju	cangjie	揗
qhjx	cangjie	插
qhk	cangjie	契扷
qhkb	cangjie	撟
qhkm	cangjie	𢶍
qhkp	cangjie	掭
qhlmi	cangjie	蛪
qhlo	cangjie	抓掀
qhml	cangjie	折
qhmy	cangjie	拆
qhnbg	cangjie	觢
qhne	cangjie	投
qhoa	cangjie	揝
qhoo	cangjie	摐𢲛
qhor	cangjie	撘
qhp	cangjie	恝托
qhpm	cangjie	抵
qhq	cangjie	挈
qhqo	cangjie	抶
qhrf	cangjie	摀
qhs	cangjie	拃
qhsb	cangjie	掮揙
qhsk	cangjie	捩撽
qhsm	cangjie	搧
qhuc	cangjie	攢
qhul	cangjie	擤
qhuo	cangjie	擨
qhuu	cangjie	撬
qhv	cangjie	㛃
qhvif	cangjie	絜
qhvl	cangjie	抑
qhvp	cangjie	扺
qhwp	cangjie	摠
qhxe	cangjie	搜
qhxm	cangjie	捏揑
qhxu	cangjie	掜
qhye	cangjie	搬
qhymu	cangjie	齧
qhyu	cangjie	搋
qi	cangjie	找
qibi	cangjie	搏
qice	cangjie	捘
qidy	cangjie	攠
qihf	cangjie	搣摵
qihm	cangjie	掋
qihu	cangjie	抁
qihv	cangjie	揻
qiia	cangjie	𢵄
qiih	cangjie	摻
qiil	cangjie	𢲲
qij	cangjie	𢫨
qijb	cangjie	捕
qije	cangjie	捄
qikf	cangjie	撝
qikk	cangjie	拔
qiku	cangjie	扰
qilr	cangjie	搪
qine	cangjie	𢫕
qing	cangjie	㨩
qioi	cangjie	捬
qiok	cangjie	挨
qipd	cangjie	攗
qipm	cangjie	拭
qipw	cangjie	攟
qir	cangjie	抬
qirm	cangjie	掝
qirp	cangjie	撼
qis	cangjie	护
qit	cangjie	拚𢬿
qitc	cangjie	擴
qitf	cangjie	摭
qixp	cangjie	摝
qiyr	cangjie	掂
qj	cangjie	丰
qjbc	cangjie	搷
qjbd	cangjie	挬
qjbf	cangjie	擦𢱢
qjbj	cangjie	揇
qjbm	cangjie	㨁
qjbv	cangjie	攮
qjck	cangjie	𢲷
qjcm	cangjie	控
qjcn	cangjie	挖
qjco	cangjie	搲𢱑
qjcs	cangjie	搾
qjcv	cangjie	攛
qje	cangjie	技
qjhp	cangjie	挓
qjhr	cangjie	揢
qjhu	cangjie	抭
qjii	cangjie	摶
qjji	cangjie	撠
qjjj	cangjie	搟擀
qjjl	cangjie	摲
qjjn	cangjie	㨴
qjk	cangjie	扙
qjks	cangjie	拷
qjlo	cangjie	捷
qjlv	cangjie	捿
qjmc	cangjie	擯
qjmm	cangjie	揎
qjmo	cangjie	掟
qjmr	cangjie	砉
qjmu	cangjie	捖
qjnl	cangjie	邦鄻
qjnu	cangjie	捥
qjoa	cangjie	摍
qjp	cangjie	拕
qjpa	cangjie	搘
qjpn	cangjie	擰
qjqp	cangjie	攇
qjqr	cangjie	搳
qjru	cangjie	𢭪
qjsm	cangjie	彗
qjsmf	cangjie	熭
qjsmp	cangjie	慧
qjto	cangjie	攓
qjtv	cangjie	攐
qjv	cangjie	按
qjwj	cangjie	捙
qka	cangjie	春
qkali	cangjie	蠢
qkap	cangjie	惷
qkce	cangjie	摋
qkcf	cangjie	撩
qkdi	cangjie	寿
qke	cangjie	泰
qkf	cangjie	拻
qkhd	cangjie	秦
qkhk	cangjie	奏
qkhx	cangjie	舂
qkhxp	cangjie	憃
qkja	cangjie	撦
qkjt	cangjie	捹
qkkb	cangjie	𢯎
qklb	cangjie	抪
qkld	cangjie	拵
qklu	cangjie	掩
qkmf	cangjie	捺
qkmr	cangjie	掎
qkms	cangjie	挎
qkns	cangjie	抛
qkoo	cangjie	挾
qkq	cangjie	奉
qkrd	cangjie	𢱌
qks	cangjie	扐
qksb	cangjie	搚
qksj	cangjie	𢱕
qkso	cangjie	摦
qkss	cangjie	拹
qkus	cangjie	拋
qla	cangjie	晢
qlbk	cangjie	抰
qlbu	cangjie	抌
qlc	cangjie	銴
qle	cangjie	捸
qlf	cangjie	焎
qllb	cangjie	帮
qllmi	cangjie	蜇
qlln	cangjie	拂
qlmc	cangjie	撌
qlmo	cangjie	挑
qlmr	cangjie	硩
qlmy	cangjie	排
qlp	cangjie	悊
qlpb	cangjie	揹
qlr	cangjie	哲
qlryo	cangjie	踅
qlvk	cangjie	擻
qlw	cangjie	抽
qlwl	cangjie	抻
qlwp	cangjie	拽
qlwv	cangjie	摟
qlx	cangjie	㩋
qlyhv	cangjie	裚
qlymr	cangjie	誓
qm	cangjie	扛
qma	cangjie	𢫦
qmak	cangjie	擫
qmam	cangjie	𢬎
qmb	cangjie	青
qmbb	cangjie	擩
qmbc	cangjie	摃
qmbe	cangjie	擾
qmbg	cangjie	攉
qmblm	cangjie	靑
qmbs	cangjie	摴
qmbuc	cangjie	責
qmbv	cangjie	𢸍
qmbw	cangjie	擂
qmd	cangjie	扜
qmdm	cangjie	攊
qmf	cangjie	抔
qmfj	cangjie	抨
qmg	cangjie	抂
qmgg	cangjie	捱
qmgn	cangjie	捯
qmgt	cangjie	挵
qmhe	cangjie	麦
qmia	cangjie	搢
qmig	cangjie	挃
qmj	cangjie	扞
qmjk	cangjie	撖
qmlk	cangjie	挭
qmlm	cangjie	掗
qmmi	cangjie	抎
qmmp	cangjie	攦
qmmr	cangjie	捂
qmmu	cangjie	抏
qmmv	cangjie	振
qmn	cangjie	打
qmob	cangjie	抦
qmr	cangjie	拓
qmrb	cangjie	搹
qmre	cangjie	揼
qmrt	cangjie	𢭃
qmrw	cangjie	揊
qmso	cangjie	㧻
qmsu	cangjie	扼
qmto	cangjie	撅
qmu	cangjie	扤
qmua	cangjie	撍
qmv	cangjie	表
qmvif	cangjie	素
qmvm	cangjie	挳
qmwd	cangjie	搮
qmwf	cangjie	摽
qmwj	cangjie	撢
qmwyf	cangjie	纛
qmwyi	cangjie	毒
qnau	cangjie	挽
qnbg	cangjie	捔
qnbk	cangjie	換
qnbq	cangjie	𢶷
qncr	cangjie	擔
qndf	cangjie	搎
qndt	cangjie	掹
qnem	cangjie	拯
qng	cangjie	扭
qnhd	cangjie	揉
qnhe	cangjie	扱
qnhs	cangjie	扔
qnhx	cangjie	掐
qnib	cangjie	捅
qnin	cangjie	抒拸
qnkg	cangjie	挺
qnkm	cangjie	挻
qnkq	cangjie	揵
qnlb	cangjie	撱
qnlo	cangjie	𢵌
qnmm	cangjie	搦
qno	cangjie	扻
qnob	cangjie	揟
qnoe	cangjie	撥
qnok	cangjie	揆
qnot	cangjie	撜
qnri	cangjie	攙
qnwa	cangjie	擼
qo	cangjie	夫
qoa	cangjie	替
qoah	cangjie	摥
qob	cangjie	抐
qobg	cangjie	搉
qobuc	cangjie	賛
qobuu	cangjie	規
qodi	cangjie	拊
qog	cangjie	推
qogb	cangjie	㩦
qogs	cangjie	携
qohaf	cangjie	鳺
qohg	cangjie	拰
qohh	cangjie	抮
qoii	cangjie	拎
qoim	cangjie	攕
qoin	cangjie	扲
qoip	cangjie	捻
qoir	cangjie	搶
qoiv	cangjie	搇
qojwj	cangjie	輦
qoll	cangjie	扴
qomb	cangjie	掄
qomd	cangjie	捈
qomg	cangjie	拴
qomn	cangjie	揄
qomo	cangjie	撿
qomq	cangjie	𢲡
qomr	cangjie	拾捨
qomt	cangjie	揜
qon	cangjie	扢
qonl	cangjie	邞
qoog	cangjie	挫
qopd	cangjie	拖
qorq	cangjie	搿
qotf	cangjie	撫
qowy	cangjie	挴
qoya	cangjie	摿
qoyb	cangjie	擒
qpa	cangjie	指
qpd	cangjie	扡
qpfd	cangjie	掬
qphp	cangjie	㧾
qpi	cangjie	扚抅
qpko	cangjie	擬
qpmm	cangjie	揯
qpou	cangjie	掏
qpp	cangjie	批
qppa	cangjie	揩
qpr	cangjie	拘
qpru	cangjie	抱
qpt	cangjie	抴
qptd	cangjie	揲
qpu	cangjie	扽
qpuu	cangjie	搊
qpyr	cangjie	揈
qqhk	cangjie	揳
qqjl	cangjie	挷
qqka	cangjie	𢰦
qqkd	cangjie	搸
qqkk	cangjie	揍
qqkq	cangjie	捧
qqmb	cangjie	掅
qqo	cangjie	扶
qqoj	cangjie	攆
qqou	cangjie	摫
qqq	cangjie	掱
qqu	cangjie	扥
qr	cangjie	扣
qrau	cangjie	挹
qrb	cangjie	捐
qrbc	cangjie	損
qrlb	cangjie	𢬢
qrln	cangjie	剨
qrrd	cangjie	操
qrrj	cangjie	撣
qrsh	cangjie	拐
qrsj	cangjie	揖
qrsn	cangjie	捌
qruc	cangjie	撰
qrvp	cangjie	抿
qryo	cangjie	捉
qs	cangjie	韦
qsav	cangjie	揠
qseg	cangjie	摼擓
qshe	cangjie	𢲈
qshi	cangjie	扨
qshr	cangjie	招
qshu	cangjie	捤
qsit	cangjie	㩜
qsj	cangjie	挕
qsje	cangjie	掫
qsjj	cangjie	攝
qsjl	cangjie	揶
qsjr	cangjie	据
qskr	cangjie	捃
qslb	cangjie	㧜
qsll	cangjie	挋
qsma	cangjie	摺
qsmb	cangjie	掃
qsmg	cangjie	握擢
qsmh	cangjie	摎
qsmi	cangjie	撏
qsmv	cangjie	掁
qsp	cangjie	抳
qsql	cangjie	挪
qsrj	cangjie	擗
qsrr	cangjie	摳
qss	cangjie	拒
qssr	cangjie	挶
qstt	cangjie	摒
qstv	cangjie	搌
qsuu	cangjie	掘
qswu	cangjie	攬
qsyq	cangjie	摨
qta	cangjie	措
qtak	cangjie	摸
qtav	cangjie	擖
qtbc	cangjie	捵
qtbf	cangjie	攃𢶕
qtbk	cangjie	撒
qtbn	cangjie	揃
qtc	cangjie	拱
qtce	cangjie	𢹸
qtcl	cangjie	撕
qtco	cangjie	撲
qtct	cangjie	搤
qtcw	cangjie	揂
qtgi	cangjie	𢷮
qtjp	cangjie	𢶤
qtkl	cangjie	擲
qtm	cangjie	拑
qtmc	cangjie	掑撗
qtmj	cangjie	撶
qtmv	cangjie	揕
qtod	cangjie	搽
qtoe	cangjie	擭
qtog	cangjie	攤
qtor	cangjie	搭
qtov	cangjie	攁
qtpd	cangjie	擛
qtqm	cangjie	搓
qtqu	cangjie	撯
qtrk	cangjie	擏
qtt	cangjie	拼
qttb	cangjie	搆
qttc	cangjie	掽
qtub	cangjie	搠
qtw	cangjie	描
qtwi	cangjie	撙
qtwv	cangjie	擃
qtxc	cangjie	搛
qu	cangjie	扎
qud	cangjie	槼
qumb	cangjie	揣
qumrb	cangjie	鬹
quob	cangjie	攜
quog	cangjie	摧
quos	cangjie	㩗𢹂
quu	cangjie	拙
quv	cangjie	嫢
quvif	cangjie	紥
qvfe	cangjie	𢲩
qvfi	cangjie	𢺳
qvid	cangjie	擽
qvio	cangjie	拟
qvis	cangjie	抝拗
qvno	cangjie	掾
qvoi	cangjie	攭
qvvd	cangjie	摷
qvvn	cangjie	拶
qvvv	cangjie	擸
qwd	cangjie	捆捰
qwg	cangjie	捚
qwhr	cangjie	撂
qwim	cangjie	摑
qwjc	cangjie	摜
qwk	cangjie	㧢
qwkp	cangjie	摁
qwl	cangjie	押
qwlg	cangjie	攞
qwli	cangjie	擉
qwlj	cangjie	擇
qwlp	cangjie	擺
qwlv	cangjie	擐
qwmv	cangjie	揋
qwot	cangjie	搵
qwp	cangjie	揌
qwtj	cangjie	𢳂
qwvf	cangjie	摞
qwwv	cangjie	攌
qwyi	cangjie	拇
qy	cangjie	扑
qyaj	cangjie	掉
qybb	cangjie	揥撾
qybc	cangjie	揁
qybg	cangjie	攡
qybk	cangjie	撤
qybp	cangjie	攏
qybs	cangjie	搒
qycb	cangjie	摘
qyck	cangjie	挍
qydk	cangjie	撴
qyg	cangjie	拄
qygq	cangjie	撻
qyhj	cangjie	摓
qyhn	cangjie	抗
qyhr	cangjie	搥
qyhv	cangjie	挔
qyij	cangjie	摔
qyj	cangjie	抖
qyjj	cangjie	摙
qyk	cangjie	抆
qylh	cangjie	捗
qylm	cangjie	扯
qymb	cangjie	掯
qyoj	cangjie	捽
qyok	cangjie	掖
qypo	cangjie	據
qypp	cangjie	攄
qyps	cangjie	擄
qypt	cangjie	攎
qyr	cangjie	拈
qyrb	cangjie	搞
qyrd	cangjie	㨃
qyrf	cangjie	掠𢴒
qyrn	cangjie	㧸揨攍
qyrv	cangjie	攘
qysd	cangjie	揓𢰧
qyso	cangjie	㨗
qyt	cangjie	拉
qyta	cangjie	揞
qytg	cangjie	撞
qytr	cangjie	掊
qytu	cangjie	摬
qytv	cangjie	接
qyub	cangjie	摛
qyvg	cangjie	擁
qyvw	cangjie	搐
qywm	cangjie	擅
qyx	cangjie	擠
qyy	cangjie	抃
qyyb	cangjie	擿
r	cangjie	口
raa	cangjie	唱
rail	cangjie	唧
raiu	cangjie	嘅
rajv	cangjie	𠹵
ram	cangjie	呾
ramj	cangjie	哻
ranh	cangjie	𠻻
rank	cangjie	㘚
ranx	cangjie	嚪
rapv	cangjie	喝
rase	cangjie	嘬
rate	cangjie	嚗
rau	cangjie	吧邑
rav	cangjie	哏
rawe	cangjie	𠼦
raye	cangjie	敯
rayf	cangjie	𠾶
rb	cangjie	肙
rbbb	cangjie	嗗
rbbe	cangjie	噯
rbbr	cangjie	喎
rbcv	cangjie	嚶
rbd	cangjie	啋
rbdi	cangjie	哷
rbgr	cangjie	啁
rbhaf	cangjie	鵑
rbhx	cangjie	㗖
rbm	cangjie	咀
rbmr	cangjie	哃
rbou	cangjie	嗂
rbsd	cangjie	𠲜
rbsmr	cangjie	嗣
rbss	cangjie	𠱂
rbtk	cangjie	𠹻
rbuc	cangjie	員唄
rbuu	cangjie	哯
rbv	cangjie	哸
rbvk	cangjie	嗘
rbwi	cangjie	嚼
rbyp	cangjie	𡄯
rc	cangjie	只叭唫
rcah	cangjie	𡃶
rcim	cangjie	嗡
rckn	cangjie	嗲
rcks	cangjie	勛
rcl	cangjie	吖
rcms	cangjie	𠯋
rcnl	cangjie	鄖
rcor	cangjie	唂
rcsh	cangjie	吩
rcte	cangjie	𡆇
rcwa	cangjie	噌
rcyq	cangjie	𡅈
rd	cangjie	㕲呆
rdam	cangjie	喳
rdd	cangjie	啉
rddf	cangjie	噤
rdhqu	cangjie	氉
rdhr	cangjie	𠺝
rdi	cangjie	吋
rdk	cangjie	吷
rdlc	cangjie	𡃤
rdln	cangjie	劋喇
rdlo	cangjie	嗽
rdm	cangjie	呠
rdmg	cangjie	𠶖
rdmk	cangjie	𠼰
rdmq	cangjie	喡
rdnl	cangjie	鄵
rdoo	cangjie	唻
rdqq	cangjie	𠾴
rdrd	cangjie	槑
rdrj	cangjie	𡀞
rdyn	cangjie	𠵉
rea	cangjie	𠴲
rebb	cangjie	𠿭
rede	cangjie	啵
reed	cangjie	嗓
reee	cangjie	啜
refh	cangjie	唦
rehp	cangjie	𠻹
reiv	cangjie	𠺘
rejf	cangjie	𡄽
reoy	cangjie	嗨
rf	cangjie	吙
rfb	cangjie	哨
rfba	cangjie	嚐
rfbc	cangjie	嗩
rfbg	cangjie	嘡
rfbn	cangjie	𠸑
rfbw	cangjie	噹
rfd	cangjie	咪
rfdj	cangjie	𠺫
rfdq	cangjie	噒
rff	cangjie	啖
rffs	cangjie	嘮
rfh	cangjie	吵
rfkt	cangjie	𡃇
rfmu	cangjie	咣
rfog	cangjie	𠻘
rfqu	cangjie	啳
rg	cangjie	吐
rgb	cangjie	呥
rgbt	cangjie	噎
rgcc	cangjie	嚇
rgg	cangjie	哇
rggu	cangjie	嘵
rggy	cangjie	啩
rghaf	cangjie	鷕
rgi	cangjie	呿
rgis	cangjie	𠲵
rgit	cangjie	嗑
rgkc	cangjie	嚽
rglc	cangjie	哧
rgni	cangjie	嚋
rgnl	cangjie	郢
rgob	cangjie	𡁻
rgou	cangjie	𠺬
rgpd	cangjie	哋
rgr	cangjie	咭
rgrr	cangjie	嘻
rgsk	cangjie	嗷
rgth	cangjie	嘭
rgtj	cangjie	啈
rgwc	cangjie	𡂝
rgwg	cangjie	𠹺
rgyo	cangjie	唗
rha	cangjie	㕷
rhad	cangjie	嘄
rhaf	cangjie	鳴
rhag	cangjie	喤
rhai	cangjie	啲
rhaj	cangjie	嗥
rhal	cangjie	㘉
rhap	cangjie	唣
rhbk	cangjie	噢
rhbn	cangjie	𠶜
rhbr	cangjie	响
rhbu	cangjie	咱
rhdf	cangjie	啾
rhdn	cangjie	唎
rhdp	cangjie	𡀝
rhdr	cangjie	啝
rhdw	cangjie	噃
rher	cangjie	咯
rhey	cangjie	咚
rhfb	cangjie	𠿫
rhfd	cangjie	呼
rhg	cangjie	呈
rhgi	cangjie	𠲍
rhgr	cangjie	哠
rhhe	cangjie	嚟
rhhj	cangjie	啤
rhhk	cangjie	㗛
rhhv	cangjie	哌
rhi	cangjie	𠺌吆
rhjd	cangjie	咮
rhjm	cangjie	唾
rhjr	cangjie	咶
rhjx	cangjie	喢
rhk	cangjie	㕭
rhkb	cangjie	嘺
rhkp	cangjie	㖭
rhml	cangjie	听
rhmo	cangjie	噬
rhnd	cangjie	哚𠼝
rhoa	cangjie	喒
rhoo	cangjie	嘥
rhoq	cangjie	𠷈
rhor	cangjie	㗳
rhp	cangjie	吒
rhpm	cangjie	呧
rhq	cangjie	吽
rhqi	cangjie	哦
rhqu	cangjie	㕰
rhr	cangjie	呂
rhrf	cangjie	嗚
rhrn	cangjie	𠵯
rhs	cangjie	咋
rhsk	cangjie	唳噭
rht	cangjie	呏
rhu	cangjie	兄
rhuc	cangjie	囋
rhuj	cangjie	嘷
rhuk	cangjie	嗅
rhul	cangjie	嚊
rhvo	cangjie	呱
rhwg	cangjie	囖
rhxe	cangjie	嗖
rhxu	cangjie	唲
rhyu	cangjie	嗁
ri	cangjie	𠯫
ribp	cangjie	𠹌
rice	cangjie	唆
ridi	cangjie	嚒
ridq	cangjie	嚤
rifb	cangjie	𡁜
rift	cangjie	𡅏
rihf	cangjie	嘁
rihq	cangjie	哞
rihr	cangjie	喊
rihu	cangjie	吮
rihv	cangjie	喴
riil	cangjie	啷
rijb	cangjie	哺
rijc	cangjie	嘛
rik	cangjie	吠
rikf	cangjie	噅
rill	cangjie	㖄
rimi	cangjie	唥
rine	cangjie	咏
riog	cangjie	雖
riok	cangjie	唉
ripp	cangjie	𠳓
rir	cangjie	咍
ritc	cangjie	嚝
rite	cangjie	喥
ritf	cangjie	嗻
riuh	cangjie	哤
riyr	cangjie	𠶧
rj	cangjie	叶
rjal	cangjie	嘟
rjbc	cangjie	嗔
rjbd	cangjie	哱
rjbf	cangjie	嗦嚓
rjbj	cangjie	喃
rjbm	cangjie	𠵌
rjbo	cangjie	嚏
rjbv	cangjie	囔
rjca	cangjie	噾
rjd	cangjie	味
rje	cangjie	吱
rjhaf	cangjie	鷤
rjhp	cangjie	咤
rjhr	cangjie	喀
rji	cangjie	戢戰
rjig	cangjie	𡁶
rjjb	cangjie	嘲
rjji	cangjie	囀𠽤
rjjj	cangjie	𡆀
rjka	cangjie	啫
rjkd	cangjie	哮
rjkp	cangjie	咾
rjks	cangjie	𠱼
rjlo	cangjie	啑
rjmm	cangjie	喧
rjmmv	cangjie	辴
rjmo	cangjie	啶𠺢
rjmu	cangjie	唍
rjnl	cangjie	鄲
rjon	cangjie	嘜
rjp	cangjie	咜
rjpa	cangjie	嗜
rjpn	cangjie	嚀
rjpu	cangjie	嘧
rjqr	cangjie	嗐
rjr	cangjie	咕
rjrb	cangjie	㗅
rjrc	cangjie	𡅅
rjrr	cangjie	𠴨
rjru	cangjie	𠳭
rjstv	cangjie	囅
rjt	cangjie	𠱥
rjtc	cangjie	噴
rjtg	cangjie	噻
rjv	cangjie	咹
rjwj	cangjie	唓
rka	cangjie	暋
rkbl	cangjie	喐
rkbu	cangjie	睯
rkcf	cangjie	嘹
rkf	cangjie	咴
rkgg	cangjie	喹
rki	cangjie	吰呔
rkkb	cangjie	唏
rklb	cangjie	咘
rklu	cangjie	唵
rkm	cangjie	咗
rkmr	cangjie	𠵇
rkn	cangjie	咦
rkoi	cangjie	𡁯
rkoo	cangjie	唊
rkp	cangjie	愍
rkrd	cangjie	㗎
rkrf	cangjie	𡃉
rks	cangjie	另叻
rksb	cangjie	嗋
rksj	cangjie	𠸊
rksr	cangjie	咖
rlb	cangjie	吊
rlgm	cangjie	㗲
rlln	cangjie	咈
rlmc	cangjie	嘳
rlmo	cangjie	咷
rlmt	cangjie	嚍
rlmy	cangjie	啡
rlon	cangjie	𠸐
rlwl	cangjie	呻
rlwu	cangjie	黾
rlwv	cangjie	嘍
rlx	cangjie	嘯
rmam	cangjie	咺
rmamh	cangjie	踼
rmamo	cangjie	踶
rmanw	cangjie	躝
rmaph	cangjie	踢
rmasm	cangjie	蹋
rmau	cangjie	跁
rmav	cangjie	跟
rmb	cangjie	跀
rmbb	cangjie	嚅𨂃
rmbbb	cangjie	𨃴
rmbc	cangjie	嗊
rmbd	cangjie	踩
rmbe	cangjie	嚘
rmbg	cangjie	嚯
rmbhx	cangjie	蹈
rmbi	cangjie	嘠
rmbkf	cangjie	蹨
rmbm	cangjie	跙𠽌
rmbsd	cangjie	踭
rmbt	cangjie	跚
rmbue	cangjie	躩
rmbug	cangjie	躣
rmbvk	cangjie	蹊
rmc	cangjie	趴
rmcw	cangjie	哂唒
rmcwa	cangjie	蹭
rmd	cangjie	吁
rmdam	cangjie	蹅
rmdhe	cangjie	跛
rmdk	cangjie	趹
rmdm	cangjie	嚦
rmdoo	cangjie	𨂐
rmea	cangjie	踏
rmei	cangjie	䟕
rmf	cangjie	吥
rmfb	cangjie	踃
rmfbg	cangjie	蹚
rmfbh	cangjie	𨅝
rmfbr	cangjie	䠀
rmfbw	cangjie	𨆉
rmfcb	cangjie	蹐
rmfdq	cangjie	蹸
rmffe	cangjie	躞
rmfj	cangjie	呯
rmfm	cangjie	呸
rmfq	cangjie	跘
rmfqu	cangjie	踡
rmfr	cangjie	𠳝
rmgce	cangjie	踜
rmgcg	cangjie	踛
rmgdi	cangjie	跱
rmgg	cangjie	啀跬
rmggu	cangjie	蹺
rmgni	cangjie	躊
rmgt	cangjie	哢
rmgyo	cangjie	跿
rmhdf	cangjie	踿
rmhdv	cangjie	踒
rmhdw	cangjie	蹯
rmher	cangjie	路
rmhgu	cangjie	跣
rmhhj	cangjie	䠋
rmhhw	cangjie	蹓
rmhjd	cangjie	跦
rmhjg	cangjie	踵
rmhk	cangjie	跃
rmhkb	cangjie	蹻
rmhlb	cangjie	踽
rmhlc	cangjie	躓
rmhml	cangjie	斲
rmhmy	cangjie	跅
rmhnd	cangjie	跺
rmhoo	cangjie	蹝蹤
rmhqo	cangjie	跌
rmhs	cangjie	䟭
rmhsb	cangjie	蹁
rmhsk	cangjie	躈
rmhuc	cangjie	躦
rmhyu	cangjie	蹏
rmiav	cangjie	踉
rmice	cangjie	踆
rmig	cangjie	咥
rmigi	cangjie	躕
rmii	cangjie	踐
rmikk	cangjie	跋
rmir	cangjie	跆
rmism	cangjie	𨃩
rmite	cangjie	踱
rmitf	cangjie	蹠
rmiwg	cangjie	躔
rmixp	cangjie	蹗
rmiyr	cangjie	踮
rmjbc	cangjie	蹎
rmjbj	cangjie	𨂾
rmjcv	cangjie	躥
rmje	cangjie	跂
rmjk	cangjie	噉
rmjkd	cangjie	踍
rmjlo	cangjie	踕
rmjmf	cangjie	踪
rmjmn	cangjie	𨀉
rmjnu	cangjie	踠
rmjoa	cangjie	蹜
rmjp	cangjie	跎
rmjr	cangjie	跍
rmkmr	cangjie	踦
rmkms	cangjie	跨
rmkn	cangjie	跠
rmkpb	cangjie	蹛
rmksr	cangjie	跏
rmlb	cangjie	啢
rmlk	cangjie	哽
rmlm	cangjie	啞
rmlmc	cangjie	蹪
rmlmo	cangjie	跳
rmlq	cangjie	𨀞
rmlwp	cangjie	跩
rmmcw	cangjie	跴
rmmd	cangjie	趶
rmmf	cangjie	呩
rmmfb	cangjie	躎
rmmfr	cangjie	踎
rmmgi	cangjie	𨆼
rmmi	cangjie	呍
rmmig	cangjie	跮
rmmlk	cangjie	𨁈
rmmmp	cangjie	躧
rmmmv	cangjie	䟴
rmmp	cangjie	噁
rmmr	cangjie	唔跖
rmmre	cangjie	𨂽
rmmrw	cangjie	踾
rmmt	cangjie	趼
rmmto	cangjie	蹶
rmmv	cangjie	㖘
rmmvm	cangjie	踁
rmn	cangjie	叮
rmnbs	cangjie	踴
rmnhd	cangjie	蹂
rmnhe	cangjie	趿
rmnib	cangjie	踊
rmnin	cangjie	跢
rmnkq	cangjie	踺
rmnmu	cangjie	跪
rmnn	cangjie	咧
rmnoe	cangjie	蹳
rmnot	cangjie	蹬
rmnr	cangjie	呵
rmodi	cangjie	跗
rmog	cangjie	踓
rmohh	cangjie	跈
rmoi	cangjie	𡁷
rmoip	cangjie	踗
rmoir	cangjie	蹌
rmokr	cangjie	踟
rmomb	cangjie	踚
rmomg	cangjie	跧
rmomn	cangjie	踰
rmomr	cangjie	跲
rmon	cangjie	趷
rmooo	cangjie	踨
rmoto	cangjie	𨆯
rmotq	cangjie	躌
rmou	cangjie	𠶲
rmowy	cangjie	踇
rmoym	cangjie	𨀣
rmpfd	cangjie	踘
rmpi	cangjie	趵
rmpmc	cangjie	蹞
rmpr	cangjie	跔
rmpru	cangjie	跑
rmpt	cangjie	跇
rmptd	cangjie	蹀
rmqd	cangjie	𨀤
rmqka	cangjie	踳
rmqkx	cangjie	蹖
rmqmc	cangjie	蹟
rmqo	cangjie	趺
rmr	cangjie	𠰴
rmrb	cangjie	嗝
rmrj	cangjie	𠹶
rmrr	cangjie	𠹭
rmrrd	cangjie	躁
rmrt	cangjie	哣
rmryo	cangjie	踀
rmsje	cangjie	踙
rmsjj	cangjie	躡
rmsjr	cangjie	踞
rmsju	cangjie	踂
rmsmg	cangjie	躍
rmso	cangjie	啄
rmsp	cangjie	跜
rmss	cangjie	距
rmssr	cangjie	跼
rmstv	cangjie	蹍
rmsu	cangjie	呃
rmsup	cangjie	跽
rmswu	cangjie	𨈇
rmt	cangjie	咞
rmta	cangjie	踖
rmtag	cangjie	躪
rmtb	cangjie	𡂖
rmtce	cangjie	躨
rmtco	cangjie	蹼
rmtja	cangjie	躇
rmtkl	cangjie	躑
rmtlb	cangjie	蹣
rmtmc	cangjie	踑
rmtmj	cangjie	𨅯
rmtmv	cangjie	踸
rmto	cangjie	噘
rmtqa	cangjie	躤
rmtqm	cangjie	蹉
rmtt	cangjie	跰
rmttc	cangjie	踫
rmtwa	cangjie	蹧
rmtwi	cangjie	蹲
rmua	cangjie	噆
rmubb	cangjie	蹦
rmue	cangjie	嗄
rmuhi	cangjie	𨅏
rmui	cangjie	嘎
rmumb	cangjie	踹
rmuw	cangjie	𠵾
rmvh	cangjie	呀
rmvi	cangjie	嗕
rmvid	cangjie	躒
rmvim	cangjie	躖
rmvmi	cangjie	蹡
rmvn	cangjie	咓
rmvs	cangjie	号
rmvvv	cangjie	躐
rmwc	cangjie	𠿪
rmwd	cangjie	踝
rmwf	cangjie	嘌
rmwg	cangjie	喱
rmwj	cangjie	嘾
rmwjc	cangjie	躀
rmwl	cangjie	喕
rmwli	cangjie	躅
rmwtj	cangjie	蹕
rmwv	cangjie	喓
rmwyi	cangjie	𧿹
rmy	cangjie	吓
rmyaj	cangjie	踔
rmyav	cangjie	蹆
rmybb	cangjie	蹄
rmybp	cangjie	躘
rmycb	cangjie	蹢
rmyck	cangjie	跤
rmydk	cangjie	蹾
rmyf	cangjie	嘕
rmyfe	cangjie	踧
rmyfu	cangjie	蹴
rmyg	cangjie	跓
rmygq	cangjie	躂
rmyij	cangjie	𨄮
rmyjj	cangjie	蹥
rmylc	cangjie	跡
rmylh	cangjie	踄
rmylm	cangjie	趾
rmymp	cangjie	跐
rmymu	cangjie	躚
rmyoj	cangjie	踤
rmypo	cangjie	躆
rmyr	cangjie	跕
rmyrv	cangjie	躟
rmytg	cangjie	蹱
rmytr	cangjie	踣
rmytv	cangjie	踥
rmyx	cangjie	躋
rnbg	cangjie	唃𡃏
rnbj	cangjie	嘝
rnbk	cangjie	喚
rncr	cangjie	噡
rnd	cangjie	吇
rndt	cangjie	𠵼
rndu	cangjie	吼
rng	cangjie	吜𡋾
rnhb	cangjie	噊
rnhe	cangjie	吸
rnhs	cangjie	𠮨
rnhx	cangjie	啗
rnin	cangjie	哆
rnir	cangjie	𠱷
rniy	cangjie	𠰻
rnkm	cangjie	唌
rnl	cangjie	吲
rnlb	cangjie	𡃴
rnlf	cangjie	𡁸
rnlm	cangjie	唨𠾐
rnlr	cangjie	啊
rnmu	cangjie	𠱓
rnn	cangjie	𠮩
rno	cangjie	吹
rnot	cangjie	噔
rnqd	cangjie	𠹳
rnri	cangjie	嚵
rnsp	cangjie	喼
rnue	cangjie	𠱁
rnwa	cangjie	嚕
rnxu	cangjie	𪚩
rob	cangjie	吶
robq	cangjie	𤰉
rod	cangjie	咻
rodi	cangjie	咐
rog	cangjie	唯
rogd	cangjie	㗱
rogf	cangjie	噍
rohe	cangjie	𠿬
rohf	cangjie	喺
roic	cangjie	嗿
roif	cangjie	𠼮
roii	cangjie	呤
roin	cangjie	吟
roip	cangjie	唸𠰺
roir	cangjie	唅嗆
roiv	cangjie	喰𠹸
roj	cangjie	吘
roll	cangjie	吤
rom	cangjie	𠰋
roma	cangjie	噲
romd	cangjie	唋
roml	cangjie	啣𠵴
romm	cangjie	噏
romn	cangjie	喻
romo	cangjie	噞
romq	cangjie	嗱
romr	cangjie	哈啥
romt	cangjie	啽
romv	cangjie	喩
ron	cangjie	吃
rond	cangjie	𠺪
ronk	cangjie	喉
roob	cangjie	𠹹
roog	cangjie	唑
rop	cangjie	吪
roq	cangjie	哖
rosk	cangjie	咿
ross	cangjie	𠳔
rotf	cangjie	嘸
roto	cangjie	𡂈
roud	cangjie	嚹
roum	cangjie	𠼭
rowr	cangjie	嗰
royb	cangjie	噙
royv	cangjie	𠵱
rp	cangjie	叱吣
rpa	cangjie	咰
rpd	cangjie	吔
rph	cangjie	咇
rphaf	cangjie	鴖
rphh	cangjie	吻
rphp	cangjie	唿
rpim	cangjie	呁
rplii	cangjie	蟁
rpln	cangjie	刡
rpmbc	cangjie	䪸
rpok	cangjie	敃
rpou	cangjie	啕
rpp	cangjie	吡
rppa	cangjie	喈
rpr	cangjie	呴
rpru	cangjie	咆
rpt	cangjie	呭
rptd	cangjie	喋
rpu	cangjie	吨
rpuc	cangjie	噸
rpuk	cangjie	哅
rqam	cangjie	𠵆
rqbu	cangjie	𡃁
rqde	cangjie	𠵿
rqdm	cangjie	𠾵
rqfh	cangjie	𠳕
rqha	cangjie	啪
rqhk	cangjie	喫
rqhl	cangjie	哳
rqhu	cangjie	囓
rqhw	cangjie	𡃓
rqjm	cangjie	嘒
rqkd	cangjie	嗪
rqkq	cangjie	唪
rqmc	cangjie	嘖
rqmf	cangjie	嗉
rqmm	cangjie	𠻺
rqmn	cangjie	咑
rqne	cangjie	𠳖
rqo	cangjie	呋
rqyg	cangjie	𡃵
rqyj	cangjie	唞
rqym	cangjie	𠳏
rqyt	cangjie	啦
rrau	cangjie	唈
rrbyj	cangjie	斝
rrf	cangjie	喣
rrhaf	cangjie	鷺
rrhn	cangjie	咒
rrhu	cangjie	呪
rrik	cangjie	哭獸
rrikr	cangjie	器
rrill	cangjie	喌
rrmcr	cangjie	囂
rrmjs	cangjie	咢
rrmmk	cangjie	嚴
rrmms	cangjie	咢
rrmr	cangjie	噐𡀔
rrms	cangjie	呺
rrnl	cangjie	郘
rrr	cangjie	品
rrrd	cangjie	喿噪
rrrh	cangjie	𠻝
rrrj	cangjie	嘽
rrrr	cangjie	㗊碞
rrrs	cangjie	㗁
rrru	cangjie	喦嵒
rrslr	cangjie	嚚
rrsqf	cangjie	駡
rruc	cangjie	噀
rrvlr	cangjie	嘂
rrvp	cangjie	呡
rrwj	cangjie	單
rrwmu	cangjie	鼉
rrye	cangjie	㗇
rryo	cangjie	哫
rsbn	cangjie	唰
rsef	cangjie	𡁵
rsf	cangjie	𤏩
rsh	cangjie	叨
rshaf	cangjie	鴞鶚
rshu	cangjie	𠳿
rsit	cangjie	嚂
rsj	cangjie	咠咡
rsjj	cangjie	囁
rsjl	cangjie	㖿
rsjr	cangjie	啹
rsk	cangjie	吚
rsl	cangjie	叩
rslb	cangjie	咂
rsll	cangjie	𠱸
rsln	cangjie	別
rsm	cangjie	叼
rsmbc	cangjie	顎
rsme	cangjie	唚
rsmg	cangjie	哐喔嚁
rsmh	cangjie	嘐
rsmi	cangjie	噚
rsmj	cangjie	噿
rsnl	cangjie	鄂
rso	cangjie	呎
rsp	cangjie	呢
rsqf	cangjie	嗎
rsql	cangjie	哪
rsrj	cangjie	噼
rsro	cangjie	𡂿
rsrr	cangjie	嘔
rss	cangjie	𠰠
rssl	cangjie	卾
rssu	cangjie	𠱃
rsuu	cangjie	啒
rsyi	cangjie	囑
rsypu	cangjie	號
rta	cangjie	唶
rtak	cangjie	嗼
rtav	cangjie	噶
rtbo	cangjie	𡁏
rtc	cangjie	哄
rtcg	cangjie	𠼻
rtcl	cangjie	嘶
rtco	cangjie	噗
rtct	cangjie	嗌
rtgf	cangjie	㗝
rtgi	cangjie	嚉囈
rtgk	cangjie	𠸍
rtgu	cangjie	唴
rthv	cangjie	𠾭
rtj	cangjie	𠯢
rtjg	cangjie	嚡
rtjp	cangjie	㗾
rtjs	cangjie	嘞
rtk	cangjie	咲哎
rtkr	cangjie	喏𠸏
rtlf	cangjie	嚥
rtlk	cangjie	𠸄
rtlo	cangjie	嘆
rtm	cangjie	咁
rtmc	cangjie	唭
rtmj	cangjie	嘩
rtmv	cangjie	啿
rtnd	cangjie	囌
rtod	cangjie	嗏
rtoe	cangjie	嚄
rtoi	cangjie	𠸖
rtor	cangjie	嗒嗬
rtox	cangjie	嚿
rtq	cangjie	咩
rtqm	cangjie	嗟
rtrg	cangjie	嚾
rtub	cangjie	嗍
rtvi	cangjie	嗞
rtw	cangjie	喵
rtwa	cangjie	嘈
rtwi	cangjie	噂囆
rtwv	cangjie	噥
rtxc	cangjie	嗛
rtyb	cangjie	嚆
rtyj	cangjie	𡂴
ru	cangjie	巳𠮿
rubb	cangjie	嘣
ruhjj	cangjie	𢁅
ruhr	cangjie	𠸉
rukb	cangjie	𨚼
rumb	cangjie	喘
rumi	cangjie	嗤
rumr	cangjie	啱
runl	cangjie	鄳
ruog	cangjie	嗺
ruoiv	cangjie	饕
ruon	cangjie	㖗
rutc	cangjie	巽
ruu	cangjie	咄
rv	cangjie	𠯆
rve	cangjie	呶
rveq	cangjie	𠸎
rvfb	cangjie	𠺶
rvff	cangjie	噝
rvfh	cangjie	𠴕
rvfi	cangjie	喲
rvfj	cangjie	𡃈
rvfu	cangjie	𠾼
rvhi	cangjie	𠹷
rvi	cangjie	吆
rvii	cangjie	嘰
rvis	cangjie	呦𠯻
rvjd	cangjie	𠵈
rvjr	cangjie	𠵎
rvl	cangjie	叫
rvnk	cangjie	吳
rvno	cangjie	喙
rvp	cangjie	民
rvvu	cangjie	嗈
rwb	cangjie	喟
rwc	cangjie	呬
rwg	cangjie	哩
rwgf	cangjie	嘿
rwgg	cangjie	嚜
rwgn	cangjie	嘢
rwhd	cangjie	㖥
rwim	cangjie	嘓
rwjr	cangjie	𠴱
rwk	cangjie	咽
rwkp	cangjie	嗯
rwks	cangjie	𠲸
rwl	cangjie	呷
rwlb	cangjie	喁
rwlc	cangjie	嘪
rwlg	cangjie	囉
rwli	cangjie	噣
rwlv	cangjie	噮
rwmv	cangjie	喂
rwnl	cangjie	鄙
rwot	cangjie	嗢
rwtj	cangjie	嗶
rwvf	cangjie	𠼱
rwyi	cangjie	呣
rxu	cangjie	黽
ry	cangjie	卟
ryaj	cangjie	啅
ryao	cangjie	噷
rybb	cangjie	㗻啼
rybp	cangjie	嚨
rybs	cangjie	嗙
ryc	cangjie	𠯿
rycb	cangjie	嘀
ryck	cangjie	咬
rydg	cangjie	囃
rydl	cangjie	噺
rydu	cangjie	嚫
ryfu	cangjie	噈
ryg	cangjie	𠰍
rygq	cangjie	噠
ryhc	cangjie	嚬
ryhh	cangjie	喭
ryhn	cangjie	吭
ryhv	cangjie	𠲖
ryib	cangjie	唷
ryid	cangjie	𠾍
ryjj	cangjie	嗹
ryk	cangjie	呅
rylm	cangjie	⻊
rymb	cangjie	啃
rymh	cangjie	噦
rymp	cangjie	呲
rymr	cangjie	唁
rymu	cangjie	嚙
rymy	cangjie	咔
rynb	cangjie	嗵
ryo	cangjie	足
ryoe	cangjie	𡃀
ryoj	cangjie	啐
ryok	cangjie	㖡
rypb	cangjie	嘴
rypd	cangjie	喍嘑
rypk	cangjie	噳
rypm	cangjie	噓
rypo	cangjie	噱
rypt	cangjie	嚧
rypu	cangjie	唬
ryr	cangjie	呫
ryrb	cangjie	嗃
ryrd	cangjie	啍
ryrn	cangjie	哼
ryro	cangjie	嚎
ryru	cangjie	喨
ryrv	cangjie	㗒嚷
ryse	cangjie	叚
rysk	cangjie	嗾
ryso	cangjie	𠸝
rysy	cangjie	唹
ryt	cangjie	㕸
ryta	cangjie	喑
ryti	cangjie	嚱
rytp	cangjie	噫
rytv	cangjie	唼
ryub	cangjie	𠻗
ryvg	cangjie	噰
ryvo	cangjie	咳
rywe	cangjie	嚃
rywo	cangjie	𠺖
ryx	cangjie	嚌
s	cangjie	尸
sahaf	cangjie	鷵
sahni	cangjie	飁
sammu	cangjie	翫
sanl	cangjie	䣝
sav	cangjie	匽
sbcc	cangjie	屭
sbhg	cangjie	朢
sbln	cangjie	刷
sbuc	cangjie	屓
sbug	cangjie	匷
sc	cangjie	匹
schaf	cangjie	鴄
schne	cangjie	殿
scwa	cangjie	層
se	cangjie	尿
seb	cangjie	腎臀
sebuc	cangjie	賢贀
sec	cangjie	鋻
sed	cangjie	棸
sef	cangjie	焣
seg	cangjie	埾堅壂
sehaf	cangjie	鷖
selmi	cangjie	蜸
semcw	cangjie	醫
semgi	cangjie	瑿𤩱
semoo	cangjie	毉
semr	cangjie	硻
semrt	cangjie	豎
seog	cangjie	匯
seooo	cangjie	聚
seq	cangjie	掔
sesmm	cangjie	翳
sev	cangjie	娶婜嫛
sevif	cangjie	緊繄
sewgf	cangjie	黳
seyt	cangjie	竪
sfa	cangjie	馹
sfaa	cangjie	䮖
sfabt	cangjie	𩥈
sfajv	cangjie	騴
sfamj	cangjie	駻
sfamo	cangjie	騠
sfapp	cangjie	騉
sfapv	cangjie	騔
sfb	cangjie	屑
sfbbr	cangjie	騧
sfbcr	cangjie	䮐
sfbgr	cangjie	騆
sfbjj	cangjie	䮝
sfbm	cangjie	駔
sfbmr	cangjie	駧
sfbr	cangjie	駉
sfbvk	cangjie	騱
sfcru	cangjie	駾
sfcsh	cangjie	䭻
sfcwa	cangjie	驓
sfd	cangjie	屎
sfdi	cangjie	尉
sfdk	cangjie	駃
sfdl	cangjie	駷
sfdoo	cangjie	騋
sfe	cangjie	馭
sfeii	cangjie	騷
sffdq	cangjie	驎
sffqf	cangjie	驣
sfgcg	cangjie	𩣱
sfggu	cangjie	驍
sfhae	cangjie	騡
sfhag	cangjie	騜
sfhdp	cangjie	騬
sfher	cangjie	駱
sfhgu	cangjie	駪
sfhhw	cangjie	騮
sfhi	cangjie	騩
sfhkb	cangjie	驕
sfhml	cangjie	馸
sfhni	cangjie	颿
sfhp	cangjie	馲
sfhsb	cangjie	騙
sfhsm	cangjie	騸
sfhwp	cangjie	驄
sfhxe	cangjie	騪
sfiav	cangjie	駺
sfice	cangjie	駿
sfihu	cangjie	馻
sfiih	cangjie	驂
sfij	cangjie	駥
sfik	cangjie	䭾
sfiok	cangjie	騃
sfiop	cangjie	𩥝
sfipf	cangjie	䮽
sfir	cangjie	駘
sfist	cangjie	𩦝
sfit	cangjie	駴
sfitc	cangjie	𩧉
sfiuh	cangjie	駹
sfixp	cangjie	騼
sfjig	cangjie	驖
sfjmc	cangjie	驞
sfjmf	cangjie	騌
sfjp	cangjie	駝
sfjv	cangjie	𩣑
sfk	cangjie	馱
sfki	cangjie	駄
sfkk	cangjie	駁
sfkkb	cangjie	䮎
sfkkk	cangjie	騻
sfkmr	cangjie	騎
sfl	cangjie	馽
sflbk	cangjie	駚
sflk	cangjie	駛
sflll	cangjie	馴
sflmo	cangjie	駣
sflmy	cangjie	騑
sflpc	cangjie	驥
sflw	cangjie	駎
sflws	cangjie	騁
sflx	cangjie	驌
sfmbu	cangjie	驦
sfmfj	cangjie	駍
sfmfm	cangjie	駓
sfmgi	cangjie	𩢤
sfmhf	cangjie	騵
sfmig	cangjie	駤
sfmj	cangjie	馯
sfmlm	cangjie	𩤃
sfmmp	cangjie	驪
sfmtb	cangjie	𩧃
sfmvm	cangjie	𩣪
sfmwf	cangjie	驃
sfmwj	cangjie	驔
sfmwv	cangjie	騕
sfmx	cangjie	駵
sfnhb	cangjie	驈
sfnhd	cangjie	騥
sfnhe	cangjie	馺
sfnkq	cangjie	騝
sfnok	cangjie	騤
sfnoo	cangjie	騛
sfodi	cangjie	駙
sfog	cangjie	騅
sfohh	cangjie	駗
sfoii	cangjie	駖
sfoip	cangjie	騐
sfok	cangjie	駇
sfomd	cangjie	駼
sfomg	cangjie	駩
sfomn	cangjie	騟
sfomo	cangjie	驗
sfomr	cangjie	騇
sfpd	cangjie	馳
sfph	cangjie	駜
sfpi	cangjie	馰
sfpou	cangjie	騊
sfpr	cangjie	駒
sfpuu	cangjie	騶
sfqjr	cangjie	騞
sfrb	cangjie	駽
sfrrj	cangjie	驒
sfrye	cangjie	騢
sfseo	cangjie	驟
sfsff	cangjie	驫
sfshr	cangjie	駋
sfsj	cangjie	駬
sfsjj	cangjie	䯀
sfsjr	cangjie	𩤅
sfsma	cangjie	騽
sfsme	cangjie	駸
sfsnd	cangjie	驏
sfso	cangjie	駅
sfsrr	cangjie	驅
sfss	cangjie	駏
sfssr	cangjie	駶
sft	cangjie	馵
sftaj	cangjie	騲
sftbn	cangjie	騚
sftcd	cangjie	驜
sftjd	cangjie	驧
sftlf	cangjie	驠
sftlm	cangjie	騹
sftmc	cangjie	騏
sftmj	cangjie	驊
sftrg	cangjie	驩
sftt	cangjie	駢
sfuce	cangjie	騣
sfuhj	cangjie	𩥪
sfumj	cangjie	䮗
sfumt	cangjie	𩥉
sfuob	cangjie	驨
sfvne	cangjie	騄
sfwc	cangjie	駟
sfwd	cangjie	騍
sfwk	cangjie	駰
sfwlj	cangjie	驛
sfwp	cangjie	騦
sfwtj	cangjie	驆
sfwvf	cangjie	騾
sfyaj	cangjie	䮓
sfybp	cangjie	䮾
sfybs	cangjie	騯
sfyck	cangjie	駮
sfydk	cangjie	驐
sfyg	cangjie	駐
sfyhv	cangjie	褧
sfyk	cangjie	馼
sfypm	cangjie	驉
sfypt	cangjie	驢
sfyrv	cangjie	驤
sfytj	cangjie	騂騿
sfyvo	cangjie	駭
sfywm	cangjie	驙
sghaf	cangjie	鸐
sgi	cangjie	戳
sgjwp	cangjie	聽
sgks	cangjie	劻
sgln	cangjie	剭
sh	cangjie	刀
shaf	cangjie	鳲
shaph	cangjie	鬄
shawe	cangjie	鬘
shbb	cangjie	鬅
shbt	cangjie	匴
shby	cangjie	𩬅
shc	cangjie	刅
shcwa	cangjie	鬙
shdbn	cangjie	鬎
shdci	cangjie	鬆
shdhe	cangjie	髲
shefh	cangjie	髿
shfb	cangjie	髾
shfqu	cangjie	鬈
shgb	cangjie	髯
shgr	cangjie	髻
shhaf	cangjie	鳭鷚
shhdf	cangjie	鬏
shhdn	cangjie	鬁
shhej	cangjie	髼
shhg	cangjie	𩬎
shhhc	cangjie	鬚
shhjr	cangjie	髺
shhn	cangjie	髠
shhqu	cangjie	髦
shi	cangjie	刃戮
shiih	cangjie	鬖
shikk	cangjie	髮
shjbc	cangjie	鬒
shjka	cangjie	䰇
shjmc	cangjie	鬢
shjmf	cangjie	鬃
shjpa	cangjie	鬐
shjrb	cangjie	鬍
shkmb	cangjie	鬌
shks	cangjie	勠
shlb	cangjie	属
shlbu	cangjie	髧
shlln	cangjie	髴
shlmc	cangjie	䰎
shln	cangjie	剹
shmbc	cangjie	顟
shmfm	cangjie	髬
shml	cangjie	匠
shmu	cangjie	髡
shnih	cangjie	髳
shnl	cangjie	鄝
shnmu	cangjie	𩯕
shob	cangjie	屩
shod	cangjie	屧髹
shoe	cangjie	屐履
shog	cangjie	雡
shoma	cangjie	鬠
shomc	cangjie	鬂
shoo	cangjie	屣
shoog	cangjie	髽
shot	cangjie	屜
shov	cangjie	屨
shpd	cangjie	髢
shpru	cangjie	髱
shqka	cangjie	鬊
shqu	cangjie	尾
shr	cangjie	召
shsb	cangjie	匾
shshr	cangjie	髫
shsj	cangjie	髶
shtak	cangjie	鬕
shtbn	cangjie	鬋
shtlb	cangjie	鬗
shtw	cangjie	髷
shtwv	cangjie	鬞
shtxc	cangjie	鬑
shuce	cangjie	鬉
shvvv	cangjie	鬣
shwlv	cangjie	鬟
shwp	cangjie	䰄
shyhj	cangjie	鬔
shyhs	cangjie	髣
shymp	cangjie	髭
shyrv	cangjie	鬤
sibt	cangjie	監
sibuu	cangjie	覧
sic	cangjie	鍳
sif	cangjie	熨
sihhh	cangjie	髟
sihk	cangjie	镺
sihml	cangjie	斸
sihq	cangjie	犚
sihqo	cangjie	镻
sije	cangjie	㞗
sikcf	cangjie	镽
silmi	cangjie	螱
siln	cangjie	劚
silq	cangjie	肆
simgi	cangjie	𤧬
sinl	cangjie	鄩
sip	cangjie	忍慰
sisuu	cangjie	镼
siwc	cangjie	䦉
siyhv	cangjie	褽
sj	cangjie	耳
sjb	cangjie	臂
sjbmm	cangjie	耼
sjc	cangjie	屄鐾
sjcim	cangjie	聬
sjcip	cangjie	聡
sjd	cangjie	檗
sje	cangjie	取
sjenl	cangjie	郰
sjf	cangjie	耿
sjfd	cangjie	糪
sjff	cangjie	𦖠
sjg	cangjie	壁
sjgb	cangjie	聃
sjgr	cangjie	聐
sjhaf	cangjie	鷿
sjhbn	cangjie	䎺
sjhhj	cangjie	聛
sjhhl	cangjie	聊
sjhjr	cangjie	聒
sjhqu	cangjie	毦
sjhwp	cangjie	聰
sjhxu	cangjie	聣
sjirm	cangjie	聝
sjjcm	cangjie	聜
sjjmo	cangjie	聢
sjjn	cangjie	匭
sjjpn	cangjie	聹
sjjyj	cangjie	䏁
sjka	cangjie	屠
sjkf	cangjie	屪
sjki	cangjie	耾
sjlb	cangjie	幦
sjlbu	cangjie	耽
sjlmc	cangjie	聵
sjln	cangjie	刵
sjlws	cangjie	聘
sjmbc	cangjie	顳
sjmbl	cangjie	聏
sjmg	cangjie	𤩹
sjmgi	cangjie	璧
sjmn	cangjie	耵
sjmvn	cangjie	甓
sjmym	cangjie	聇
sjncr	cangjie	聸
sjnl	cangjie	耶
sjnok	cangjie	聧
sjoii	cangjie	聆
sjoin	cangjie	耹
sjok	cangjie	𣀳
sjomn	cangjie	𦖭
sjomr	cangjie	𦕲
sjp	cangjie	恥憵
sjpkp	cangjie	聦
sjq	cangjie	擘
sjr	cangjie	居
sjrxu	cangjie	鼊
sjryo	cangjie	躄
sjsh	cangjie	劈
sjsj	cangjie	聑
sjsjj	cangjie	聶
sjtk	cangjie	联
sjtor	cangjie	𦖿
sju	cangjie	耴
sjv	cangjie	嬖
sjvif	cangjie	繴
sjvis	cangjie	聈
sjvit	cangjie	聯
sjyhv	cangjie	襞
sjyia	cangjie	職
sjylm	cangjie	耻
sjymr	cangjie	譬
sjyrn	cangjie	聤
sk	cangjie	尹
skcf	cangjie	㞠
skn	cangjie	尻
skoo	cangjie	匧
skr	cangjie	君
skrr	cangjie	匲
sl	cangjie	卩
slb	cangjie	匝
sle	cangjie	臤
slmbc	cangjie	頣頤
slmc	cangjie	匱
slmy	cangjie	匪屝
slo	cangjie	臥
slorr	cangjie	臨
slqmc	cangjie	賾
slsl	cangjie	臣
slsll	cangjie	臦
slvif	cangjie	綤
slw	cangjie	届
slwv	cangjie	屢
sly	cangjie	卧
sm	cangjie	⺕刁
smamo	cangjie	翨
smbjj	cangjie	翬𦑩
smblb	cangjie	帚
smcsh	cangjie	翂
smdhe	cangjie	翍
smf	cangjie	灵
smg	cangjie	匡
smha	cangjie	習
smhaf	cangjie	翵
smhqo	cangjie	翐
smhqu	cangjie	毣
smht	cangjie	𦐒
smi	cangjie	镸𦐂
smig	cangjie	屋
smikk	cangjie	翇
smip	cangjie	𦏵
smkoo	cangjie	翜
sml	cangjie	翀𠁨
smm	cangjie	羾
smmbc	cangjie	頨
smmri	cangjie	尋
smnp	cangjie	屍
smog	cangjie	翟
smohh	cangjie	翏
smonk	cangjie	翭
smpd	cangjie	𦏸
smpr	cangjie	翑
smqjm	cangjie	𦒄
smqmb	cangjie	𦑊
smr	cangjie	司
smsim	cangjie	羽
smso	cangjie	𡱰
smt	cangjie	羿
smuce	cangjie	翪
smv	cangjie	長
smwtc	cangjie	翼
smyjj	cangjie	翴
smyk	cangjie	𦐐
smyoj	cangjie	翠
smyrb	cangjie	翯
smyrf	cangjie	翞
smyt	cangjie	翋翌
smytv	cangjie	翣
sndd	cangjie	孱
snlr	cangjie	屙
so	cangjie	尺
sok	cangjie	医
somn	cangjie	匬
somo	cangjie	匳
somr	cangjie	匼
sonl	cangjie	鄹
soog	cangjie	𠥔
sorc	cangjie	咫
sp	cangjie	尼
spbuc	cangjie	贒
spd	cangjie	匜
sphaf	cangjie	鵋
sphh	cangjie	匢
spp	cangjie	屁
spt	cangjie	屉
sqnl	cangjie	那
sqsf	cangjie	馬
sr	cangjie	叵𡰪
srbt	cangjie	盬
srbuu	cangjie	覗
srf	cangjie	焄𤍥
srhaf	cangjie	鵘鶋鷗
srhg	cangjie	聖
srhne	cangjie	毆
srhrf	cangjie	𠥹
srks	cangjie	劭
srlb	cangjie	屌
srln	cangjie	刟
srmbc	cangjie	頵
srmvn	cangjie	甌
srnl	cangjie	邵郡
srno	cangjie	歐
srp	cangjie	慝
srrau	cangjie	𨛦
srrj	cangjie	匰
srrr	cangjie	區
srsl	cangjie	卲
srtq	cangjie	羣群
srye	cangjie	敺
sryjf	cangjie	鸊
srymr	cangjie	䛐
srytj	cangjie	辟
ss	cangjie	巨
ssf	cangjie	燛
sskll	cangjie	臩
sslii	cangjie	螶
ssr	cangjie	局
ssu	cangjie	凹
stkr	cangjie	匿𡲢
stqq	cangjie	羼
stt	cangjie	屏
stv	cangjie	展
su	cangjie	㔾己已
suf	cangjie	熙𤋮
sug	cangjie	屆
suhaf	cangjie	鶌
suhqm	cangjie	𡲥
suhu	cangjie	兕
sund	cangjie	屘
sunl	cangjie	邔
suok	cangjie	改
sup	cangjie	忌
sut	cangjie	异
sutc	cangjie	𢁉
suu	cangjie	屈
suv	cangjie	妀媐
svhaf	cangjie	鶠
svnl	cangjie	郾
svryo	cangjie	𨃨
sw	cangjie	屇
swbt	cangjie	鹽
swbuu	cangjie	覽
swc	cangjie	鑒
swl	cangjie	匣
swq	cangjie	擥
syhn	cangjie	匟
syp	cangjie	𢛶
sytj	cangjie	屖
syyi	cangjie	屬
syyq	cangjie	犀
syyu	cangjie	𡲬
t	cangjie	廿
ta	cangjie	昔
taa	cangjie	菖
taaa	cangjie	蕌
tab	cangjie	萌
tabt	cangjie	蒀
tabu	cangjie	萺
tadhe	cangjie	皵
tagi	cangjie	蒔
tahaf	cangjie	鵲
tahml	cangjie	斮
tahs	cangjie	葃
tahu	cangjie	葿
taiu	cangjie	蔇
taj	cangjie	草
tak	cangjie	莫
taka	cangjie	暮
takb	cangjie	幕
takf	cangjie	驀
takg	cangjie	墓
taki	cangjie	𦻒
takp	cangjie	慕
takq	cangjie	摹
taks	cangjie	募
talk	cangjie	𦴤
taln	cangjie	剒
tan	cangjie	菛
tana	cangjie	蕳
tanb	cangjie	蕑
tang	cangjie	藺
tanp	cangjie	蕄
tanv	cangjie	蔅
tanw	cangjie	蘭
taph	cangjie	䓪
tapp	cangjie	菎
tapv	cangjie	葛
tase	cangjie	蕞
tau	cangjie	芭
tav	cangjie	茛
tawe	cangjie	蔓
tbac	cangjie	蓂
tbau	cangjie	萉
tbb	cangjie	萠
tbbb	cangjie	蓇
tbbe	cangjie	薆
tbbq	cangjie	蕣
tbbr	cangjie	萵
tbbu	cangjie	薍
tbbuu	cangjie	覯
tbc	cangjie	典蓥
tbcn	cangjie	萴
tbcsh	cangjie	黺
tbcv	cangjie	蘡
tbd	cangjie	槊荣菜
tbdh	cangjie	𦹮
tbfe	cangjie	藤
tbff	cangjie	虅
tbfs	cangjie	蕂
tbg	cangjie	塑
tbgr	cangjie	䓟
tbhg	cangjie	薶
tbhq	cangjie	荦
tbhs	cangjie	葄
tbhu	cangjie	藐
tbhx	cangjie	蓞
tbijb	cangjie	黼
tbikk	cangjie	黻
tbjj	cangjie	葷
tbkf	cangjie	䔳
tbks	cangjie	勱
tbli	cangjie	繭萤
tbln	cangjie	前蒯
tbm	cangjie	苴
tbmbc	cangjie	顜顢
tbme	cangjie	萲
tbmg	cangjie	莹
tbmo	cangjie	蒙
tbmr	cangjie	茼
tbms	cangjie	莇
tbmw	cangjie	蒏
tbnd	cangjie	莩
tbnf	cangjie	煎
tbnh	cangjie	剪
tbni	cangjie	蒬
tbnm	cangjie	翦
tbof	cangjie	蔡
tbok	cangjie	散
tbou	cangjie	䔄
tbp	cangjie	愬𦽳
tbpr	cangjie	葋
tbr	cangjie	苘
tbse	cangjie	菔
tbtv	cangjie	菵
tbu	cangjie	苜
tbud	cangjie	蔝
tbuf	cangjie	蘨
tbuk	cangjie	藈
tbul	cangjie	薡
tbut	cangjie	萛
tbuu	cangjie	莧
tbv	cangjie	荽
tbvf	cangjie	萦
tby	cangjie	䒟
tbyj	cangjie	斠
tc	cangjie	业共菳
tca	cangjie	普
tcb	cangjie	朞期
tcbt	cangjie	益
tcbuu	cangjie	覥
tcd	cangjie	棊
tcfb	cangjie	黹
tcg	cangjie	基
tchaf	cangjie	䳍鶼鷬
tche	cangjie	夔
tchml	cangjie	斯
tcim	cangjie	蓊
tcjwj	cangjie	輂
tclbu	cangjie	黆
tclmi	cangjie	蛬
tcmr	cangjie	碁
tcno	cangjie	欺歉
tcok	cangjie	敟
tcp	cangjie	恭惎
tcq	cangjie	拲
tcru	cangjie	巷莌
tcsd	cangjie	棻
tcsh	cangjie	芬
tcst	cangjie	葐
tctd	cangjie	業
tcte	cangjie	叢
tcvif	cangjie	綦
tcwm	cangjie	酋
tcyg	cangjie	黈
tcyj	cangjie	斢
tcymr	cangjie	諅
tcyr	cangjie	黇
tdav	cangjie	𦶠
tdb	cangjie	茦
tdbb	cangjie	蕀
tdbk	cangjie	蓛
tdbn	cangjie	莿
tdbu	cangjie	葙
tdci	cangjie	菘
tdd	cangjie	菻
tdhaf	cangjie	鷋
tdhl	cangjie	菥
tdj	cangjie	茉
tdje	cangjie	䓩
tdk	cangjie	芵
tdlc	cangjie	藾
tdlo	cangjie	蔌
tdm	cangjie	苯
tdmq	cangjie	葦
tdnl	cangjie	鄴
tdof	cangjie	藮
tdoo	cangjie	萊
tdqt	cangjie	𧄧
tdr	cangjie	莕
tdrd	cangjie	𦹂
tdsr	cangjie	藲
tdte	cangjie	𧁒
tdw	cangjie	菄
tdwf	cangjie	萰
teae	cangjie	䕕
teah	cangjie	蕩
teap	cangjie	𦹲
teat	cangjie	蕰
teav	cangjie	䔽
tebd	cangjie	𦷰
tebm	cangjie	菹
tebv	cangjie	𦷪
tec	cangjie	鑿
ted	cangjie	莯
tede	cangjie	菠
tefd	cangjie	糳
tefh	cangjie	莎
tege	cangjie	蔆
teha	cangjie	萡
tehl	cangjie	䓅
tehp	cangjie	𦿞
tehr	cangjie	落萿𦶡
teht	cangjie	蘯
tehv	cangjie	蒎
tehw	cangjie	藩
teib	cangjie	蒲
teii	cangjie	薄
teir	cangjie	菭
teiv	cangjie	蒗
teln	cangjie	劐
telu	cangjie	莐
tem	cangjie	茳
temf	cangjie	薸
temj	cangjie	萍藫
temn	cangjie	𦭑
temr	cangjie	菏
tene	cangjie	莈
teod	cangjie	蒤
teom	cangjie	虃
teon	cangjie	蕍
teot	cangjie	蒞
teoy	cangjie	𦷫
tepa	cangjie	𦴥
teqb	cangjie	蔳
terd	cangjie	藻
tesd	cangjie	蕖
tese	cangjie	蓡
tesr	cangjie	菬
tess	cangjie	菃
tesu	cangjie	范
tetc	cangjie	葓
tett	cangjie	蓱
tewb	cangjie	蕅
tewj	cangjie	䕪
tewt	cangjie	薀
teyb	cangjie	薃
teye	cangjie	蔋
teyp	cangjie	𦴢
teyr	cangjie	𦹃
teyt	cangjie	𦲷
teyu	cangjie	蓅
teyv	cangjie	茫
tf	cangjie	苂
tfa	cangjie	㬫
tfaj	cangjie	蔊
tfb	cangjie	莦
tfbk	cangjie	蔽
tfbn	cangjie	萷
tff	cangjie	菼
tfff	cangjie	藀
tfk	cangjie	𡙡
tfkc	cangjie	蘱
tfku	cangjie	虌
tfmc	cangjie	薠
tfmu	cangjie	茪
tfnl	cangjie	酀
tfpi	cangjie	䓎
tfqu	cangjie	菤
tfyj	cangjie	𦻐
tg	cangjie	芏𦍌
tgb	cangjie	苒
tgbt	cangjie	盖
tgbuu	cangjie	觀
tgce	cangjie	菱
tgdi	cangjie	對
tgea	cangjie	𧅥
tgeno	cangjie	羨
tgf	cangjie	羔
tgfo	cangjie	羮
tgftk	cangjie	羹
tgg	cangjie	茥
tggi	cangjie	葑蓺
tggu	cangjie	蕘
tghaf	cangjie	鸛
tghds	cangjie	羲
tghi	cangjie	羗𦍑
tghml	cangjie	𣂷𣂼
tghni	cangjie	飌
tghqi	cangjie	義
tghu	cangjie	羌
tgif	cangjie	爇
tgii	cangjie	藝
tgimo	cangjie	羡
tgine	cangjie	羕
tgit	cangjie	蓋
tgje	cangjie	蕔
tgji	cangjie	蓻
tgk	cangjie	美
tgks	cangjie	勸
tglln	cangjie	羛
tglmi	cangjie	𧕴
tgmbc	cangjie	顴
tgmj	cangjie	𦱾
tgni	cangjie	薵
tgnl	cangjie	酄
tgno	cangjie	歡羑莰
tgobo	cangjie	臡
tgow	cangjie	薔
tgp	cangjie	恙戁
tgpm	cangjie	荺
tgq	cangjie	𢺋
tgr	cangjie	䓀
tgrg	cangjie	薹
tgrr	cangjie	䕒
tgsk	cangjie	蔜
tgte	cangjie	薣
tgtr	cangjie	善
tgv	cangjie	姜
tgwc	cangjie	藚
tgyr	cangjie	𦹷
tgyv	cangjie	蘾
thaa	cangjie	藠
thae	cangjie	葲𧄦
thaf	cangjie	蔦蘤
thag	cangjie	葟
thai	cangjie	菂
thau	cangjie	葩
thbh	cangjie	虋
thbk	cangjie	薁
thbu	cangjie	首
thcn	cangjie	藰
thda	cangjie	萫
thdb	cangjie	蕱
thdd	cangjie	䔉
thde	cangjie	薐
thdf	cangjie	萩
thdg	cangjie	𦻓
thdh	cangjie	菞蕛
thdm	cangjie	蒩
thdn	cangjie	莉
thds	cangjie	莠
thdv	cangjie	萎藒
thdw	cangjie	蕃
thej	cangjie	莑
ther	cangjie	茖
they	cangjie	苳
thfs	cangjie	蘍
thg	cangjie	𦯀
thgf	cangjie	薰
thhaf	cangjie	鶜
thhc	cangjie	蕦
thhd	cangjie	蔾
thhe	cangjie	藜
thhj	cangjie	萆
thhl	cangjie	茆𦺄
thhq	cangjie	𦺙
thi	cangjie	蒐
thj	cangjie	芊
thjd	cangjie	孽糵茱蘖
thje	cangjie	葮
thjg	cangjie	董
thjm	cangjie	菙
thjo	cangjie	躠
thjr	cangjie	䒷
thk	cangjie	芺
thkb	cangjie	蕎
thkp	cangjie	菾
thlb	cangjie	萭
thlf	cangjie	蘌
thlo	cangjie	𦲽
thmb	cangjie	蘬
thml	cangjie	芹
thmr	cangjie	茩
thmy	cangjie	𦭐
thnd	cangjie	䔧
thne	cangjie	芟
thni	cangjie	芃
thod	cangjie	蒣
thoe	cangjie	蕧
thok	cangjie	薇藢𦱿𧃸
thol	cangjie	蓹
thon	cangjie	荇葕蘅𦸇
thoo	cangjie	蓏蓗蓯蓰
thoq	cangjie	葎
thpl	cangjie	茚
thpm	cangjie	茋
thqi	cangjie	莪
thqm	cangjie	苼
thqo	cangjie	苵
thqu	cangjie	芼
thrb	cangjie	蒒
thrj	cangjie	薛
ths	cangjie	苲
thsb	cangjie	菺萹
thse	cangjie	蒑
thsk	cangjie	薂
thsu	cangjie	蔰
thup	cangjie	蒠
thvi	cangjie	蘶
thvl	cangjie	䒢
thvo	cangjie	苽
thvp	cangjie	芪
thvu	cangjie	蔸
thwp	cangjie	蓖蔥
thxc	cangjie	藇
thxf	cangjie	蕮
thxo	cangjie	萸
thxu	cangjie	萖
thye	cangjie	蒰
thyn	cangjie	𦶢
tiav	cangjie	莨
tibi	cangjie	蒪
tic	cangjie	𨮝
tice	cangjie	荾
tidd	cangjie	蔴
tidf	cangjie	䕷
tidq	cangjie	藦
tidr	cangjie	蘑
tidy	cangjie	蘼
tifm	cangjie	䔃
tih	cangjie	茂
tihaf	cangjie	鷀鷷
tihc	cangjie	蕆
tihi	cangjie	荗
tihm	cangjie	菧
tihr	cangjie	葴蒧
tihs	cangjie	荿
tihv	cangjie	葳
tiib	cangjie	蓢
tiih	cangjie	蔘
tiit	cangjie	𦾟
tij	cangjie	茙
tijb	cangjie	莆
tije	cangjie	莍
tikf	cangjie	蒍
tikk	cangjie	茇
tikt	cangjie	莽
tiku	cangjie	𦬓
tilo	cangjie	菮
tilr	cangjie	蓎
time	cangjie	蓤
timo	cangjie	茨
tims	cangjie	藏
tino	cangjie	芝
tioc	cangjie	薋
tip	cangjie	懟芅
tipd	cangjie	蘪
tipf	cangjie	藨
tir	cangjie	苔
tird	cangjie	葈
tis	cangjie	芦
tist	cangjie	𦼦
titb	cangjie	蓆
titc	cangjie	薕
titf	cangjie	蔗
tixf	cangjie	薦
tixp	cangjie	蔍
tj	cangjie	卅
tjam	cangjie	靼
tjamo	cangjie	鞮
tjapv	cangjie	鞨
tjau	cangjie	靶
tjav	cangjie	鞎
tjavf	cangjie	韅
tjb	cangjie	芾
tjbc	cangjie	蒖
tjbd	cangjie	荸
tjbhx	cangjie	鞱
tjbj	cangjie	萳
tjbm	cangjie	萓靻
tjck	cangjie	葖
tjcn	cangjie	藭
tjcr	cangjie	蓉
tjd	cangjie	苿
tjdhe	cangjie	鞁
tjdj	cangjie	靺
tjds	cangjie	葧
tje	cangjie	芰
tjea	cangjie	鞜
tjef	cangjie	蘻
tjfb	cangjie	鞘
tjfbg	cangjie	鞺
tjfbr	cangjie	鞝
tjfq	cangjie	靽
tjgg	cangjie	鞋
tjgr	cangjie	鞊
tjgwc	cangjie	韇
tjhaf	cangjie	鷨
tjhd	cangjie	鞂
tjhdf	cangjie	鞦
tjhhj	cangjie	鞞
tjhkb	cangjie	鞽
tjhml	cangjie	靳
tjhr	cangjie	𦴦
tjii	cangjie	蓴
tjip	cangjie	蕙
tjixf	cangjie	韀
tjjcm	cangjie	鞚
tjjj	cangjie	蓒
tjjl	cangjie	蔪
tjjv	cangjie	鞍
tjka	cangjie	著
tjkp	cangjie	荖
tjks	cangjie	勒
tjlbk	cangjie	鞅
tjlmo	cangjie	鞉
tjlo	cangjie	萐
tjlv	cangjie	萋
tjlwv	cangjie	鞻
tjmc	cangjie	蔩𧅤
tjmd	cangjie	荢
tjme	cangjie	蔻
tjmj	cangjie	靬
tjmm	cangjie	萱
tjmn	cangjie	苧靪
tjmo	cangjie	萣
tjmr	cangjie	菪
tjmu	cangjie	莞靰
tjmv	cangjie	𦸅
tjmwm	cangjie	韁
tjnau	cangjie	鞔
tjncr	cangjie	韂
tjnhd	cangjie	鞣
tjnhe	cangjie	靸
tjni	cangjie	鞃
tjnkq	cangjie	鞬
tjnl	cangjie	鄿靷
tjnu	cangjie	菀
tjoa	cangjie	蓿
tjoin	cangjie	靲
tjomk	cangjie	鞭
tjomr	cangjie	鞈
tjomt	cangjie	鞥
tjop	cangjie	靴
tjpa	cangjie	蓍
tjpfd	cangjie	鞠
tjpi	cangjie	靮
tjpn	cangjie	薴
tjpru	cangjie	鞄
tjpt	cangjie	靾
tjptd	cangjie	鞢
tjpu	cangjie	蔤
tjpyr	cangjie	鞫
tjqp	cangjie	藼
tjqyt	cangjie	鞡
tjr	cangjie	苦
tjrb	cangjie	葫鞙
tjrr	cangjie	菅
tjshi	cangjie	靭
tjshr	cangjie	鞀
tjsk	cangjie	靱
tjtc	cangjie	蕡
tjthb	cangjie	鞴
tjtif	cangjie	韉
tjtmj	cangjie	鞾
tjtoe	cangjie	韄
tjtor	cangjie	鞳
tjtq	cangjie	藆
tjttb	cangjie	鞲
tjtwm	cangjie	韈
tjv	cangjie	荌
tjvii	cangjie	鞿
tjvis	cangjie	靿
tjwj	cangjie	莗
tjwk	cangjie	鞇
tjwtj	cangjie	鞸
tjydl	cangjie	鞹
tjygq	cangjie	韃
tjymu	cangjie	韆
tjyrd	cangjie	鞟
tjytr	cangjie	鞛
tk	cangjie	艾
tkce	cangjie	蔱
tkd	cangjie	檠
tke	cangjie	苃
tkhaf	cangjie	鴱鶧𪅐𪆴
tkhf	cangjie	荻
tkhg	cangjie	莥
tkhi	cangjie	藱
tkhr	cangjie	𦸒
tkhw	cangjie	蕕
tkit	cangjie	葢
tkjt	cangjie	莾
tkkb	cangjie	莃
tkld	cangjie	荐
tklg	cangjie	茬
tklmi	cangjie	蟼
tklu	cangjie	菴
tkmf	cangjie	萘
tkmr	cangjie	䓫
tkms	cangjie	荂
tkn	cangjie	艽荑
tkni	cangjie	芄
tknl	cangjie	䣐鄚鄭
tkok	cangjie	蒺
tkoo	cangjie	莢
tkp	cangjie	憼
tkpb	cangjie	蔕
tkq	cangjie	擎
tkr	cangjie	若
tkrp	cangjie	惹
tks	cangjie	艻
tksc	cangjie	苏
tksqf	cangjie	驚
tksr	cangjie	茄
tkss	cangjie	荔
tkymr	cangjie	警
tlb	cangjie	芇
tlbk	cangjie	英
tlbo	cangjie	㒼
tlbr	cangjie	萜
tlj	cangjie	革
tlkf	cangjie	𩤯𪃳
tllmi	cangjie	蟴
tlln	cangjie	茀
tlmc	cangjie	蕢
tlmi	cangjie	茧
tlmm	cangjie	韮
tlmt	cangjie	藎
tlmy	cangjie	菲
tlpf	cangjie	㷼燕鷰
tlqm	cangjie	堇
tlvk	cangjie	藪
tlw	cangjie	苖
tlwc	cangjie	黄
tlwv	cangjie	蔞
tlx	cangjie	蕭
tlyk	cangjie	𦻔
tm	cangjie	甘
tmam	cangjie	荁
tmbb	cangjie	薷
tmbg	cangjie	藿
tmbi	cangjie	蕓蕶
tmbk	cangjie	䓴
tmbl	cangjie	荋
tmbm	cangjie	䖅
tmbr	cangjie	蘦虂
tmbuu	cangjie	覲
tmbw	cangjie	蕾
tmcw	cangjie	茜莤
tmd	cangjie	某芋
tmdm	cangjie	藶
tmf	cangjie	芣
tmfb	cangjie	薾
tmff	cangjie	蒜
tmfj	cangjie	苹
tmfm	cangjie	苤
tmgf	cangjie	蘸
tmgn	cangjie	菿薽
tmgr	cangjie	蘁
tmhf	cangjie	蒝
tmhg	cangjie	蕥
tmhml	cangjie	斳
tmig	cangjie	荎
tmjo	cangjie	𦮖
tmks	cangjie	勤
tmlb	cangjie	𦲸
tmlm	cangjie	菫
tmmc	cangjie	其
tmmi	cangjie	芸
tmms	cangjie	葝
tmmu	cangjie	芫
tmmv	cangjie	甚
tmn	cangjie	艼
tmnf	cangjie	𦶣
tmnh	cangjie	薚
tmnj	cangjie	茿
tmnl	cangjie	邯鄞
tmnm	cangjie	薤
tmnn	cangjie	茢
tmnr	cangjie	苛
tmnv	cangjie	蒆薞
tmoa	cangjie	藸
tmob	cangjie	苪
tmom	cangjie	蕤
tmoo	cangjie	莁
tmpg	cangjie	塟
tmpt	cangjie	葬
tmrb	cangjie	蒚
tmrm	cangjie	䕢
tmrr	cangjie	藞
tmrt	cangjie	荳
tmrw	cangjie	葍
tmsu	cangjie	苊
tmtj	cangjie	華
tmtn	cangjie	荊
tmto	cangjie	蕨
tmue	cangjie	𦷜
tmvh	cangjie	芽
tmvi	cangjie	蓐
tmvm	cangjie	莖
tmwc	cangjie	黃
tmwf	cangjie	蔈
tmwj	cangjie	蕈
tmwm	cangjie	薑
tmwt	cangjie	𧂯
tmwv	cangjie	葽
tmy	cangjie	芐
tmyf	cangjie	蔫
tmym	cangjie	𦭒
tmymu	cangjie	齹
tn	cangjie	艺芎
tnau	cangjie	莬
tnbc	cangjie	萯
tnbe	cangjie	藑
tnbq	cangjie	薢
tncr	cangjie	薝
tnd	cangjie	芓
tndf	cangjie	蓀
tndo	cangjie	菰
tndt	cangjie	䓝
tndu	cangjie	芤
tnef	cangjie	蒸
tnfd	cangjie	蘇
tnfn	cangjie	薊
tnfq	cangjie	蘚
tnhd	cangjie	葇
tnhe	cangjie	芨
tnhs	cangjie	艿蓩
tnhx	cangjie	萏
tni	cangjie	苰
tnih	cangjie	茅
tnii	cangjie	蔃
tnin	cangjie	芧茤
tniq	cangjie	荈
tnir	cangjie	茗
tniu	cangjie	苑
tniv	cangjie	蕵
tnkg	cangjie	莛
tnkm	cangjie	莚
tnlc	cangjie	藬
tnld	cangjie	蒢
tnle	cangjie	䔖
tnlh	cangjie	苐
tnli	cangjie	䕃蔭
tnlm	cangjie	蕯薩
tnlp	cangjie	蘟𦻕
tnlu	cangjie	𦶤
tnlw	cangjie	蔯
tnmm	cangjie	蒻
tnmu	cangjie	蔬
tnnc	cangjie	蕷
tnnl	cangjie	鄸
tno	cangjie	芡
tnok	cangjie	葵
tnoo	cangjie	𦴧
tnsj	cangjie	葞
tnst	cangjie	萾
tntg	cangjie	虇
tnue	cangjie	菡
tnui	cangjie	菟
tnup	cangjie	葾
tnus	cangjie	葂
toav	cangjie	艱
tob	cangjie	芮
tobg	cangjie	蒮
tod	cangjie	茠茶
todi	cangjie	苻
tof	cangjie	苶
tog	cangjie	茌萑雈
togf	cangjie	蕉
togx	cangjie	舊
tohaf	cangjie	鸏
tohg	cangjie	荏
tohj	cangjie	𦭛
tohqu	cangjie	氋
tohs	cangjie	莋
toi	cangjie	茷
toiav	cangjie	養
toie	cangjie	葰
toii	cangjie	苓
toik	cangjie	茯
toin	cangjie	芩
toip	cangjie	菍
toir	cangjie	蒼
tokf	cangjie	蘩
tokg	cangjie	薙
tokp	cangjie	𧁋
tol	cangjie	茽
tolb	cangjie	蓨
told	cangjie	蓧
tolh	cangjie	蓚
tolk	cangjie	莜
toll	cangjie	芥
toma	cangjie	薈
tomb	cangjie	菕蘥
tomd	cangjie	荼
tomg	cangjie	荃
tomm	cangjie	芢
tomn	cangjie	芞萮
tomo	cangjie	薟
tomr	cangjie	荅荷
tomt	cangjie	葊
tonk	cangjie	葔
tono	cangjie	歎
tonwf	cangjie	鯗
tooe	cangjie	蓌
toog	cangjie	莝難
took	cangjie	蘞
toom	cangjie	葅
top	cangjie	花
toqb	cangjie	蒨
tord	cangjie	葆
tose	cangjie	葠
tosr	cangjie	𦴨
totf	cangjie	蕪
totv	cangjie	𧁓
tou	cangjie	苮
touk	cangjie	蒛
towy	cangjie	莓
toym	cangjie	𦮳
toyr	cangjie	蓓𦴩
toyt	cangjie	莅
toyv	cangjie	𦲤
tp	cangjie	芯
tpa	cangjie	荀𦮂
tpdc	cangjie	蘔
tpfd	cangjie	菊
tph	cangjie	苾
tphh	cangjie	芴
tphp	cangjie	䓤
tpi	cangjie	芍芶
tpib	cangjie	葡
tpir	cangjie	𦲀
tpko	cangjie	薿
tpkp	cangjie	葱
tpmw	cangjie	蔔
tpou	cangjie	萄
tpp	cangjie	芘
tppa	cangjie	蒈
tppd	cangjie	蘂
tppp	cangjie	蕊
tpr	cangjie	苟茍
tpru	cangjie	苞
tpt	cangjie	𦭓
tptd	cangjie	葉
tpu	cangjie	芚
tpua	cangjie	萅
tpuu	cangjie	蒭
tpyv	cangjie	蘹𦮝
tq	cangjie	⺶羊𦍋
tqapv	cangjie	羯
tqau	cangjie	羓
tqbd	cangjie	𧂮
tqbu	cangjie	着
tqcsh	cangjie	羒
tqda	cangjie	藉
tqdb	cangjie	藕
tqdi	cangjie	𦶮𧂭
tqfh	cangjie	莏
tqhaf	cangjie	鴹
tqhdw	cangjie	羳
tqhhh	cangjie	羏
tqhk	cangjie	葜
tqhne	cangjie	羖
tqhpm	cangjie	羝
tqhr	cangjie	葀
tqib	cangjie	蒱
tqice	cangjie	羧
tqihr	cangjie	羬
tqij	cangjie	羢
tqik	cangjie	菝
tqixe	cangjie	羻
tqj	cangjie	䒠
tqjm	cangjie	蔧
tqjmn	cangjie	羜
tqjmu	cangjie	羦
tqjtc	cangjie	羵
tqka	cangjie	萶
tqkd	cangjie	蓁
tqkn	cangjie	羠
tqkq	cangjie	菶
tqlmo	cangjie	䍮
tqlw	cangjie	菗
tqm	cangjie	差
tqmb	cangjie	菁
tqmbb	cangjie	羺
tqmhf	cangjie	羱
tqmvm	cangjie	羥
tqng	cangjie	羞
tqo	cangjie	芙
tqog	cangjie	蓷
tqoii	cangjie	羚
tqomn	cangjie	羭
tqomo	cangjie	羷
tqpu	cangjie	菢
tqqo	cangjie	荴
tqrd	cangjie	𧂈
tqsmm	cangjie	翔
tqsr	cangjie	萔
tqsyq	cangjie	𦎾
tqtqq	cangjie	羴
tqumf	cangjie	羰
tqwj	cangjie	蘀
tqyt	cangjie	菈
tqywm	cangjie	羶
tr	cangjie	𦬅
trhr	cangjie	莒
trjd	cangjie	菋
trji	cangjie	蕺
trjl	cangjie	蘄
trln	cangjie	剳
trlr	cangjie	苢
trmr	cangjie	蕗
trnl	cangjie	鄀鄯
trog	cangjie	蓶
trok	cangjie	敬
tron	cangjie	荶
trrg	cangjie	雚
trrj	cangjie	蕇
trrr	cangjie	虈
trrs	cangjie	萼蕚
trsj	cangjie	葺
tru	cangjie	𦬊
trvp	cangjie	苠
trye	cangjie	葭
tsem	cangjie	蘙
tseo	cangjie	藂
tsfi	cangjie	蔚
tsh	cangjie	芀
tshh	cangjie	茘
tshr	cangjie	苕
tsic	cangjie	蕻
tsip	cangjie	荵藯
tsiq	cangjie	蕼
tsit	cangjie	藍
tsj	cangjie	茸
tsja	cangjie	蘵
tsjd	cangjie	蘗
tsje	cangjie	菆
tsjl	cangjie	𦳃
tsk	cangjie	芛
tskr	cangjie	莙
tsle	cangjie	菣
tsll	cangjie	茝茞
tsmg	cangjie	䒰藋
tsmh	cangjie	蓼
tsmi	cangjie	蕁
tsmj	cangjie	䕜
tsmv	cangjie	萇
tso	cangjie	𦬨
tsp	cangjie	懃苨
tsql	cangjie	𦰡
tsrf	cangjie	蔒
tsrj	cangjie	薜
tsrr	cangjie	蓲
tss	cangjie	苣
tsu	cangjie	芑
tt	cangjie	井卌并
ttbn	cangjie	葥
ttc	cangjie	並
ttcf	cangjie	藄
ttcg	cangjie	蘣蘳𦸀
ttcl	cangjie	䔮
ttcnh	cangjie	豑
ttgb	cangjie	冓
ttgf	cangjie	蓔
ttgi	cangjie	薱
tthaf	cangjie	鵧鷁
tti	cangjie	丼
ttjd	cangjie	蘜
ttlm	cangjie	蓳
ttm	cangjie	苷
ttmbc	cangjie	頩
ttmc	cangjie	萁
ttmd	cangjie	𦳑
ttmv	cangjie	葚
ttmvn	cangjie	瓶
ttnau	cangjie	艵艶
ttnl	cangjie	郱
ttq	cangjie	𦭵
ttqm	cangjie	蒫
ttshi	cangjie	刱剙
ttt	cangjie	荓
ttub	cangjie	蒴
ttvb	cangjie	蘛
ttwa	cangjie	蓸
ttwi	cangjie	䔿
ttwli	cangjie	蠲
ttxc	cangjie	蒹
tub	cangjie	朔
tuirm	cangjie	馘
tujt	cangjie	蘴
tuu	cangjie	茁
tvfa	cangjie	𦻖
tvff	cangjie	蕬
tvfh	cangjie	䔋尠蒶𦯷
tvfi	cangjie	葤葯
tvfm	cangjie	葒
tvfp	cangjie	𧄉
tvfr	cangjie	𦹄𦿟
tvft	cangjie	蘊
tvfu	cangjie	蒓蕝
tvfv	cangjie	䕑
tvfy	cangjie	蔠
tvhi	cangjie	𦶥
tvhl	cangjie	薌
tvi	cangjie	戡
tvid	cangjie	孳孶藥
tvif	cangjie	鶿
tvii	cangjie	兹茲
tvio	cangjie	苡
tvip	cangjie	慈慈
tvis	cangjie	苭
tvjd	cangjie	𦳀
tvjr	cangjie	菇
tvju	cangjie	𦹅
tvks	cangjie	勘
tvlk	cangjie	荍
tvmg	cangjie	莊
tvmi	cangjie	药蔣薅
tvmw	cangjie	葘蘠
tvne	cangjie	菉
tvno	cangjie	歁
tvr	cangjie	茹
tvrf	cangjie	蕠
tvrq	cangjie	蒘
tvsl	cangjie	𦶦
tvsp	cangjie	𦲁
tvuk	cangjie	𦾡
tvvv	cangjie	葌
tvvw	cangjie	菑
tvyj	cangjie	斟
tvyv	cangjie	𦴣
tw	cangjie	曲苗
twa	cangjie	曹
twbi	cangjie	蠆
twbo	cangjie	躉𧄌
twcb	cangjie	莔
twd	cangjie	菓
twdi	cangjie	尊
twfu	cangjie	蔨
twhaf	cangjie	鶓
twhd	cangjie	菌
twik	cangjie	猷
twiku	cangjie	𨠫
twim	cangjie	蔮
twk	cangjie	奠茵
twkp	cangjie	蒽
twks	cangjie	莮
twla	cangjie	薯
twlb	cangjie	萬
twlc	cangjie	蕒
twle	cangjie	蘉
twlg	cangjie	蘿
twli	cangjie	蔑薎
twlii	cangjie	蠤
twln	cangjie	夢甍藅蘮
twlp	cangjie	薨藣
twlu	cangjie	瞢
twmmv	cangjie	農
twmrt	cangjie	豊
twmv	cangjie	葨
two	cangjie	苬
twp	cangjie	葸
twr	cangjie	茴
twtj	cangjie	蓽
twv	cangjie	𦮗
twvf	cangjie	蔂
twwf	cangjie	虆
twwg	cangjie	蘲
twww	cangjie	藟
twyi	cangjie	苺
txc	cangjie	兼
tyaj	cangjie	䓬
tybb	cangjie	蒂薖
tybg	cangjie	蘺
tybo	cangjie	藃
tybp	cangjie	蘢
tybs	cangjie	蒡
tycb	cangjie	蔏蔐
tycj	cangjie	𧅵
tyck	cangjie	茭
tycu	cangjie	萒
tycv	cangjie	蔉𦶧
tydk	cangjie	䔻
tydl	cangjie	薪
tydo	cangjie	藗
tydu	cangjie	藽
tyfd	cangjie	蒾
tyfe	cangjie	菽
tygq	cangjie	薘
tygv	cangjie	薳
tyhc	cangjie	蘋
tyhj	cangjie	蓬
tyhn	cangjie	苀
tyhs	cangjie	芳
tyib	cangjie	𦱀
tyiu	cangjie	茺
tyjj	cangjie	蓮
tyk	cangjie	芠
tylm	cangjie	芷蕋
tymh	cangjie	薉
tymo	cangjie	蓫
tymp	cangjie	茈
tynb	cangjie	蓪
tyoe	cangjie	藙
tyog	cangjie	𦻗
tyoj	cangjie	萃
type	cangjie	𧃍
typf	cangjie	䔝
typm	cangjie	蔖
typp	cangjie	藘
typt	cangjie	蘆
tyr	cangjie	苫
tyra	cangjie	藷
tyrb	cangjie	蒿𧀎
tyrd	cangjie	藁
tyre	cangjie	蔎蕸蘐𦻑
tyrl	cangjie	蔀
tyrn	cangjie	葶
tyrp	cangjie	薧
tyrv	cangjie	藹蘘
tysd	cangjie	葹
tysk	cangjie	蔟
tysm	cangjie	虀
tyso	cangjie	蔙
tysp	cangjie	𦴪
tysy	cangjie	菸
tyt	cangjie	苙
tyta	cangjie	萻
tytb	cangjie	𦽴
tytg	cangjie	蕫
tyti	cangjie	𦲂𦵑
tytj	cangjie	莘
tytp	cangjie	薏
tytr	cangjie	菩蒟
tytv	cangjie	菨
tyue	cangjie	𡖂䕫
tyv	cangjie	芒
tyvg	cangjie	蕹
tyvo	cangjie	荄
tyvp	cangjie	莣
tyvu	cangjie	荒
tyvw	cangjie	蓄
tywi	cangjie	蓾
tywv	cangjie	蓑
tyx	cangjie	薺
tyy	cangjie	苄
tyyb	cangjie	藡
tyyo	cangjie	蘧
u	cangjie	山
uahu	cangjie	嵋
uamh	cangjie	崵
uamo	cangjie	崼
uana	cangjie	𡼏
uapp	cangjie	崐崑
uapv	cangjie	嵑
uau	cangjie	岜
uav	cangjie	峎
ubb	cangjie	崩
ubcn	cangjie	崱
ubln	cangjie	剬剻
ubm	cangjie	岨
ubmbc	cangjie	顓
ubme	cangjie	嵈
ubmr	cangjie	峒
ubnl	cangjie	酅
ubno	cangjie	歂
ubsd	cangjie	崢
ubtu	cangjie	崗
ubuu	cangjie	峴𡷹
uc	cangjie	崟崯
ucno	cangjie	嶔
ucor	cangjie	峪
ucwa	cangjie	嶒
udam	cangjie	嵖
udci	cangjie	崧
udhe	cangjie	岥
udmq	cangjie	𡺨
udoo	cangjie	崍
udsmg	cangjie	糶
udw	cangjie	崠崬
udyg	cangjie	嵀
ue	cangjie	凼
ufb	cangjie	峭
ufcb	cangjie	嵴
ufdq	cangjie	嶙
uffd	cangjie	嶸
uffr	cangjie	巆
uffs	cangjie	嶗
ufgi	cangjie	巀
ufok	cangjie	𪑛
ufua	cangjie	𡾡
ugce	cangjie	崚
ugdi	cangjie	峙
uggi	cangjie	崶
uggu	cangjie	嶢嶤
ugni	cangjie	嶹
ugno	cangjie	崁
uh	cangjie	匕
uha	cangjie	岶
uhaf	cangjie	嶋
uhag	cangjie	崲
uhaj	cangjie	㟸
uhdj	cangjie	嵙
uhdp	cangjie	嵊
uhdv	cangjie	崣
uhdw	cangjie	嶓
uhe	cangjie	岅
uhej	cangjie	峯峰
uher	cangjie	峈峉
uhey	cangjie	峂
uhhj	cangjie	崥
uhhl	cangjie	峁
uhhw	cangjie	嵧
uhi	cangjie	嵬
uhk	cangjie	岆
uhkb	cangjie	嶠
uhmb	cangjie	巋
uhml	cangjie	岓
uhnb	cangjie	𡶺
uhni	cangjie	嵐𡺤
uhnk	cangjie	岚
uhok	cangjie	嶶𡽪
uhoo	cangjie	嵷
uhoq	cangjie	嵂
uhpa	cangjie	崏
uhqi	cangjie	峨峩
uhrf	cangjie	嵨
uhrj	cangjie	嶭
uhs	cangjie	岝岞
uhuc	cangjie	巑
uhud	cangjie	嵲
uhvi	cangjie	巍
uhxc	cangjie	嶼
uiav	cangjie	崀
uice	cangjie	峻
uihf	cangjie	𡻕
uihh	cangjie	嵗
uihr	cangjie	嵅
uihs	cangjie	峸𡷫
uihv	cangjie	崴
uiih	cangjie	嵾
uijb	cangjie	峬
uilr	cangjie	嵣
uimo	cangjie	𡷑
uip	cangjie	鬯
ujbm	cangjie	𡸜𡸽
ujc	cangjie	岤
ujcc	cangjie	巔
ujcm	cangjie	崆
ujcr	cangjie	嵱
ujd	cangjie	櫱
uje	cangjie	岐
ujfd	cangjie	糱
ujjl	cangjie	嶄
ujkp	cangjie	峔
ujlmi	cangjie	蠥
ujlo	cangjie	崨
ujmf	cangjie	崇
ujmrt	cangjie	豐
ujnd	cangjie	孼
ujp	cangjie	岮
ujr	cangjie	岵
ujv	cangjie	峖
uk	cangjie	凶
ukb	cangjie	峟
ukcf	cangjie	嶚
ukg	cangjie	峚
ukhk	cangjie	嶽
ukhu	cangjie	兇
ukjj	cangjie	輋
ukkb	cangjie	崤
uklu	cangjie	崦
ukmr	cangjie	崎
ukn	cangjie	峓
ukoo	cangjie	峽
ukpb	cangjie	嵽
uks	cangjie	屴
uksr	cangjie	𡶐
ul	cangjie	屮屮
ulbk	cangjie	岟
ulln	cangjie	岪
ulw	cangjie	岫
ulwv	cangjie	嶁
umam	cangjie	峘
umbc	cangjie	崸
umbl	cangjie	峏耑
umbs	cangjie	嶀
umf	cangjie	炭
umfm	cangjie	岯
umgg	cangjie	崕崖
umhf	cangjie	㟲
umig	cangjie	峌
umli	cangjie	蚩
ummj	cangjie	岸
ummr	cangjie	峿
ummu	cangjie	岏
umnc	cangjie	嵿
umnn	cangjie	峛
umnr	cangjie	㞹岢
umoo	cangjie	豳
umr	cangjie	岩
umrt	cangjie	豈
umt	cangjie	岍
umtb	cangjie	巁
umtj	cangjie	崋
umto	cangjie	嶡
umu	cangjie	屼
umua	cangjie	嶜
umvh	cangjie	岈
umwg	cangjie	𡺉
umwv	cangjie	崾
unbq	cangjie	嶰
unhe	cangjie	岋岌
unii	cangjie	嵹
unmu	cangjie	峗峞
unne	cangjie	凾
unot	cangjie	嶝
unqd	cangjie	嵥
unri	cangjie	巉
unsd	cangjie	峥
uog	cangjie	崔
uogb	cangjie	巂雟
uogf	cangjie	嶕
uogs	cangjie	嶲𡼕
uoic	cangjie	嶺
uoii	cangjie	岭岺
uoin	cangjie	岑岒
uoir	cangjie	嵢
uoll	cangjie	岕
uomb	cangjie	崘崙
uomg	cangjie	峑
uomn	cangjie	崳嵛
uomo	cangjie	嶮
uomr	cangjie	峆峇
uon	cangjie	屹
upa	cangjie	峋
uphh	cangjie	岉
upko	cangjie	嶷
upr	cangjie	岣
uqkd	cangjie	𡻈
uqmb	cangjie	崝
uqog	cangjie	嶊
urji	cangjie	嶯
urog	cangjie	嶉
urrk	cangjie	巖巗
urrs	cangjie	崿
uru	cangjie	𡵆
urvp	cangjie	岷
urytj	cangjie	辥
usfi	cangjie	嶎
ushi	cangjie	屻
ushr	cangjie	岧
usjr	cangjie	崌
uskr	cangjie	峮
usma	cangjie	嶍
usmh	cangjie	嵺
usp	cangjie	㞾
usrr	cangjie	嶇
uss	cangjie	岠
usu	cangjie	屺
usuu	cangjie	崛
utav	cangjie	嶱
utbuu	cangjie	覬
utcd	cangjie	嶪嶫
utcw	cangjie	崷
utgi	cangjie	嶬
utgit	cangjie	豔
utgs	cangjie	𡾞
uthn	cangjie	凱
uthni	cangjie	颽
uthv	cangjie	巕
utik	cangjie	獃
utln	cangjie	剴
utmbc	cangjie	顗
utmc	cangjie	𡸷
utmj	cangjie	㠏
utmo	cangjie	嵌
utmv	cangjie	嵁
utnau	cangjie	艷
utnl	cangjie	酆
utok	cangjie	敳
utqm	cangjie	嵯
utrg	cangjie	巏
utvi	cangjie	嵫
utwa	cangjie	嶆
utwi	cangjie	嶟
utwv	cangjie	嶩
utxc	cangjie	嵰
uu	cangjie	出屾艸
uuce	cangjie	嵕
uufd	cangjie	粜
uummf	cangjie	祟
uuok	cangjie	𣁋
uuu	cangjie	芔
uuuu	cangjie	茻
uuyhs	cangjie	芳
uvii	cangjie	幽
uvis	cangjie	岰
uvmi	cangjie	嶈
uvvw	cangjie	崰
uwjr	cangjie	崮
uwl	cangjie	岬
uwlb	cangjie	嵎
uwlj	cangjie	嶧
uwly	cangjie	嶵
uwp	cangjie	崽
uybb	cangjie	崹
uybk	cangjie	巘
uybp	cangjie	巃
uyhh	cangjie	嵃
uyhm	cangjie	嵼
uyoj	cangjie	崒
uypt	cangjie	㠠
uyrb	cangjie	嵩
uyrd	cangjie	崞
uyrn	cangjie	嵉
uyro	cangjie	㠙
uysd	cangjie	崺
uyt	cangjie	岦
uyti	cangjie	巇
uytj	cangjie	峷嶂
uyvo	cangjie	峐
v	cangjie	女
vaa	cangjie	娼
vab	cangjie	𡝭
vabu	cangjie	媢
vahm	cangjie	𡟙
vahu	cangjie	媚
vam	cangjie	妲
vamh	cangjie	婸
vamo	cangjie	媞
vana	cangjie	𡢃
vanb	cangjie	嫺
vand	cangjie	嫻
vank	cangjie	𡢄
vanw	cangjie	孄
vapp	cangjie	婫
vawe	cangjie	嫚
vayf	cangjie	𡡡
vbac	cangjie	嫇
vbbe	cangjie	嬡
vbbq	cangjie	𡡞
vbbr	cangjie	媧
vbcv	cangjie	孆
vbd	cangjie	婇
vbgb	cangjie	㛵
vbgr	cangjie	婤
vbhg	cangjie	婬
vbhx	cangjie	嫍
vbjj	cangjie	媈
vbkf	cangjie	㜣
vbm	cangjie	姐
vbme	cangjie	媛
vbmr	cangjie	姛
vbou	cangjie	媱
vbq	cangjie	𡛾
vbsd	cangjie	婙
vbt	cangjie	姍
vbuc	cangjie	㛝
vbuu	cangjie	娊
vbuv	cangjie	𡢞
vbv	cangjie	娞
vbwd	cangjie	𢑥
vby	cangjie	𡛓
vci	cangjie	妐
vcim	cangjie	𡟸
vcnh	cangjie	娣
vcru	cangjie	娧
vcsh	cangjie	妢
vdam	cangjie	㜁
vdd	cangjie	㛦
vddf	cangjie	𡢾
vddo	cangjie	𡢟
vdj	cangjie	妺
vdks	cangjie	勦
vdl	cangjie	娕
vdlc	cangjie	嬾
vdlk	cangjie	嫩
vdln	cangjie	剿
vdlo	cangjie	嫰
vdmf	cangjie	𡞫
vdmq	cangjie	媁
vdnl	cangjie	鄛
vdoo	cangjie	婡
vdr	cangjie	𡜺
vdwf	cangjie	媡
ve	cangjie	奴
vea	cangjie	㛥
vebt	cangjie	盝
vec	cangjie	𨥬
veks	cangjie	努
velb	cangjie	帑
veln	cangjie	剝
vemr	cangjie	砮
ven	cangjie	弩
vend	cangjie	孥
veobo	cangjie	胬
vep	cangjie	怒
veq	cangjie	拏
vesqf	cangjie	駑
vfa	cangjie	曫
vfabs	cangjie	𦄡
vfamo	cangjie	緹
vfaph	cangjie	緆
vfapp	cangjie	緄
vfase	cangjie	繓
vfawe	cangjie	縵
vfb	cangjie	娋
vfbb	cangjie	嫦綳
vfbbb	cangjie	縎
vfbbe	cangjie	綬
vfbbr	cangjie	緺
vfbcr	cangjie	綗
vfbcv	cangjie	纓
vfbd	cangjie	綵𡡢
vfbg	cangjie	𡠠
vfbgr	cangjie	綢
vfbhx	cangjie	縚
vfbjj	cangjie	緷
vfbm	cangjie	組
vfbme	cangjie	緩
vfbmr	cangjie	絧
vfbnd	cangjie	綒
vfbof	cangjie	縩
vfbr	cangjie	絅
vfbsh	cangjie	絼
vfbtu	cangjie	綱
vfbtv	cangjie	網
vfbu	cangjie	矕
vfbuh	cangjie	緲
vfbuo	cangjie	繉
vfbv	cangjie	綏𡣖
vfbw	cangjie	㜭
vfc	cangjie	鑾
vfcip	cangjie	総
vfcnh	cangjie	綈
vfcor	cangjie	綌
vfcsh	cangjie	紛
vfcwa	cangjie	繒
vfd	cangjie	欒
vfdbu	cangjie	緗
vfdd	cangjie	綝
vfdi	cangjie	紂
vfdl	cangjie	綀
vfdm	cangjie	絊
vfdmq	cangjie	緯
vfdq	cangjie	嫾
vfdv	cangjie	𡞱
vfdwf	cangjie	練
vfeed	cangjie	縔
vfeee	cangjie	綴
vff	cangjie	婒𤓖
vffb	cangjie	綃
vffbr	cangjie	緔
vffd	cangjie	嬫
vffdq	cangjie	繗
vfff	cangjie	緂
vffff	cangjie	𦇝
vffh	cangjie	紗
vffmu	cangjie	絖
vffq	cangjie	絆
vffqu	cangjie	綣
vfgce	cangjie	綾
vfgg	cangjie	絓
vfggu	cangjie	繞
vfgi	cangjie	紶
vfgr	cangjie	結
vfgrc	cangjie	纈
vfgrr	cangjie	繥
vfgwc	cangjie	續
vfh	cangjie	妙
vfhab	cangjie	綿
vfhae	cangjie	線
vfhaf	cangjie	鷥鸞𪆓
vfhce	cangjie	繌
vfhds	cangjie	綉
vfhdv	cangjie	緌
vfhdw	cangjie	繙
vfheq	cangjie	絳
vfher	cangjie	絡
vfhey	cangjie	終
vfhg	cangjie	紝
vfhgf	cangjie	纁
vfhhj	cangjie	綼
vfhj	cangjie	䊹
vfhjd	cangjie	絑
vfhje	cangjie	緞
vfhjg	cangjie	緟
vfhjm	cangjie	綞
vfhkb	cangjie	繑
vfhon	cangjie	絎
vfhoo	cangjie	縰縱
vfhor	cangjie	綹
vfhpa	cangjie	緍
vfhqo	cangjie	紩
vfhsb	cangjie	編
vfhsk	cangjie	綟繳
vfhuc	cangjie	纘
vfhvp	cangjie	紙
vfhwp	cangjie	總
vfibi	cangjie	縛
vfihr	cangjie	緘
vfii	cangjie	綫
vfiih	cangjie	縿
vfij	cangjie	絨
vfije	cangjie	絿
vfik	cangjie	紁紎
vfikk	cangjie	紱
vfiku	cangjie	紌
vfill	cangjie	絒
vfimo	cangjie	絘
vfir	cangjie	紿
vfirm	cangjie	緎
vfish	cangjie	𦆲
vfitc	cangjie	纊
vfiwg	cangjie	纏
vfjbc	cangjie	縝
vfjbd	cangjie	綍
vfjbj	cangjie	䋻
vfjcm	cangjie	𦁈
vfjii	cangjie	縳
vfjim	cangjie	纎
vfjip	cangjie	繐
vfjka	cangjie	緒
vfjlo	cangjie	緁
vfjlv	cangjie	緀
vfjmc	cangjie	縯繽
vfjmf	cangjie	綜
vfjmm	cangjie	縇
vfjmn	cangjie	紵𦅜
vfjmo	cangjie	綻
vfjmu	cangjie	綄
vfjnu	cangjie	綩
vfjoa	cangjie	縮
vfjp	cangjie	紽
vfjpn	cangjie	𦆭
vfjqr	cangjie	縖
vfjrr	cangjie	綰
vfjyj	cangjie	縡
vfk	cangjie	奱
vfkcf	cangjie	繚
vfki	cangjie	紘
vfkkb	cangjie	絺
vfkmr	cangjie	綺
vfkms	cangjie	絝
vfkn	cangjie	䊵
vfkni	cangjie	紈
vfkpb	cangjie	𦄂
vfks	cangjie	糼
vflbi	cangjie	𥿢
vflbk	cangjie	紻
vflbu	cangjie	紞
vflgm	cangjie	繣
vflll	cangjie	紃
vflln	cangjie	紼
vflmc	cangjie	繢
vflmi	cangjie	蠻
vflmo	cangjie	絩
vflmy	cangjie	緋
vflw	cangjie	紬
vflwl	cangjie	紳
vflwp	cangjie	絏
vflwv	cangjie	縷
vflx	cangjie	繡
vfm	cangjie	紅
vfma	cangjie	絔
vfmbb	cangjie	繻
vfmbe	cangjie	纋
vfmbi	cangjie	繧
vfmbk	cangjie	緛𦅙
vfmbm	cangjie	絚
vfmd	cangjie	紆
vfmf	cangjie	紑
vfmgk	cangjie	緻
vfmhf	cangjie	縓
vfmia	cangjie	縉
vfmig	cangjie	絰
vfmlb	cangjie	緉
vfmlk	cangjie	綆
vfmmi	cangjie	紜
vfmmp	cangjie	纚
vfmn	cangjie	糽
vfmre	cangjie	𦂥
vfmu	cangjie	姯
vfmvi	cangjie	縟
vfmvm	cangjie	經
vfmwf	cangjie	縹
vfmwg	cangjie	緾纒
vfmwl	cangjie	緬
vfmwm	cangjie	繮
vfn	cangjie	彎
vfnau	cangjie	絻
vfnbq	cangjie	繲
vfnd	cangjie	孿
vfng	cangjie	紐
vfnhb	cangjie	繘
vfnhd	cangjie	䋴
vfnhe	cangjie	級
vfnii	cangjie	繈
vfnin	cangjie	紓
vfnkf	cangjie	繺
vfnkg	cangjie	綎
vfnkm	cangjie	綖
vfnl	cangjie	紖
vfnob	cangjie	縃
vfnri	cangjie	纔
vfnst	cangjie	䋼
vfoae	cangjie	緮
vfob	cangjie	納
vfobo	cangjie	臠
vfodi	cangjie	紨
vfog	cangjie	維
vfohg	cangjie	絍
vfohh	cangjie	紾
vfoim	cangjie	纖
vfoin	cangjie	紟
vfoip	cangjie	𦁤
vfok	cangjie	變
vfold	cangjie	縧
vfoll	cangjie	紒
vfoma	cangjie	繪
vfomb	cangjie	綸
vfomg	cangjie	絟
vfomk	cangjie	緶
vfomn	cangjie	緰
vfomr	cangjie	給
vfon	cangjie	紇
vfonk	cangjie	緱
vfopd	cangjie	絁
vford	cangjie	緥
vfoto	cangjie	纀
vfp	cangjie	戀
vfpa	cangjie	絢
vfpi	cangjie	約
vfpmm	cangjie	緪
vfpou	cangjie	綯
vfpp	cangjie	紕
vfpr	cangjie	絇
vfpt	cangjie	紲
vfptd	cangjie	緤
vfpu	cangjie	純
vfpuu	cangjie	縐
vfq	cangjie	姅攣
vfqjl	cangjie	綁
vfqkd	cangjie	縥
vfqmb	cangjie	綪
vfqmc	cangjie	績
vfqmf	cangjie	縤
vfqu	cangjie	婘𡡀
vfr	cangjie	㘘轡
vfrb	cangjie	絹
vfrbc	cangjie	縜
vfrhr	cangjie	絽
vfrpa	cangjie	緡
vfrrd	cangjie	繰
vfrrj	cangjie	繟
vfrsj	cangjie	緝
vfrxu	cangjie	繩
vfshi	cangjie	紉
vfshr	cangjie	紹
vfshu	cangjie	絕
vfsit	cangjie	繿
vfsiu	cangjie	䌫
vfsje	cangjie	緅𦀩
vfsme	cangjie	綅
vfsmh	cangjie	繆
vfsmi	cangjie	𦅛
vfsp	cangjie	𥿡
vfstt	cangjie	𦂤
vfsu	cangjie	紀
vfswu	cangjie	纜
vftak	cangjie	縸
vftbk	cangjie	繖
vftct	cangjie	縊
vftcw	cangjie	緧
vftgr	cangjie	繕
vftlj	cangjie	緙
vftlk	cangjie	緓
vftm	cangjie	紺
vftmc	cangjie	綨
vftqm	cangjie	縒
vftt	cangjie	絣
vftwi	cangjie	繜
vftwv	cangjie	繷
vftxc	cangjie	縑
vfu	cangjie	巒
vfubb	cangjie	繃
vfuce	cangjie	緵
vfufk	cangjie	𦆮
vfuob	cangjie	纗
vfuog	cangjie	繀
vfuu	cangjie	絀
vfv	cangjie	孌
vfvif	cangjie	絲
vfvl	cangjie	糾
vfvne	cangjie	綠
vfvno	cangjie	緣
vfvvd	cangjie	繅
vfvvi	cangjie	繼
vfvvw	cangjie	緇
vfw	cangjie	細
vfwd	cangjie	綑
vfwgg	cangjie	纆
vfwk	cangjie	絪
vfwlg	cangjie	纙
vfwlj	cangjie	繹
vfwlv	cangjie	繯
vfwot	cangjie	縕
vfwp	cangjie	緦
vfwtj	cangjie	縪
vfwvf	cangjie	縲
vfyaj	cangjie	綽
vfybb	cangjie	締
vfybc	cangjie	緽
vfybs	cangjie	縍
vfyck	cangjie	絞
vfyg	cangjie	紸
vfygq	cangjie	繨
vfyhj	cangjie	縫
vfyhr	cangjie	縋
vfyhs	cangjie	紡
vfyia	cangjie	織
vfyij	cangjie	繂
vfyiu	cangjie	統
vfyj	cangjie	紏
vfyjj	cangjie	縺
vfyk	cangjie	紋
vfylm	cangjie	䊼
vfylr	cangjie	繾
vfyoj	cangjie	綷
vfypt	cangjie	纑
vfyrb	cangjie	縞
vfyrd	cangjie	綧
vfyrf	cangjie	綡
vfyrn	cangjie	𦂃
vfyrv	cangjie	纕
vfyso	cangjie	縼
vfyto	cangjie	繸
vfytp	cangjie	繶
vfytu	cangjie	縌
vfyub	cangjie	縭
vfyvi	cangjie	絃
vfyvo	cangjie	絯
vfyvq	cangjie	縴
vfywm	cangjie	繵
vfywv	cangjie	縗
vgb	cangjie	姌
vgc	cangjie	銺
vgce	cangjie	婈
vgf	cangjie	焋
vgg	cangjie	娃
vggu	cangjie	嬈
vgk	cangjie	奊奘
vgni	cangjie	嬦
vgow	cangjie	嬙
vgp	cangjie	娡
vgr	cangjie	姞
vgrg	cangjie	嬯
vgrr	cangjie	嬉𡣗
vgrv	cangjie	媴
vgsk	cangjie	㜜
vgtj	cangjie	婞
vgv	cangjie	娤
vgyhv	cangjie	裝
vhab	cangjie	婂
vhaf	cangjie	𡡅
vhag	cangjie	媓
vhav	cangjie	嬝
vhbr	cangjie	姠
vhbu	cangjie	𡜍
vhcn	cangjie	嬼
vhcq	cangjie	𡤒
vhd	cangjie	姀
vhdn	cangjie	娳
vhds	cangjie	㛢
vhdv	cangjie	婑
vhdw	cangjie	嬏
vhej	cangjie	㛔
vhey	cangjie	㚵
vhg	cangjie	妊
vhgu	cangjie	姺
vhhj	cangjie	婢
vhhl	cangjie	㚹
vhhw	cangjie	媹
vhi	cangjie	媿𡚸
vhiil	cangjie	鄉
vhj	cangjie	奷
vhjd	cangjie	姝
vhjg	cangjie	媑
vhjm	cangjie	娷
vhjr	cangjie	姡
vhk	cangjie	妖
vhkb	cangjie	嬌
vhkp	cangjie	婖
vhml	cangjie	妡
vhmr	cangjie	姤
vhnb	cangjie	姵
vhnh	cangjie	𡠨
vhp	cangjie	奼
vhpa	cangjie	婚
vhqi	cangjie	娥
vhqm	cangjie	姓
vhqo	cangjie	妷
vhqu	cangjie	㚪
vhs	cangjie	妒妰
vhsb	cangjie	媥
vhsk	cangjie	嬓
vhuc	cangjie	㜺
vhup	cangjie	媳
vhwp	cangjie	媲
vhxe	cangjie	嫂
vhxs	cangjie	𡞲
vhxu	cangjie	婗
vi	cangjie	⼳厶幺
viav	cangjie	娘
vic	cangjie	𨫥
vice	cangjie	㛖
vid	cangjie	槳樂
vidd	cangjie	嫲
vidi	cangjie	嬤
vidy	cangjie	孊
vie	cangjie	漿
vif	cangjie	糸糹𢇃
vig	cangjie	㛇墏
vihe	cangjie	发
vihi	cangjie	幾𡜐
vihml	cangjie	斷
vihs	cangjie	娍
vihv	cangjie	媙
viik	cangjie	獎
viil	cangjie	嫏
vij	cangjie	娀
vikf	cangjie	媯
viks	cangjie	幼
viksf	cangjie	鴢
vilb	cangjie	嫞
vile	cangjie	嫝
vilmi	cangjie	螿
viln	cangjie	劙
vilr	cangjie	㜍
vimcw	cangjie	醬
vine	cangjie	𡛻
vio	cangjie	以
viok	cangjie	娭
vir	cangjie	始
vis	cangjie	幻
vitc	cangjie	嬚
vitf	cangjie	嫬
viuh	cangjie	娏
viv	cangjie	𡛟
viw	cangjie	畿
vjb	cangjie	姉
vjbc	cangjie	嫃
vjbj	cangjie	婻
vjbm	cangjie	𡝮
vjcb	cangjie	𡢠
vjcr	cangjie	嫆
vjd	cangjie	妹𡜻
vje	cangjie	妓
vjhp	cangjie	姹
vjhw	cangjie	嬸
vjii	cangjie	嫥
vjka	cangjie	媎
vjkp	cangjie	姥
vjks	cangjie	㛈
vjlo	cangjie	婕
vjmc	cangjie	嬪𡤧
vjmf	cangjie	婃
vjmi	cangjie	𡝬
vjmm	cangjie	媗
vjmo	cangjie	婝嫁
vjmu	cangjie	㛡
vjnu	cangjie	婉
vjpn	cangjie	嬣
vjr	cangjie	姑
vjrb	cangjie	媩
vjrj	cangjie	嫴
vjrr	cangjie	婠
vjtc	cangjie	𡤐
vjuc	cangjie	𡣑
vjv	cangjie	姲
vkb	cangjie	姷
vkbt	cangjie	盭
vkcf	cangjie	嫽
vke	cangjie	𡛀
vki	cangjie	𡛕
vkk	cangjie	𡘾
vkkb	cangjie	㛓
vkmb	cangjie	媠
vkmr	cangjie	婍
vkms	cangjie	姱
vkn	cangjie	姨
vkni	cangjie	𡚺
vkok	cangjie	嫉
vkpb	cangjie	𡠹
vl	cangjie	凵
vlbk	cangjie	姎
vlbu	cangjie	妉
vle	cangjie	𡝯
vlgm	cangjie	嫿
vlhbr	cangjie	嚮
vlllm	cangjie	丱
vllmi	cangjie	蠁
vlm	cangjie	爿
vlmc	cangjie	嬇
vlmo	cangjie	姚
vlmt	cangjie	嬧
vlmy	cangjie	婔
vloiv	cangjie	饗
vlok	cangjie	收
vlw	cangjie	妯
vlwl	cangjie	妽
vlws	cangjie	娉
vlwv	cangjie	㜢
vlxh	cangjie	姊
vlxl	cangjie	婣
vlyta	cangjie	響
vm	cangjie	妅
vmam	cangjie	姮
vmbb	cangjie	嬬
vmbdi	cangjie	將
vmbe	cangjie	𡤕
vmbi	cangjie	𡢅
vmbk	cangjie	媆
vmbm	cangjie	𡠭
vmbs	cangjie	嫮
vmbu	cangjie	孀
vmbwd	cangjie	彙
vmd	cangjie	㚥牀
vmf	cangjie	妚
vmfb	cangjie	嬭
vmfft	cangjie	彝
vmfhk	cangjie	𢑱
vmfht	cangjie	彜
vmfj	cangjie	㛁
vmfm	cangjie	㚰
vmg	cangjie	壯
vmgg	cangjie	娾
vmgi	cangjie	𡛼
vmgk	cangjie	𡟹
vmgow	cangjie	牆
vmhf	cangjie	嫄
vmhj	cangjie	纤
vmhml	cangjie	斨
vmi	cangjie	戕
vmig	cangjie	姪𤕸
vmik	cangjie	狀
vmj	cangjie	奸
vmjj	cangjie	姸
vmlii	cangjie	蠿
vmliu	cangjie	缆
vmlm	cangjie	婭
vmmi	cangjie	妘
vmmnr	cangjie	牁
vmmp	cangjie	孋
vmmr	cangjie	娪
vmmu	cangjie	妧
vmmv	cangjie	娠
vmn	cangjie	奵
vmnom	cangjie	经
vmnr	cangjie	妸
vmob	cangjie	𡛦
vmoir	cangjie	牄
vmpm	cangjie	娬
vmpop	cangjie	彘
vmqs	cangjie	纬
vmr	cangjie	妬
vmrc	cangjie	织
vmrr	cangjie	𡟵
vmt	cangjie	妍
vmtq	cangjie	牂
vmue	cangjie	𡟺
vmv	cangjie	妝
vmvi	cangjie	媷
vmvm	cangjie	娙
vmwf	cangjie	嫖
vmwl	cangjie	媔
vmwv	cangjie	婹
vmyf	cangjie	嫣
vmyhs	cangjie	纺
vmyiu	cangjie	统
vmym	cangjie	姃
vnau	cangjie	娩
vnbk	cangjie	𡞵
vnbp	cangjie	嫓
vncr	cangjie	㜬
vnd	cangjie	好
vnf	cangjie	妳
vng	cangjie	妞
vnhd	cangjie	媃
vnhs	cangjie	奶
vnin	cangjie	妤姼
vnir	cangjie	姳
vnkg	cangjie	娗
vnkm	cangjie	娫
vnlb	cangjie	嫷
vnlr	cangjie	婀
vnm	cangjie	彑
vnme	cangjie	彔
vnmm	cangjie	嫋
vnmo	cangjie	彖
vnmu	cangjie	姽
vnob	cangjie	婿
vnok	cangjie	𡞳
vnot	cangjie	嬁
vnst	cangjie	𡟚
vnum	cangjie	嬔
vnyi	cangjie	娹
vob	cangjie	妠
voge	cangjie	孇
vogf	cangjie	嫶
vohaf	cangjie	鶨
vohg	cangjie	姙
vohh	cangjie	𡛧
voii	cangjie	姈
voim	cangjie	孅
voin	cangjie	妗
volii	cangjie	蠡
voll	cangjie	妎
vom	cangjie	㚱
vomb	cangjie	婨
vomg	cangjie	姾
vomn	cangjie	媮
vomo	cangjie	嬐
vomr	cangjie	姶
vomt	cangjie	媕
vomv	cangjie	婾
voq	cangjie	姩
vord	cangjie	媬
votf	cangjie	嫵
vowy	cangjie	娒
voyr	cangjie	㜃
vpa	cangjie	姰
vpd	cangjie	她
vpfd	cangjie	婅
vph	cangjie	妼
vphh	cangjie	𡛁
vpi	cangjie	妁
vpim	cangjie	㚬
vpkp	cangjie	𡟟
vpp	cangjie	妣
vpr	cangjie	姁
vptd	cangjie	媟
vpuu	cangjie	媰
vqj	cangjie	妦
vqjp	cangjie	𡣺
vqka	cangjie	媋
vqkd	cangjie	嫀
vqmb	cangjie	婧
vqmf	cangjie	嫊
vqmv	cangjie	婊
vqyt	cangjie	𡝰
vr	cangjie	如
vrb	cangjie	娟
vrd	cangjie	桇
vrhaf	cangjie	鴽
vrlb	cangjie	帤
vrp	cangjie	恕
vrq	cangjie	挐𢳉
vrrd	cangjie	嬠
vrrj	cangjie	嬋
vrrk	cangjie	孍
vrvif	cangjie	絮
vrvk	cangjie	娛
vrvp	cangjie	姄
vrye	cangjie	婽
vryo	cangjie	娖
vsbt	cangjie	𥁒
vseg	cangjie	𡠩
vshaf	cangjie	鶭
vshr	cangjie	妱
vshu	cangjie	娓
vsj	cangjie	㛅
vsje	cangjie	娵
vsjr	cangjie	婮
vsk	cangjie	𡛂
vskp	cangjie	嫕
vskr	cangjie	𡝗
vsll	cangjie	姫姬
vsmb	cangjie	婦
vsmg	cangjie	嬥
vsmh	cangjie	嫪
vsp	cangjie	妮
vsqf	cangjie	媽
vsql	cangjie	娜
vsrq	cangjie	𡢡
vsrr	cangjie	嫗
vss	cangjie	姖
vstr	cangjie	嫟
vstt	cangjie	𡟛
vstv	cangjie	㜊
vsu	cangjie	妃
vsyi	cangjie	孎
vtab	cangjie	𡤃
vtad	cangjie	𡤄
vtak	cangjie	嫫
vtaw	cangjie	孏
vtbc	cangjie	婰
vtbn	cangjie	媊
vtc	cangjie	娂
vtch	cangjie	𡝱
vtcl	cangjie	𡡒
vtco	cangjie	𡣘
vtge	cangjie	𡡷
vtgi	cangjie	嬟
vtgk	cangjie	媄
vtgr	cangjie	嫸
vtgv	cangjie	𡟜
vtgw	cangjie	𡤑
vthg	cangjie	嬞
vtio	cangjie	𡝳
vtkr	cangjie	婼
vtlb	cangjie	𡠪
vtlf	cangjie	嬿
vtlk	cangjie	媖
vtlm	cangjie	嫤
vtlo	cangjie	嫨
vtm	cangjie	姏
vtmc	cangjie	娸嫹
vtmd	cangjie	媒
vtmj	cangjie	嬅𡞴
vtmu	cangjie	𡝴
vtnu	cangjie	𡟃
vtpd	cangjie	𡡣
vtsj	cangjie	媶
vtt	cangjie	姘
vttb	cangjie	媾
vtvi	cangjie	𡞰
vtvp	cangjie	嬨
vtw	cangjie	媌
vtwk	cangjie	𡟻
vtwv	cangjie	𡢿
vtxc	cangjie	嫌
vu	cangjie	奾
vuau	cangjie	𡡻
vugk	cangjie	嬍
vuhi	cangjie	𡟶
vumb	cangjie	媏
vumi	cangjie	媸
vumj	cangjie	婩
vuob	cangjie	孈
vuog	cangjie	雝
vuuk	cangjie	媺
vv	cangjie	奻
vvf	cangjie	災
vvff	cangjie	𡤻
vvid	cangjie	㜰
vvii	cangjie	𡡤
vvio	cangjie	姒
vvm	cangjie	纟
vvmbu	cangjie	𩠐
vvne	cangjie	娽
vvno	cangjie	𡟇𡟼
vvrau	cangjie	邕
vvv	cangjie	姦巛
vvw	cangjie	甾
vvwd	cangjie	巢
vw	cangjie	㚼
vwb	cangjie	媦
vwd	cangjie	婐
vwg	cangjie	娌
vwhaf	cangjie	鶅
vwjlo	cangjie	疀
vwjr	cangjie	婟
vwk	cangjie	姻
vwkp	cangjie	𡟯
vwlc	cangjie	㜥
vwlg	cangjie	𡤢
vwlk	cangjie	嬽
vwlv	cangjie	嬛
vwot	cangjie	媼
vwvf	cangjie	嫘
vwyi	cangjie	姆
vwyl	cangjie	𡜼
vyaj	cangjie	婥
vybb	cangjie	媂
vybc	cangjie	媜
vybs	cangjie	嫎
vycb	cangjie	嫡
vyck	cangjie	姣
vydu	cangjie	𡤅
vyfe	cangjie	婌
vyg	cangjie	妵
vyhn	cangjie	妔
vyhr	cangjie	𡠻
vyhs	cangjie	妨
vyhv	cangjie	㛄
vyia	cangjie	嬂
vyk	cangjie	妏
vymr	cangjie	娮
vymy	cangjie	𡛨
vypd	cangjie	嫭
vypk	cangjie	𡢢
vyrf	cangjie	婛
vyrn	cangjie	㜲婷
vyrv	cangjie	孃
vyso	cangjie	媫嫙
vytj	cangjie	嫜
vytp	cangjie	嬑
vytr	cangjie	婄
vyvi	cangjie	妶
vywm	cangjie	嬗
vywv	cangjie	㜳
vyx	cangjie	𡣙
w	cangjie	田
wb	cangjie	胃
wbmbc	cangjie	顒
wbp	cangjie	愚
wc	cangjie	四
wcb	cangjie	囧
wchaf	cangjie	鷶
wche	cangjie	畟
wcys	cangjie	圀
wd	cangjie	困果
wdh	cangjie	团
wdhv	cangjie	褁
wdmbc	cangjie	顆
wdmq	cangjie	圍
wdnin	cangjie	夥
wdye	cangjie	敤
weee	cangjie	畷
wfdq	cangjie	疄
wfgr	cangjie	黠
wfgwc	cangjie	黷
wfice	cangjie	黢
wfiih	cangjie	黲
wfik	cangjie	默
wfip	cangjie	黓
wfjbc	cangjie	黰
wfjnu	cangjie	黦
wfklu	cangjie	黤
wflbu	cangjie	黕
wfmvu	cangjie	黖
wfmwg	cangjie	黫
wfncr	cangjie	黵
wfnin	cangjie	黟
wfoin	cangjie	黔
wfomt	cangjie	黭
wfq	cangjie	畔
wfqu	cangjie	圈
wftm	cangjie	黚
wftmv	cangjie	黮
wfuu	cangjie	黜
wfvis	cangjie	黝
wfyg	cangjie	𪐴
wfypt	cangjie	黸
wfyr	cangjie	點
wfyrf	cangjie	黥
wfyta	cangjie	黯
wg	cangjie	里
wgdi	cangjie	畤
wgf	cangjie	黑
wgfg	cangjie	墨
wgg	cangjie	畦
wgit	cangjie	圔
wgni	cangjie	疇
wgnin	cangjie	野
wgrv	cangjie	園
wgtj	cangjie	圉
whd	cangjie	囷
whe	cangjie	畈
wher	cangjie	略畧
whgi	cangjie	𤴆
whjg	cangjie	畽
whnd	cangjie	𡇙
wice	cangjie	畯
wihaf	cangjie	鸀
wihu	cangjie	㽙
wijb	cangjie	圃
wik	cangjie	畎
wino	cangjie	歜
wirm	cangjie	㽣國
wiye	cangjie	斀
wj	cangjie	毋毌
wjbuc	cangjie	貫
wjhaf	cangjie	鷝鸅
wjii	cangjie	團
wjnu	cangjie	畹
wjok	cangjie	斁
wjr	cangjie	固
wk	cangjie	因龱
wkb	cangjie	囿
wkmr	cangjie	畸
wkno	cangjie	欭
wkp	cangjie	恩
wks	cangjie	男
wl	cangjie	甲
wlbi	cangjie	禺
wlbm	cangjie	罝
wlbnd	cangjie	罦
wlbuc	cangjie	買
wlcwa	cangjie	罾
wldd	cangjie	罧
wleee	cangjie	罬
wlga	cangjie	圕
wlgg	cangjie	罣
wlggy	cangjie	罫
wlgrv	cangjie	瞏
wlgtj	cangjie	睪
wlhaf	cangjie	鴨
wlhhw	cangjie	罶
wlhvo	cangjie	罛
wlibp	cangjie	罷
wlipf	cangjie	羆
wlirm	cangjie	罭
wljbj	cangjie	罱
wljbm	cangjie	置
wljka	cangjie	署
wljr	cangjie	罟
wlklu	cangjie	罨
wll	cangjie	罒
wlll	cangjie	甽
wllmy	cangjie	罪
wlln	cangjie	𠝹
wlmc	cangjie	圚
wlmf	cangjie	罘
wlmfn	cangjie	罽
wlmrv	cangjie	睘
wlmym	cangjie	罡
wlnih	cangjie	罞
wlooo	cangjie	眾
wlpli	cangjie	蜀
wlpog	cangjie	罹
wlrb	cangjie	罥
wlrvp	cangjie	罠
wlsfi	cangjie	罻
wlsqf	cangjie	罵
wltab	cangjie	羃
wltjf	cangjie	羈
wltjr	cangjie	羇
wlvff	cangjie	羉
wlvfg	cangjie	羅
wlvvd	cangjie	罺
wlwp	cangjie	罳
wlwtj	cangjie	罼
wlwwk	cangjie	奰
wlwww	cangjie	𦌵
wlyaj	cangjie	罩
wlyg	cangjie	罜
wlymr	cangjie	詈
wlyri	cangjie	罸
wlyrn	cangjie	罰
wlytg	cangjie	罿
wmg	cangjie	囯
wmgi	cangjie	国
wml	cangjie	畀
wmln	cangjie	㓻
wmmr	cangjie	圄
wmmu	cangjie	园
wmn	cangjie	町
wmso	cangjie	圂
wmv	cangjie	畏
wnd	cangjie	囝
wng	cangjie	墅
wno	cangjie	畂
wo	cangjie	囚
wohh	cangjie	畛
woii	cangjie	囹
wok	cangjie	畋
woll	cangjie	界畍
womb	cangjie	圇
womd	cangjie	畭
wop	cangjie	囮慁
wowy	cangjie	畮
wp	cangjie	思
wphh	cangjie	囫
wpim	cangjie	畇
wpmbc	cangjie	顋
wpp	cangjie	毗毘
wpu	cangjie	囤
wqmb	cangjie	圊𤲟
wr	cangjie	回
wrb	cangjie	㘣
wrbc	cangjie	圓
wryw	cangjie	圖
wsvws	cangjie	嬲
wtc	cangjie	異
wtj	cangjie	畢
wtju	cangjie	𤳙
wtlo	cangjie	𤳉
wtt	cangjie	畊
wumb	cangjie	圌
wv	cangjie	囡
wvfd	cangjie	圞
wvff	cangjie	圝
wvhaf	cangjie	䴉
wvif	cangjie	累
wvsmm	cangjie	翾
ww	cangjie	畕
wwhaf	cangjie	鸓
wwlj	cangjie	圛
wwlv	cangjie	圜
www	cangjie	畾
wwwc	cangjie	𨯔
wwwd	cangjie	櫐
wwwf	cangjie	纍
wwwg	cangjie	壘
wwwm	cangjie	疊
wwwr	cangjie	礨
wwwu	cangjie	罍
wwwwg	cangjie	壨
wybuc	cangjie	貫
wyhn	cangjie	㽘囥
wyi	cangjie	母
wymr	cangjie	圁
wynd	cangjie	㝀𡥘
wytg	cangjie	疃
wyv	cangjie	甿
x	cangjie	難
xaf	cangjie	╞
xah	cangjie	╟
xancr	cangjie	閲
xao	cangjie	╰
xar	cangjie	╠
xb	cangjie	⺆⺝⺥⺼冂冖爫
xc	cangjie	丷
xcf	cangjie	╛
xch	cangjie	╜
xcr	cangjie	╝
xcrhu	cangjie	兑
xdf	cangjie	╡
xdh	cangjie	╢
xdr	cangjie	╣
xe	cangjie	氵氺
xef	cangjie	╕
xeh	cangjie	╖
xer	cangjie	╗
xf	cangjie	⺌⺍灬
xh	cangjie	⺮𠂆
xhdcr	cangjie	税
xi	cangjie	丶广
xj	cangjie	宀
xk	cangjie	疒𠂇
xl	cangjie	║丨丿肀衤
xm	cangjie	═
xn	cangjie	⺄乛亅
xo	cangjie	亻
xp	cangjie	㣺勹忄
xpcru	cangjie	悦
xq	cangjie	扌
xqf	cangjie	╒
xqh	cangjie	╓
xqo	cangjie	╭
xqr	cangjie	╔
xs	cangjie	𠃌
xsf	cangjie	╪
xsh	cangjie	╫
xso	cangjie	╯
xsr	cangjie	╬
xt	cangjie	⺾卝艹
xtvft	cangjie	藴
xu	cangjie	乚
xwf	cangjie	╤
xwh	cangjie	╥
xwo	cangjie	╮
xwr	cangjie	╦
xxccr	cangjie	鋭
xxf	cangjie	╧
xxh	cangjie	╨
xxr	cangjie	╩
xy	cangjie	⺀⺊⻌⻍亠辶
xzf	cangjie	╘
xzh	cangjie	╙
xzr	cangjie	╚
y	cangjie	卜
ya	cangjie	𨑨
yaayf	cangjie	𩐿
yad	cangjie	桌
yahag	cangjie	韹
yahej	cangjie	韸
yai	cangjie	戠
yaitc	cangjie	𩑈
yaj	cangjie	卓
yalb	cangjie	𢂚
yambc	cangjie	𩐳
yamh	cangjie	逿
yano	cangjie	歆
yaog	cangjie	暹
yaph	cangjie	逷
yapim	cangjie	韵
yapr	cangjie	𩐝
yapv	cangjie	遏
yarbc	cangjie	韻
yashr	cangjie	韶
yasm	cangjie	遢
yatc	cangjie	𩐠
yatlk	cangjie	韺
yatoe	cangjie	頀
yav	cangjie	退
yb	cangjie	迌
ybaht	cangjie	髜
ybbr	cangjie	過
ybcr	cangjie	䢛
ybd	cangjie	槀
ybgr	cangjie	週
ybhaf	cangjie	鶙
ybhd	cangjie	稾
ybhg	cangjie	望
ybhne	cangjie	毃
ybhu	cangjie	邈
ybik	cangjie	獻
ybikp	cangjie	𢅛
ybjj	cangjie	運
ybkb	cangjie	𥜽
yblb	cangjie	帝
yblbr	cangjie	啻
ybmcu	cangjie	睿
ybmo	cangjie	遯
ybmr	cangjie	迵
ybmvn	cangjie	甋甗
ybnl	cangjie	鄗
ybno	cangjie	欳歊歒
ybog	cangjie	離
ybok	cangjie	敵
ybou	cangjie	遙
ybr	cangjie	迥
ybuc	cangjie	貞
ybye	cangjie	敲
ybyhs	cangjie	旁
ybysp	cangjie	㡣龍
yc	cangjie	六
ycbr	cangjie	商啇
ycc	cangjie	銮
ycd	cangjie	栾
yce	cangjie	变
ychaf	cangjie	鵉鶐
ychhj	cangjie	顰
yciu	cangjie	兖
yciv	cangjie	衮
yck	cangjie	交奕
yclb	cangjie	帟
ycnh	cangjie	递
ycnl	cangjie	𨜓
ycobo	cangjie	脔
ycp	cangjie	戇𢥫
ycrhu	cangjie	兗
ycrhv	cangjie	袞
yct	cangjie	弈
ydbuu	cangjie	親
ydhaf	cangjie	鶉
ydhhh	cangjie	虨
ydhml	cangjie	新
ydkni	cangjie	孰
ydl	cangjie	速
ydlk	cangjie	遫
ydlo	cangjie	遬
ydmq	cangjie	違
ydnl	cangjie	郭
ydno	cangjie	歑
ydod	cangjie	𨔼
ydog	cangjie	雜
ydok	cangjie	敦敹
ydrrj	cangjie	嚲
ye	cangjie	攴
yebu	cangjie	督
yec	cangjie	錖
yefd	cangjie	粲
yefh	cangjie	逤
yeg	cangjie	壑
yelmm	cangjie	韰
yeoiv	cangjie	餐
yep	cangjie	惄
yeyhv	cangjie	裻
yfb	cangjie	逍
yfd	cangjie	迷
yfdq	cangjie	遴
yfe	cangjie	叔
yfhaf	cangjie	鶁
yfiku	cangjie	就
yfks	cangjie	勍
yfln	cangjie	剠
yfye	cangjie	敊
yg	cangjie	主
ygcg	cangjie	逵
yggu	cangjie	遶
yghne	cangjie	殶
yghqu	cangjie	氃
ygiv	cangjie	褻
ygmms	cangjie	虧
ygr	cangjie	迼
ygrv	cangjie	遠
ygsk	cangjie	遨
ygsmm	cangjie	𦒍
ygtq	cangjie	達
yha	cangjie	迫
yhaf	cangjie	鳪
yhag	cangjie	遑
yhbm	cangjie	亹
yhbr	cangjie	逈
yhds	cangjie	透
yhdv	cangjie	褎襃逶
yhe	cangjie	返
yhee	cangjie	邍
yhej	cangjie	逢
yheq	cangjie	逄
yhg	cangjie	𨑳
yhgr	cangjie	造𨘥
yhgv	cangjie	𨘻
yhhhh	cangjie	彥
yhhqm	cangjie	產
yhhv	cangjie	裦
yhhw	cangjie	遛
yhiv	cangjie	褢
yhj	cangjie	迁
yhjr	cangjie	适
yhju	cangjie	遁
yhk	cangjie	迗
yhln	cangjie	劌
yhmbc	cangjie	頻顏顪
yhml	cangjie	近
yhmo	cangjie	遾
yhmr	cangjie	逅
yhn	cangjie	亢
yhqo	cangjie	迭
yhqv	cangjie	袠
yhrr	cangjie	追
yhs	cangjie	方迮
yhsb	cangjie	遍
yhsd	cangjie	𨘋
yhsk	cangjie	邀
yhsmm	cangjie	翽
yhus	cangjie	邊
yhv	cangjie	衣
yhvl	cangjie	迎
yhxc	cangjie	亷
yhxv	cangjie	裒
yhym	cangjie	𨒂
yhyu	cangjie	遞
yib	cangjie	育
yice	cangjie	逡
yif	cangjie	熟
yifh	cangjie	玅
yig	cangjie	塾
yihu	cangjie	充
yihxo	cangjie	斔螤
yijb	cangjie	逋
yijc	cangjie	述
yije	cangjie	逑
yik	cangjie	迖
yiohv	cangjie	玈
yioj	cangjie	率
yir	cangjie	迨
yirv	cangjie	袬
yitd	cangjie	棄
yitf	cangjie	遮
yiyvi	cangjie	玆
yj	cangjie	斗辻
yjbj	cangjie	遖
yjco	cangjie	邃
yjdl	cangjie	辣
yjhaf	cangjie	鵫
yjhec	cangjie	贛
yjhee	cangjie	竷
yjhhh	cangjie	彰
yjhoj	cangjie	瓣
yji	cangjie	㦸
yjilj	cangjie	辨
yjksj	cangjie	辦
yjlii	cangjie	蠭
yjmbc	cangjie	贑顇
yjmy	cangjie	𠁎
yjnl	cangjie	鄣
yjrr	cangjie	逭
yjvfj	cangjie	辮
yjwj	cangjie	連
yjyjj	cangjie	𣁾
yjyrj	cangjie	辯
yk	cangjie	头文达
ykanw	cangjie	斕
ykb	cangjie	迶
ykcf	cangjie	遼
ykg	cangjie	墪
ykhaf	cangjie	鳼鵁鷟鸆
ykhbm	cangjie	斖
ykhf	cangjie	逖
ykhg	cangjie	逛
ykhhh	cangjie	彣
ykhq	cangjie	𣁄
ykhsb	cangjie	斒
ykks	cangjie	効
ykll	cangjie	齐
yklm	cangjie	斉
ykmbc	cangjie	頝
ykmpm	cangjie	斌
yknd	cangjie	斈
yknl	cangjie	郊
ykok	cangjie	效
ykp	cangjie	忞憝
ykpb	cangjie	遰
ykq	cangjie	撉
ykr	cangjie	吝
yks	cangjie	边
yksmm	cangjie	𦐑
yksr	cangjie	迦
ykvif	cangjie	紊
ykymu	cangjie	齾
yl	cangjie	迚
ylb	cangjie	市
yle	cangjie	逮
ylhv	cangjie	衷
ylm	cangjie	止
ylmc	cangjie	遺
ylmh	cangjie	步
ylmo	cangjie	逃
ylmr	cangjie	遣
ylmv	cangjie	裵
ylnc	cangjie	亦
ylw	cangjie	迪
ym	cangjie	上辷
ymb	cangjie	肯
ymbuc	cangjie	贇
ymbuu	cangjie	覷
ymbw	cangjie	䢮
ymcu	cangjie	𥈠
ymcw	cangjie	迺
ymd	cangjie	迂
ymdhe	cangjie	皻皽
ymfb	cangjie	邇
ymg	cangjie	迋
ymgc	cangjie	𨘀
ymgdi	cangjie	歭
ymhaf	cangjie	鸇
ymhqu	cangjie	氈
ymihh	cangjie	歲
ymje	cangjie	歧
ymks	cangjie	勯
ymlb	cangjie	迊
ymln	cangjie	剷
ymmbc	cangjie	顫
ymmi	cangjie	运
ymmp	cangjie	邐
ymmr	cangjie	言逜
ymnn	cangjie	迾
ymno	cangjie	歔
ymomg	cangjie	𣁦
ymp	cangjie	忐此
ympog	cangjie	雌
ymrt	cangjie	逗
ymrw	cangjie	逼
ymso	cangjie	逐
ymufd	cangjie	歯
ymuo	cangjie	齿
ymuoo	cangjie	齒
ymvh	cangjie	迓
ymvm	cangjie	逕
ymwu	cangjie	遷
ymy	cangjie	卡
ynbq	cangjie	邂
yndf	cangjie	遜
ynhb	cangjie	遹
ynhs	cangjie	辸
ynhv	cangjie	袤
yni	cangjie	歺
ynib	cangjie	通
ynin	cangjie	迻
yniv	cangjie	袲
ynj	cangjie	迅
ynmbc	cangjie	頏
ynnl	cangjie	邟
ynot	cangjie	邆
ynqd	cangjie	椉
ynui	cangjie	逸
yo	cangjie	込龰
yobuc	cangjie	賌
yodv	cangjie	褒
yog	cangjie	進
yohne	cangjie	毅𣫛
yoj	cangjie	迕
yoks	cangjie	劾
yoln	cangjie	刻劇
yombc	cangjie	頦
yomd	cangjie	途
yomn	cangjie	逾
yon	cangjie	迄
yonk	cangjie	夜
yono	cangjie	欬
yooj	cangjie	卒
yopd	cangjie	迤
yp	cangjie	虍
ypa	cangjie	迿
ypbu	cangjie	眥
ypbuc	cangjie	貲
ypc	cangjie	鈭
ypd	cangjie	㰍柴迆
ypg	cangjie	㘹壟
yphaf	cangjie	鷾鸗
yphen	cangjie	處
yphfd	cangjie	虖
yphu	cangjie	虎
ypks	cangjie	勴
yplmi	cangjie	蠪
ypmk	cangjie	龑
ypmm	cangjie	些
ypmmf	cangjie	祡龒
ypmr	cangjie	砦礱
ypmrb	cangjie	鬳
ypmso	cangjie	豦
ypnbg	cangjie	觜
ypni	cangjie	㱔
ypnwf	cangjie	鮆
ypobo	cangjie	胔
ypoiv	cangjie	飺
ypph	cangjie	虙
ypr	cangjie	呰
yprvk	cangjie	虞
ypsj	cangjie	聾
ypsm	cangjie	虐
ypt	cangjie	迣
yptc	cangjie	龔
yptm	cangjie	虛
yptmc	cangjie	虡
ypu	cangjie	迍
ypuv	cangjie	袌
ypvif	cangjie	紫
ypwb	cangjie	膚
ypwbt	cangjie	盧
ypwks	cangjie	虜
ypwlb	cangjie	歶
ypwp	cangjie	慮
ypybp	cangjie	龘
ypyhv	cangjie	襲
ypyk	cangjie	虔
ypymr	cangjie	訾讋
yqhl	cangjie	逝
yr	cangjie	占
yraa	cangjie	誯
yramo	cangjie	諟
yrana	cangjie	𧬘
yranb	cangjie	譋
yranw	cangjie	讕
yrapv	cangjie	謁
yrav	cangjie	裛
yrawe	cangjie	謾
yrbb	cangjie	膏
yrbbe	cangjie	䛵
yrbbn	cangjie	贏
yrbcd	cangjie	𧨾
yrbgr	cangjie	調
yrbhn	cangjie	鸁
yrbhx	cangjie	謟
yrbjj	cangjie	諢
yrbln	cangjie	蠃
yrbm	cangjie	詛
yrbme	cangjie	諼
yrbmr	cangjie	詷
yrbn	cangjie	亭
yrbo	cangjie	豪
yrbou	cangjie	謠
yrbp	cangjie	亳
yrbr	cangjie	詗高
yrbsd	cangjie	諍
yrbsn	cangjie	驘
yrbtn	cangjie	羸
yrbu	cangjie	亮毫
yrbuu	cangjie	覘
yrbvk	cangjie	謑
yrbvn	cangjie	嬴
yrbwn	cangjie	臝
yrci	cangjie	訟
yrcmt	cangjie	諡
yrcru	cangjie	說
yrcsh	cangjie	訜
yrdd	cangjie	諃
yrdhe	cangjie	詖
yrdi	cangjie	討
yrdk	cangjie	訣
yrdmq	cangjie	諱
yrdoo	cangjie	誺
yrdwf	cangjie	諫
yre	cangjie	㕡
yrea	cangjie	誻
yrf	cangjie	京点
yrfb	cangjie	誚
yrfbf	cangjie	讜
yrff	cangjie	談
yrfh	cangjie	訬
yrfq	cangjie	詊
yrfqr	cangjie	𧬸
yrgcr	cangjie	讟
yrgdi	cangjie	詩
yrgg	cangjie	詿
yrggu	cangjie	譊
yrgni	cangjie	譸
yrgp	cangjie	誌
yrgr	cangjie	詰
yrgrr	cangjie	譆
yrgwc	cangjie	讀
yrhag	cangjie	諻
yrhd	cangjie	訸
yrhdn	cangjie	謻
yrhds	cangjie	誘
yrhdv	cangjie	諉
yrhdw	cangjie	譒
yrhej	cangjie	𧧽
yrher	cangjie	詻
yrhg	cangjie	逞
yrhge	cangjie	譭
yrhgr	cangjie	誥
yrhgu	cangjie	詵
yrhhh	cangjie	㣌
yrhhi	cangjie	謝
yrhhj	cangjie	諀
yrhjd	cangjie	誅
yrhjm	cangjie	諈
yrhjr	cangjie	話
yrhk	cangjie	訞
yrhkb	cangjie	譑
yrhml	cangjie	訢
yrhmr	cangjie	詬
yrhmy	cangjie	訴
yrhne	cangjie	設
yrhni	cangjie	諷
yrhor	cangjie	譗
yrhp	cangjie	託
yrhpa	cangjie	諙
yrhpm	cangjie	詆
yrhqi	cangjie	誐
yrhqo	cangjie	詄
yrhs	cangjie	詐
yrhsb	cangjie	諞
yrhsm	cangjie	謆
yrhuc	cangjie	讚
yrhv	cangjie	哀
yrhwp	cangjie	謥
yrhxe	cangjie	謏
yrhxo	cangjie	諛
yrhxu	cangjie	誽
yrhyu	cangjie	謕
yriav	cangjie	誏
yrice	cangjie	誜
yrihr	cangjie	諴
yrihs	cangjie	誠
yrii	cangjie	諓
yrijb	cangjie	誧
yrijc	cangjie	訹
yrikf	cangjie	譌
yrikk	cangjie	詙
yriku	cangjie	訧
yrill	cangjie	詶
yrine	cangjie	詠
yriok	cangjie	誒
yrior	cangjie	諮
yripm	cangjie	試
yrir	cangjie	詒
yrit	cangjie	誡
yritc	cangjie	譧
yritf	cangjie	謶
yrj	cangjie	計
yrjbc	cangjie	謓
yrjbd	cangjie	誖
yrjbj	cangjie	諵
yrjbm	cangjie	誼
yrjhp	cangjie	詫
yrjhw	cangjie	讅
yrjip	cangjie	譓
yrjjb	cangjie	謿
yrjka	cangjie	諸
yrjmf	cangjie	誴
yrjmm	cangjie	諠
yrjmo	cangjie	諚
yrjmu	cangjie	𧨎
yrjp	cangjie	詑
yrjpn	cangjie	𧭈
yrjr	cangjie	詁
yrkb	cangjie	詴
yrkf	cangjie	詼
yrkhg	cangjie	誑
yrkja	cangjie	譇
yrkms	cangjie	誇
yrlll	cangjie	訓
yrlmo	cangjie	誂
yrlmy	cangjie	誹
yrln	cangjie	剖
yrlwv	cangjie	謱
yrm	cangjie	訌
yrmbc	cangjie	頕
yrmbs	cangjie	謣
yrmca	cangjie	𧪽
yrmd	cangjie	訏
yrmdm	cangjie	讈
yrmfj	cangjie	評
yrmhf	cangjie	謜
yrmhs	cangjie	𧨊
yrmj	cangjie	訐
yrmjk	cangjie	譀
yrmmh	cangjie	𧧝
yrmmr	cangjie	語
yrmmv	cangjie	誫
yrmn	cangjie	訂
yrmnr	cangjie	訶
yrmoo	cangjie	誣
yrmrr	cangjie	謌
yrmrw	cangjie	諨
yrmso	cangjie	諑
yrmsu	cangjie	𧦠
yrmua	cangjie	譖
yrmvh	cangjie	訝
yrmvm	cangjie	誙
yrmvn	cangjie	瓿
yrmwf	cangjie	謤
yrmwg	cangjie	諲
yrmwj	cangjie	譚
yrmym	cangjie	証
yrnbe	cangjie	讂
yrncr	cangjie	譫
yrnd	cangjie	享
yrndf	cangjie	𧪾
yrnf	cangjie	烹
yrnhb	cangjie	譎
yrnhx	cangjie	諂
yrnib	cangjie	誦
yrnin	cangjie	誃
yrnir	cangjie	詺
yrnj	cangjie	訊
yrnkg	cangjie	誔
yrnkm	cangjie	誕𧩙
yrnl	cangjie	部
yrnlp	cangjie	讔
yrnmu	cangjie	詭
yrnn	cangjie	亨
yrnob	cangjie	諝
yrnoe	cangjie	𧬋
yrnot	cangjie	證
yrnqd	cangjie	謋
yrnri	cangjie	讒
yrnyi	cangjie	誸
yrob	cangjie	訥
yrog	cangjie	誰
yroge	cangjie	謢
yrogf	cangjie	譙
yrohh	cangjie	診
yroii	cangjie	詅
yroim	cangjie	讖
yroip	cangjie	諗
yroir	cangjie	謒
yroj	cangjie	許
yrok	cangjie	敨
yromb	cangjie	論
yromg	cangjie	詮
yromn	cangjie	諭
yromo	cangjie	譣
yron	cangjie	訖
yrop	cangjie	訛
yrotf	cangjie	譕
yrowy	cangjie	誨
yroyr	cangjie	𧪄
yrp	cangjie	訫
yrpa	cangjie	詢詣
yrpd	cangjie	訑
yrphp	cangjie	𧩓
yrpht	cangjie	謐
yrpim	cangjie	𧥺
yrpko	cangjie	譺
yrppa	cangjie	諧
yrpr	cangjie	訽
yrpt	cangjie	詍
yrptd	cangjie	諜
yrpu	cangjie	訰
yrpuk	cangjie	詾
yrpuu	cangjie	謅
yrqd	cangjie	誄
yrqjp	cangjie	譿
yrqmb	cangjie	請
yrqmc	cangjie	謮
yrqmv	cangjie	諘
yrrrd	cangjie	譟
yrrrj	cangjie	譂
yrrrs	cangjie	諤
yrrs	cangjie	遌
yrrsj	cangjie	諿
yrru	cangjie	遻𨕬
yrruc	cangjie	譔
yrrv	cangjie	襄
yrrvk	cangjie	誤
yrrxu	cangjie	譝
yrshi	cangjie	訒
yrshr	cangjie	詔
yrsim	cangjie	譅
yrsip	cangjie	認
yrsje	cangjie	諏
yrsjj	cangjie	讘
yrsma	cangjie	謵
yrsmg	cangjie	誆
yrsmh	cangjie	謬
yrsmm	cangjie	詡
yrsmr	cangjie	詞
yrsp	cangjie	䛏
yrsrr	cangjie	謳
yrss	cangjie	詎
yrsu	cangjie	記
yrsup	cangjie	誋
yrsyj	cangjie	謘
yrtak	cangjie	謨
yrtam	cangjie	𧫴
yrtav	cangjie	譪
yrtbh	cangjie	謭
yrtbm	cangjie	譾
yrtca	cangjie	譜
yrtct	cangjie	謚
yrtgi	cangjie	議讛
yrtgr	cangjie	𧬆
yrtkr	cangjie	諾
yrtlf	cangjie	讌
yrtlm	cangjie	謹
yrtm	cangjie	詌
yrtmc	cangjie	諆
yrtmd	cangjie	謀
yrtmj	cangjie	譁
yrtmv	cangjie	諶
yrtoe	cangjie	護
yrtpd	cangjie	䜓
yrtq	cangjie	詳
yrtrg	cangjie	讙
yrtrk	cangjie	䜘
yrtt	cangjie	誁
yrttb	cangjie	講
yrtwi	cangjie	譐
yrtwt	cangjie	𧬹
yrtwv	cangjie	譨
yrtxc	cangjie	謙
yrtyb	cangjie	𧬺
yrtyu	cangjie	謊
yru	cangjie	乩訕
yruc	cangjie	選
yruk	cangjie	訩
yrumb	cangjie	諯
yruu	cangjie	詘
yrve	cangjie	詉
yrvii	cangjie	譏
yrvis	cangjie	詏
yrwb	cangjie	謂
yrwce	cangjie	謖
yrwd	cangjie	課
yrwlj	cangjie	譯
yrwlv	cangjie	譞
yrwp	cangjie	諰
yrwww	cangjie	讄
yry	cangjie	訃
yrybb	cangjie	諦
yrybk	cangjie	讞
yrybs	cangjie	謗
yrycb	cangjie	謪謫
yryck	cangjie	詨
yrydk	cangjie	譈
yrye	cangjie	㪗敁遐
yryfd	cangjie	謎
yryfe	cangjie	諔
yryg	cangjie	註
yryhh	cangjie	諺
yryhs	cangjie	訪
yryia	cangjie	識
yryjj	cangjie	謰
yrylr	cangjie	譴
yrymp	cangjie	訿
yrymr	cangjie	誩
yryoj	cangjie	誶
yrypd	cangjie	謼
yrypm	cangjie	謔謯譃
yrypu	cangjie	諕
yryr	cangjie	詀
yryrb	cangjie	謞
yryrd	cangjie	諄
yryrf	cangjie	諒
yryrn	cangjie	諪
yryro	cangjie	譹
yryrv	cangjie	讓
yrysd	cangjie	𧩹
yryta	cangjie	諳
yryto	cangjie	譢
yrytp	cangjie	譩
yryub	cangjie	謧
yryvo	cangjie	該
yrywm	cangjie	譠
yryyb	cangjie	讁
ys	cangjie	迉
ysfv	cangjie	褭
ysg	cangjie	堃𡑔
ysh	cangjie	辺
yshr	cangjie	迢
yskmr	cangjie	旑
ysm	cangjie	与
ysmvn	cangjie	瓬
ysnkq	cangjie	旔
ysnl	cangjie	邡
ysoby	cangjie	旃
ysofb	cangjie	旓
ysohc	cangjie	旟
ysohl	cangjie	旂
ysohm	cangjie	旌
ysohn	cangjie	斻
ysohu	cangjie	旄
ysohv	cangjie	旅
ysohw	cangjie	旛
ysojb	cangjie	旆
ysok	cangjie	放
ysokr	cangjie	旖
ysolb	cangjie	斾
ysolo	cangjie	旐
ysomf	cangjie	旚
ysond	cangjie	斿
ysono	cangjie	旋
ysooa	cangjie	旝
ysooi	cangjie	旍
ysook	cangjie	族
ysopd	cangjie	施
ysosp	cangjie	旎
ysotc	cangjie	旗
ysoy	cangjie	於
ysoyu	cangjie	旒
ysp	cangjie	迡
ysqf	cangjie	遤
ysrj	cangjie	避
ystmc	cangjie	𣄃
ysyhn	cangjie	𣃚
ysyoo	cangjie	旞
ysyq	cangjie	遲
yt	cangjie	立𨑬
yta	cangjie	音
ytahu	cangjie	竟
ytaj	cangjie	章
ytap	cangjie	意
ytapv	cangjie	竭
ytbsd	cangjie	竫
ytcw	cangjie	遒
ytdl	cangjie	竦
ytdq	cangjie	𨗨
ytggu	cangjie	𥪯
ytgo	cangjie	䢭
ythaf	cangjie	鴗鸕
ythdl	cangjie	𥪕
ythj	cangjie	竏
ythni	cangjie	颯
ythqu	cangjie	竓
ythu	cangjie	道
ythxh	cangjie	竧
yti	cangjie	戲
ytice	cangjie	竣
ytii	cangjie	䇊
ytiok	cangjie	竢
ytj	cangjie	辛
ytjbm	cangjie	竩
ytjki	cangjie	竤
ytjmn	cangjie	竚
ytk	cangjie	送
ytki	cangjie	竑
ytkr	cangjie	逽𨔽
ytmbc	cangjie	顱
ytnl	cangjie	𨚪
ytog	cangjie	遳
ytoii	cangjie	竛
yton	cangjie	䇄
ytpo	cangjie	遂
ytpr	cangjie	竘
ytqmb	cangjie	靖
ytr	cangjie	咅
ytsmm	cangjie	翊
ytstt	cangjie	竮
ytt	cangjie	迸
yttb	cangjie	遘
ytu	cangjie	逆
ytub	cangjie	遡
ytumb	cangjie	端
ytv	cangjie	妾
ytwa	cangjie	遭
ytwb	cangjie	邁
ytwg	cangjie	童
ytwi	cangjie	遵
ytwu	cangjie	竜
ytyr	cangjie	站
ytyrd	cangjie	䇏
ytyrn	cangjie	𥪜
ytyt	cangjie	竝
ytytj	cangjie	𥪮
yu	cangjie	辿
yuav	cangjie	齦
yubm	cangjie	齟
yubuc	cangjie	贙
yubuu	cangjie	覤
yudi	cangjie	導
yue	cangjie	叡𠮏
yuemi	cangjie	𤫀
yuhaf	cangjie	鷲
yuhgr	cangjie	䶜
yuhhh	cangjie	彪
yuhlb	cangjie	齲
yuhml	cangjie	齗
yuhs	cangjie	齚
yuhxu	cangjie	齯
yuii	cangjie	虥
yuir	cangjie	齝
yujbc	cangjie	齻
yujbm	cangjie	𪘲
yukb	cangjie	离
yukmr	cangjie	齮
yulwp	cangjie	齥
yumb	cangjie	遄
yummr	cangjie	齬
yumvh	cangjie	齖
yuoii	cangjie	齡齢
yuolf	cangjie	虪
yuoll	cangjie	齘
yuomr	cangjie	𪘁
yuon	cangjie	齕
yup	cangjie	齔
yupr	cangjie	齣
yupru	cangjie	齙
yupt	cangjie	齛
yupuu	cangjie	齺
yurc	cangjie	齞
yurrs	cangjie	齶
yuryo	cangjie	蹵齪
yushr	cangjie	齠
yusje	cangjie	齱
yusmg	cangjie	齷
yustr	cangjie	𪙛
yuta	cangjie	齰
yutct	cangjie	齸
yutm	cangjie	甝
yutxc	cangjie	𪙊
yuu	cangjie	齓
yuwd	cangjie	齫
yuwlb	cangjie	齵
yuyck	cangjie	齩
yuye	cangjie	㪫
yuyhh	cangjie	齴
yuymp	cangjie	齜
yuypu	cangjie	虤
yuytu	cangjie	競
yv	cangjie	亡
yvb	cangjie	肓膂
yvbcr	cangjie	裔
yvbq	cangjie	牽
yvbu	cangjie	盲
yvd	cangjie	杗
yvgg	cangjie	壅
yvgn	cangjie	甕
yvgu	cangjie	罋
yvgv	cangjie	饔
yvhbt	cangjie	衁
yvhg	cangjie	雍
yvhlu	cangjie	巟
yvho	cangjie	亥
yvhvo	cangjie	瓤
yvi	cangjie	玄
yviw	cangjie	畜
yvks	cangjie	勷
yvlii	cangjie	蝱
yvne	cangjie	逯
yvnl	cangjie	邙
yvp	cangjie	忘
yvrvp	cangjie	氓
yvsl	cangjie	𠨑
yvv	cangjie	妄
yvvv	cangjie	巡邋
ywdv	cangjie	裹
ywgv	cangjie	裏
ywi	cangjie	畆
ywihr	cangjie	鹹
ywii	cangjie	鹵
ywk	cangjie	卤
ywlb	cangjie	遇
ywle	cangjie	遝
ywlg	cangjie	邏𨗴
ywlv	cangjie	褱還
ywmmf	cangjie	禀
ywmv	cangjie	衰
ywni	cangjie	𠧧
ywnl	cangjie	鄐
ywno	cangjie	畝
ywomo	cangjie	鹼
ywr	cangjie	迴
ywrd	cangjie	稟
ywrm	cangjie	亶
yws	cangjie	卣
ywtqm	cangjie	鹺
ywtxc	cangjie	鹻
yx	cangjie	齊
yxbt	cangjie	齍
yxbuc	cangjie	齎
yxf	cangjie	齋齌
yxlmm	cangjie	韲齏
yxln	cangjie	劑
yxyhv	cangjie	𪗋
yy	cangjie	卞
yyaj	cangjie	逴
yybc	cangjie	遉
yycb	cangjie	適
yyhn	cangjie	迒
yyib	cangjie	逳
yylc	cangjie	迹
yymr	cangjie	這
yypo	cangjie	遽
yyr	cangjie	迠
yysd	cangjie	遊
yytj	cangjie	遧
yywm	cangjie	邅
yywn	cangjie	𨔁
yyws	cangjie	逌
yyyhv	cangjie	𧜏
zxab	cangjie	，
zxac	cangjie	、
zxad	cangjie	。
zxae	cangjie	．
zxaf	cangjie	·
zxag	cangjie	；
zxah	cangjie	：
zxai	cangjie	？
zxaj	cangjie	！
zxak	cangjie	︰
zxal	cangjie	⋯
zxam	cangjie	‥
zxan	cangjie	，
zxap	cangjie	．
zxaq	cangjie	．
zxar	cangjie	；
zxas	cangjie	：
zxat	cangjie	？
zxau	cangjie	！
zxav	cangjie	｜
zxaw	cangjie	–
zxax	cangjie	︱
zxay	cangjie	—
zxba	cangjie	︳
zxbb	cangjie	＿
zxbc	cangjie	︴
zxbd	cangjie	﹏
zxbe	cangjie	（
zxbf	cangjie	）
zxbg	cangjie	︵
zxbh	cangjie	︶
zxbi	cangjie	｛
zxbj	cangjie	｝
zxbk	cangjie	︷
zxbl	cangjie	︸
zxbm	cangjie	〔
zxbn	cangjie	〕
zxbo	cangjie	︹
zxbp	cangjie	︺
zxbq	cangjie	【
zxbr	cangjie	】
zxbs	cangjie	︻
zxbt	cangjie	︼
zxbu	cangjie	《
zxbv	cangjie	》
zxbw	cangjie	︽
zxbx	cangjie	︾
zxby	cangjie	〈
zxca	cangjie	〉
zxcb	cangjie	︿
zxcc	cangjie	﹀
zxcd	cangjie	「
zxce	cangjie	」
zxcf	cangjie	﹁
zxcg	cangjie	﹂
zxch	cangjie	『
zxci	cangjie	』
zxcj	cangjie	﹃
zxck	cangjie	﹄
zxcl	cangjie	（
zxcm	cangjie	）
zxcn	cangjie	｛
zxco	cangjie	｝
zxcp	cangjie	〔
zxcq	cangjie	〕
zxcr	cangjie	‘
zxcs	cangjie	’
zxct	cangjie	“
zxcu	cangjie	”
zxcv	cangjie	〝
zxcw	cangjie	〞
a	quick	日曰
aa	quick	間暗暑昌晶闇曙闍昍閶暙閽𣊭𣊫𣈏
ab	quick	明閒晴晞晡暪昺暠曞曘映晌鬧昞㫻閙
ac	quick	題顯曠暝顥闐曊晪暊闠閧𨴴
ad	quick	昧閑杲旴閫闑冔暆閒闌闈闆韙𣉢𥟟
ae	quick	最暴暖曼曝暇曖昄晙昅閿昹闅㫞𣌊閖
af	quick	照景闖闌暸煚煦晾炅鶡曛鷴焛𨳒炚曭鴠晱鶗鷳鱀鷐曣暕暻鷃暩䳭𤋁𪂇㬎鵾㬙鶥
ag	quick	量旺閏曜閨晊曈塈闉暀閮堲閵闛曤墾𤦉
ah	quick	影易閉暘晹昐昜閟晜昒尟曳閭昣
ai	quick	時閩閥曇旳閎戥暷昤昡晦曠曦閠𣊉𣆂
aj	quick	早聞闡暈闢暉旱曄晬暔旰閛閈暲暺曋鬥闥曍暭曎晫閗
ak	quick	映閔旻闋昊暾闃暌閺晸闞曮旼旲曒猒暯關㫞敭𣆳暎𣋒晈
al	quick	即昂晰昕閘昴郿鄤曏昦由甲申曲昤晣曱
am	quick	星旦暨昀暄閂閾曌閆暡晅闒闟闖顯暳𣊊暤暅昰
an	quick	門剔閌昑旯昲閅𣈥𣈯
ao	quick	是閃歇闕閡昃曷晁昳暵歞曚欥暰暍題顥閦𣋡暶
ap	quick	悶昆匙曬昵曨曳懇
aq	quick	暐闥韙闈暽暉暈曄𣊬㫠
ar	quick	問昭闆閣闊暱晤晌閤閭晷誾昫閜謈晑晗晧䦡𣇉暿
as	quick	昨曦晟昉勗勖晇昈昮閍𣈳昘𣇷朂𣌀
at	quick	開關盟昇昱闔閞闓暟曀曲
au	quick	晚巴既曉冒眉閱晃冕閹晥晲闀岊晼闚毾旵毷毼晻旽閐晛昢晁嘅晄𣇈𣅽鼂𧡰𣈲暚
av	quick	晨晏曩艮暍閬闤曷晻閹妟
aw	quick	晒闣曷闌曬𣈴閪
ax	quick	閻閰退遏遢暹𣋠
ay	quick	晦閼昀遢暡闒闟
b	quick	月
ba	quick	賭贈睹脂膾腊膱眴貊睧瞺胉瞷腤賰臘鶪蠟𥌓
bb	quick	朋購骨睛賄髓瞞肺脯膈冪睊髇矊貒瞲臑膌肭睎睔腢瞝睄膼豽胦脅朠矚𦢈瞯𥌎脪䝼腈矋
bc	quick	具貝賺冥膩贖瞋賏贔瞑腆賸臏矌髍臢矉顐瞶膹瞚髕顝頯貁胑賟典脅𩓚鑍𦝁𧹏贘
bd	quick	爭采睜脖睏睬眛瞇孚臊眯矂盱貅賝腜胣髁冞脬貤勝睞髍賖腂冧𧶄
be	quick	愛受服股販腹肢膝腺骰爰滕朘骳𥄫皸貜矍睩瞍睖朡矎臒雘脙脧眅臌賕腶腏貑脈曖𠖎䐂脉瞹脲𦢊
bf	quick	然縣瞭瞧騰祭鵬鵰鸚炙膫賒瞴鶻矘瞟鷂瞅睒繇膆鶢膘膴膲臙臐臕鵙鴅縢鶤鶪瞗賧鵩矄為睞燄鶴𤉷𦅚肧鸎鷄𥈡𥇧眎賩鴡県𤔡鸜
bg	quick	雞肚雕墾腫瞳膛眶睦貍瞿瞠雎臃睢眭睚脞脽矐脡朣矔臛膣膧塍膗胵臞脭腛冉睞腄睡購臟髒矅貛賍膶
bh	quick	彩財賜盼膠腸胏膨彤豺睇彫豸胗眇眕贂肜肋助冏勝睢瞞𧶽䏲䏟朌
bi	quick	冠爵賤冤豹肘眩矚腑膊肱髖脟髑颻賻胕髆肕蜰臅胘睋骫蠫戙蠈螣膙臗眃肒胠膞胝脅脯腋縣膾購屬朎肽
bj	quick	軍辭賊肝脾罕睥瞱腩睅髀眲豻瞕睟盰膵脺膟贉肸貏賥賱貚骭瞫腱瞼𦋐
bk	quick	敗胸膜朕睽奚瞰胭腋貘网贆眹矙狊胦覹瞙胈睙貕腠朠骹骾瞁央岡腦賊網膠矎贖𥉐眏
bl	quick	腳鼎胛郛郻鄆胹膷郥盺骱胂眒賗肵郹鼏鄍巾皿肺腫膈冪靦臍贓臟𥇦脚瞓䁪
bm	quick	且睡賦腔腥肛胚脛胝盷囗膻胜腄瞈髊眐膕貾貹貆翢丹冊皿目豹勝腓貯寫賤膽臉瞼鵬鵰騰鷂鸚睲睻胆𧷜
bn	quick	則剛刪肌盯冗骯貯剮胰刖眝腧胻肐甖肮眵肣刐刞盵眱肊貥胇脝貐睮爭睜鼎虢鼏脷矃
bo	quick	臉朦貶眺矇豚眨骸睞睫冢瞼腴賅朓脁脥瞨胅眣腞胍睼朒胲瞛臄內貝胰脹塚膚賬瞞膩䁢贌腚
bp	quick	眠懇懸臆朧腮矓骴腍貔瞣膍眥賤𠖥眦贃𦚱肶眤
bq	quick	用胖瞬舜眸腱眻膦瞵貄軍脯琿瞱𥋇眫𢆡
br	quick	同周貼胎膽賠瞎貂膳瞻骷睭賂貽骼胳謄貉贍胴谿賙胊眙眳譻賳膇腡咼冏貙髂腒朐眧吻螢𧵓脗骺詧䁥
bs	quick	勝助膀臟凸贓肋肪胯盻眄眑臇矏骻胙盼郥齶𦛨朥脇脚
bt	quick	體冊髒瞪瞌皿胼豋骿臚膉脰膃賹贐盎顱髗䁗𥅈
bu	quick	見目亂脫肥胞脆貌乳岡覓甩腕脕眈胱睨盹睕朊罌肫腌髐睌鼆虢覞脘睠覭瞃腃瞡賵睍胐貀膮膬乿腯眊覶貺氍朏睆冘冒眓眺腦臘朧矓髖睸𦞴冚脃𥇣
bv	quick	眼腿腰妥脈臘嬰脹胺髏罔賬膿賑脤眽貗膢眓腲瞜盳媵腇腌農骽𦟌臈䁽
bw	quick	貓腦瞄膰腷釉冨
bx	quick	臍舀週運過遙髓
by	quick	丹腓脢遙翢瞈髓
c	quick	金儿八
ca	quick	錯曾鉑錩鍺鍇鐕鈤鐠銆錉錔賭贈𨯩鏳𨫌鐧𨰝鑥銁
cb	quick	銷錦鑰鋪鎘鏞鈉鎬鈽鐍錆鐹鉔鑈鏼鈰錹鏑鑐錀鋗鉓錥銪鈅鍗錋鎙鑴朔賄鉠購鍋鏰𨩈鍸鏋鐈𨦨鈵𨧹𨩋𨦉𨯅鍽鏛鍴
cc	quick	鎖鎮鑽貧頌頒鑫鋇鐮釜鎌鑌錤鍞顉鐀鐉鏔錪鉥鑕鐼谼鐨賏膩賺礦贖𨭦䥥𨰹𨯿鑛鏆鋲𨫋鍂𨯵鐄𨰻𨰦釥𨩅鉷鎻𨰰贘
cd	quick	錚鎳鑠銖銝銤錞鍱錁鏬鐰鐷鏿鎎釨銇鉌銌鋍鑅釪鎟鍒鏶鉥𨫟𨬡𨮏𨨥䤪𨭥
ce	quick	錄鍛鍍鈑鍰鎩鈹鏮銢鑊鋷鍐錂鍜鎪錣鏝鈙鍑鈒鋑鑀鑤鋟钁鋄銶鑗鏺叛販鈸鑷𨯙䤼銾
cf	quick	鍊鏢鑣鎢鵒鍬鐐鵜鏚鏍錼錟鶲鎍錝钂鏣鐎鳻鎷炃鈥羔賒鑠鍄𨪛鐛𨯨鑂鵭𨯧錰鈈
cg	quick	鐵鐘鍾鈕鑼錐銓釷鋰鏗銼鏜銋鑵鋌鍠銍錴坌鑸鉒銈鍷鏙購錘鑩鑽鑃䥓𨫆𨫠鋥錱賍
ch	quick	分弟錫鈔鍚銻銵鉍鐬鐊釮鏒釤鎀鈖豂鏐鐋翁財賜鋤銹鎬鐒鐪釖𨥨釾鉁𨧼
ci	quick	公錢釣鈴釵鏘鈺鑄鈦鉉鐲鈜銩鋐鏄鐏谹釩螸鈆鎡鑱鐖鋝鋨鑮鉧鎛鑆鎒鏀鏹釸钃鉣爹鈸鉤賤購賻鐵鑼鍀鈎𨯗𨧻鑧蚠𨫎𨰜𩗩鍅
cj	quick	針鋒鐸鏈銲鋅鑷鎨鏵錍鉺鈄釬鍕銔鑝錌鏎鐔單賊鍵鏑鏱𨥾鏠鎽𨩇釺𨭐𨪚
ck	quick	父鎂鈸鍥鏃鋘鉸鍭鏌豃銦釱鏾敓攽钀鈌鐓鉠美敝敗鈇賊鋼贖𨰫鈫𨫼鍨鍈𨩉
cl	quick	卻爺斧郤丫釧鉀銂鎯邠鉚弚鋉鄫鈏釿鈽鈴鈰鄲錦鍾鎘鐘鏽贓鋛𨦪𨨶鎅𨧞鎁𨧜𨧺鐁鉮
cm	quick	翁鈞鏟鉗錘鉦釭鉎鑯鉭鎉鏏鋞鉽錏鉏谾鋋鍹鎈銊釜缽貯鈕賦賤錢鎢鵒鐵鐺鉢鐤鎠𨯪鍟鉟𨦫
cn	quick	釘剃爹釗鈐鍘鉹釔甑釚鉶銕釳瓮鍆釕鑏鈧鋓判則貯錚甕鑼𨧤𨥤鎆𨪃鍮
co	quick	欲欽錠鋏錸銚鏇鐻鈲鏷鍉鈇鎵鏦鐱釽鐌鑳鐩鉯貧貶鈉賅頒頌賬鋇鎖鐖鐵鍁鉄䥲𨬢𨭣𨪂贌
cp	quick	慾忿錕鍶鐿錵鉈鈱懖鈮鋕銠鏸釴鎴鎞憌鑨鈚鋱豅鏕鈊鑢賤錢斃總𨫞鏓𨨩𨬌𨯚𨪜𨰣麄
cq	quick	鍵鐽谻鉾鏻鉡鍏半羊鋪鋒鍊鏈鏞鏎鏵鐸鑻𨫡銉𨬯𨭤鎿
cr	quick	銘谷鍋銅鋁鉛鉤鎚鋸鎔鎗錮鉻錡釦鈷錧鉐銗鋯鎕鍼鉊鉆鉿谽鉰銣鑩鈳鍣錒鋦錭鍧鈶鋙鋊鎝鋡銡銛鏂鐑鋿貼貽賂穀賠賙鎬獸鏑贍鑽𨦼𥖹𥗛𨫢鐥鍩錇銄𨧡𨭎鉕
cs	quick	兮鉅銬鈣鋤鎊鐫鍔鐒釫鐪鋮銙釢鑶鈁郤鈉銹贓鐵鈼𨯫鎸勜
ct	quick	鑑盆鎧鈃鎰錳鐙鑪鎑弅鋀鉼錛鑉益弊贐鑰鐦𨩄鉝
cu	quick	鏡鋼爸銳鈍岔兌銃銑鐃鉬鉋銫鈀銧鎤釓鋺鈗鍎鎲毤鋧鋾錈鋎錓鈂鉞鎗鎧鑞鑬鋔鎇鋶鈪䤥鎐釔𨥈𨥉
cv	quick	銀錶鑲鑞鏤鋃鋹銨鉞鐶鋩銥鎃鎱鍻釹鍡鋠鍖賑賬𨰃𨯬𨬓鍮𨩆𨫀𨪁
cw	quick	錨鈿鈾鐺鐳錙鑭鎦鐇鍊𨩊鍢錬鑘
cx	quick	鏽鑇錎鍤兼䤾
cy	quick	鉲鋂釙鉖翁鈞鎉䤵
d	quick	木
da	quick	柏槽楷檜杳椿櫓皙楮栺櫡棤槢槆榗樴櫧榰橧栒橁棔晳栢㭼橺
db	quick	構橋棚桶棉橘柄棘梢棗柿橢槁楜朿棈楄韝栯枘榍楀椯樇槦檛柟楴樠桸楈栜檎樀檷棆欈榾梋檽樆柍㯂樋橗韒𣑲𣑐橌𣙟𣖜楕樃
dc	quick	賴橫棋頗櫃檳槓梖楨槙栱櫝椇枳椪榠檟樍韥欑樻柼櫍朳櫇橨柶槏樲賚米浾糞𣗍梹樌檱
dd	quick	林李森樑棵株榛楙橾櫟棌梱楪桴桲椕樼梌樔杅楺栫檁櫯杝橖榤柂韘椈椸韖韕杍棎棦棞梊未棟棹楝楣構闆槡楳椁𣜿𣟕㯗𣞁𣚭槕㰑
de	quick	樣板皮枝梭隸椒棣欉棱柀梂槾櫠檴楥杸梫棴椴极棳櫌檓樧桼棷榎椵極闆權槺㮀椶椂栐䪖
df	quick	標禁杯杰紮焚樵棕槭柰榚柬楝鶇楸鸉鶒榞椋槂榡棪欓槱榪橑梑欙橪樏鶆鷘桴櫨欄𣜭橅𣜃𣞢樜鶫鴂
dg	quick	權杜框桂枉柱檯椎榷栓桎杻檉橦梃梩楻桯埜楏櫂桽樘欏梐梉榳橍樦桷欋棰構樁釐櫮𣗎𨤳樭樫
dh	quick	才楊材鬱彬梯杉枴枒杪橕棼桫槮檅梤柲枌樛楌栩韌榻纔𣘀勅𣕚柹
di	quick	機松樹村楓寸梵樽韌棧櫥槐榭柎杓榑蚻檥杋蜤檮柃欃槫槸橶欚韣榯蠜构枟欂欘檒杈柢栩栘梅梂夢構檜鬆梦𣟂檝欝𣚦㰕樳橒櫉檲𣙀栂
dj	quick	末桿樺楠杆梓樟杵枰棹槤榫枓櫆楫韡枺韟椑槲榵橝槔檡桻橭樥樿栮韎韗椊楎皯本未韌杄檊槹𣝦韠㮖𣗏枠
dk	quick	校模枚杖橄敕樊梗楔夬檄杕楑槉猌樉柭柍楱榩楩栚橔韍榽得楓樞樸櫝𣐀𣙙㯳𣖙楧栶
dl	quick	束析椰柳榔梆櫛槨郴栭柙梛朻郼棩楖梀柛鼒郲栦桏柿棘棉橋栁棅榊㮌
dm	quick	本整查極植桓椏檀榻栩柑柢橿櫪楂柸杠桱槿樝槥柤櫼槎枃欞翉椌栻槶柦梴棰棫楦枑杓柵棧椪榪檔檢欄杢栍𣜯椬𣏴
dn	quick	刺檸杭机榆剌栘桁杼棽栵桋梣柫杚刌楋檦楟朾椼朹枔橩梵凳機鼒欏椾櫈椚㓟
do	quick	來楚核檢桃樸檬橡樕柩欶椽楰栨椗樅檨檺柣槬橛柉棶杴僰櫞椓梜枎柧檖檚杖柄做棖楨頗機賴隸欞𣑯榢𣔰𣠺椘𣔙
dp	quick	想棍懋麓橞枇栳憖棯櫳欐柅柁朼杹棇楒惁杙杺檍棧𢡟梽樬椛檧櫘樚
dq	quick	棒韋攀櫸樨椲楗揧檞杽舝橉柈桶樣樺韡桝样橓欅𣛟
dr	quick	格樞槍椅柯枯棺榕杏桐枷梧桔槌椆梏柘枸櫚棓檐櫺楛礬椷栝梠棝枮梮桮椐梒椥韐柌楁橏檶楉櫮榶檹桾榙櫙橘橋檣檯𠵍柗枱㯴柖𣟖榀櫊
ds	quick	榜朽楞榨枋栲柪柺柜柞枵杇桍朸枍檇橯梬樗櫋枴柳勅栛㮙栃勑
dt	quick	械柵橙檻楹栟韞梇柆枻橀枅榿榼榓梪櫨來枿桖𣛮𣖕𣟗𧯴榲
du	quick	相概札枕楣欖梳杞橇杷皰櫬梔橈桅柷榥榣杌棬槴槻楯杬梲桄檤棡梡榹枙柮枹杶櫏枆樈也槍樾椀椃㭠𠌊梶㯄梘𣏺𣏌
dv	quick	根樓櫻棲婪桹椄椳棖欀桵橠榐椹櫰桉檭楬椻榱榬樾韔桭芒梳榆農杧楡辳楲𣞼𣐿
dw	quick	東檔欄棟柚榴栖樄欗橎檣椔櫑楅榃檑楢棲楝
dx	quick	樁韜槄櫅橚櫹速桕
dy	quick	梅朴栴棑柝棜榧柊檌栩翉棗榻樸枬
e	quick	水又
ea	quick	潛泊渚澗汨沓洵漕潳汩湷潽湣澮淐湆潪瀦涽潧湝涾溍湐𣇹𣾂潜潴
eb	quick	清滿消湖潮滑溝漏滴淪浦溯沛瀰淆滯涓漓濡湍涌潸渭淯濔渧漰洧濿潃漘浠潲澫湇湡滽灞滫溣湑瀡濄滆滈溮瀹濷汭灊淜潏泱凊淌渦渶澗𣾷澝㵎渪𤁗洅𣻸㳍
ec	quick	演洪濱潰瀨淇瀕漬瀆潢濂淦灝滇泗溟灦鍙灨灒澬浿顙瀻澒泬湞瀵澦鎏淟潩濻潠溓浾汃溳瀩鋈瀢沭鍌瀷湴濆瀇況凎湛資跡滏濕瀛𤂌𣳉浜湏𤅄濓凟𤅖錃㵑𤃡𨮜𤅺𣾁頮
ed	quick	深游浮染淨池桑梁淋澡涂汙淳沐渠潺粱沬柒滌溱溧洙灤澖浨澲潗浡涍漅渫洊淗滐滁滊淉湤濼淭滹澯涃沫凍凈凎淪淶湧湅凜槳濺㳜凓𣸯澟𤄿𤂋𣺉凃潹濚瀞㵩𣓥𤀻𣳿沲
ee	quick	沒漫波渡淑泳涵潑漆浸瀑汲淼澱漾浚沝淩潻瀫湲淥濩溲汳瀀濴灁敪瀔澓汥漮溙滱濲漃冰凌電漢漿雙𣲙汉溵双湶𣿀𤀼浗𣿯叒𣲷
ef	quick	源淡漂滅鴻涼潔濕漁燙瀉鯊潦淙湠漯洃湅溈漹瀳潕瀠沶鸂溤澿鵽潟湫潐瀿潫瀌濝澋溹潶渿溔漈馮溼漿瀋瀾凉𪃡𪄣𤄏𤄄濙𤏁𣶷㵯溸
eg	quick	注灌汪涯塗潤淫灘涅溼濯淮渥浬瀅湮潼灕漼濰洭瀖洼湟湩堻漜圣溎瀍淕灉漟澭灅濉湹灈洷浧滏垽塣壯准凐匯溝準聖窪漥潑難𣿅滙𣾀𣿬漄𡒗𣽿洤𣻺𡌂𣻹涏
eh	quick	沙湯涉澎渺涕滲泌滮汾沏漡沴泲濊濏灪沕漻浵洩湧渤澇鴻瀚𣶼冴
ei	quick	法濤淺滋叉濁汰泓汐蚤滷汎泠濺淂澍溥淞璗泫澪魙浤溞澐汋汊汯潯溽漙灟濧沄汍渢泭漒滍涐瀺灂瀎溾濈瀜溡汛冷戕泜浦海將液淚瓷減溝對漓漢潤戲瀅澊𣶽𤂅㴻𤅕灋瑬沟𣸮𤅜𣿭
ej	quick	準澤渾汗潭汁沫漣滸湃漳洱淬湳淖汛滓濣澣澼湒澕汻灛泙涆潬渳滜涬滭濢灄津海灃𣺿浲𤂍𣂎汘
ek	quick	決激淚溪液漠澳湊澈洶汶沃泱渙涘瀲渼汱溴淏洇滶漺洨洑浂汏洢渶涋潎湀渜潣澉澂湥澞漵沷溦浭潡湨浟洖狀浹漢漚獎濮瀆瀰凑决湙㵟漖汹潄𣿮渂
el	quick	洲漸沖淵沂浙淅洍洏涑沜湎漷浺濎泖澌濞淠瀄汌沛沸泠湍滯凘衝鄧濟濡瀟冲渊𣶸澵
em	quick	江澀瀚沮渣溺渲洹瀝涎沚涇泹瀣沍滃潝渱灗湦澅泜泩滻澶淢涳泔淔淽泍漍瀸溠酒淺湴馮漁濕鴻瀉濺雞鯊瀎疊叠𣿫汮湼𣵾𣲚漋𣶺漌泟𣵀
en	quick	灣測汽渝瀏沸汀瀛濘涔渟汔洐涮洌沆漧滼湔瀱泞氿浰洟洬淛剟沀沉沜冽淨瓷淲濎凴𤅗𤅀𣻗汿𣶹灜涥𣼵
eo	quick	漢泛濛漱漩濠浹濮濋潀洮泅淀漎湜涿泒溷泆澽淶潒澰欼溛歠澨浞漇次決泱渴資溳漬漏滿漲潰凝瀨瀕歡𣾴𣷸𣺊𣶏澻沢
ep	quick	混泥洩灑添濾沁沱泯瀧漉潓懣懘澺泚澸漶濨淰淴沘汦濦濍涊沎瀗溗惉池泄恣淺淪憑濺慂滺㴓𤃉㶏漗
eq	quick	洋津挲泮湋潾澥溿洚潷洠湕潿浶浦涌湃渾漣滭澕澤漽
er	quick	活治河減洞洽浩洛滄沿浴沾溶淌渦沼漪潞澹沽洄浯涪涸洁澔溏淍泇洳湉洺呇渃硰沰洉漚浻泃瀯滘湱渹渽碆泀涒涫泂渮涺滒涻湁冶咨凋凔滴潔闊减浛𤀺濸𤀽𤅟濶渏沯𣽊
es	quick	污湧滂渤洘氻澇汸泑涄沔泐洰淓洿泖匯鄧勸汚𣵛泎
et	quick	溫盜濫泣澄盪溢泄澧灩漭灃溘盓瀘湓洴濜汧溰濭洫渀浢瀊灆汫渰淪蒞濞泋涖𣸹溋𣸭㳑
eu	quick	流況港洗泡沉沈淘淹湘沌溉氾澆洸湄浣沅滬汕濬汜灠浥浼涗澠洈洎渻淝漞滉滵湚涴淈淣灀沋淲沇毲涀灚瀙泏浘湸池冼泧涵淚滄瀋觀灩况𣳈滛𣻼𣸰𤀹𣿰𣷣𣸱𣻻㵌灧潖泪滰
ev	quick	浪派婆滾濃汝漲渴淒湛娑裟滖澴瀼汒瀴渨洝泧漊瀁浽溒瀤灢妝沔姿流凄淹渝裝潑餈艱瀛浱𤂑㳖涹
ew	quick	油酒溜潘瀾洒瀋澢沺淄浀涷灡渵濇滀湢凍湅滷醬灑𣺋𣶻㵽㵢畓
ex	quick	濟瀟滔潚淊㳫
ey	quick	海淤汴泝灖洀添溺滃漏潝瀚渄
f	quick	火小
fa	quick	嘗糟熾燴熠糬粕粨糌熸焟𣆤𣆥𤇢𦒉𤏸焻焝
fb	quick	常精糊幣炳肖脊糯烯熇熵焨燸膋煸燆帣熁爚熥烠煟煓燏糲焆糈烳糒燤炴煐顃𤎜焫𤉶㷍焩焴㷌
fc	quick	類煩賞烘糞纇爌熐烡鎣熉熿熼燲顲顃頖熾興黌炽𤊄燫𤋺𤓎𧹍𤎽
fd	quick	榮米燦爍燥棠煤籽燊粿煠炑灺煣焞爃糅熂烰煉煒學𡦃𣏦㮡秌炧烌㶿𤊕檾𤒇
fe	quick	爆叛燬糠糭煖粄燮滎焌煆熳燰敥敝煅糉𤊥炦
ff	quick	黨炎燃糕粽煉鶯鱉縈燻熒燎焱鶺禜熛煍燋爣絭爊燚鷩爛燝炋爎㷧駦𤒈𤑛鮝𥼚
fg	quick	堂煙耀煌雀瑩糧燿灶塋熞炷粈爅烶粴煄觠烓煃烇爟炄拳粧塵糎𤍣𤑚燑𤎌𤾗烾𤍢焳熣糚𤓓
fh	quick	少粉炒券煬烿爩糝粅牚焍灱劣勞煽劵焬粆
fi	quick	螢燭炫灼糰糔爞糨炩燽爝燇蠽蟞糐炂籿燨燖粧嘗瑩賞燴爔飆𤑚飊烐𤋉糍籾煢
fj	quick	料輝粹焊烽煇燁焯煢粺焠籵籸燀熚粖炓燡粁燂煂㷨𤍤𤒹爗㒯煵𤉖㶥
fk	quick	尖敝煥敞糗糢燉粳煐燠敉炆炔燘炴粀焲獘煙煢數類烟夑糇烄
fl	quick	鄰炘郯粌常烯幣燸糯
fm	quick	粗煽烜焢烻烴煋糑炡烒灴翷爧炟灼煖當噹爛鱉鱟𤆥𤯵煊甞爏𥺼
fn	quick	判削彆炕烆甐瓽熪甇弮剡籺糋燈虩㶴𤆤炥劏
fo	quick	炊燧蹩豢熯尐烑欻焮烼烗米炳煩賞爧𥽋𤐶熌粎煫煶
fp	quick	斃熄憋焜燜熜麊燱烢熝秕焥灹熴焾粃㷓爖煾𥺃
fq	quick	半掌拳煒烊犖燐牶揱韏煡烽輝熚燁舉粦
fr	quick	營尚糖糙烙熔炯粘炤焙焗烔熗謍熰粡焓焀煔煻烚煘煰焐熵熹謄黏譽𤐵𤉸熺糦炣焅𤌚烱𥺦𥺂㷽𤉙煱
fs	quick	勞炸烤劣炬爔粔券劵𤏪勌
ft	quick	燈爐粒弊燼煜糮爁粣熅烅熆焺熤𤍈𤋊
fu	quick	光省燒卷炮眷瞥烷党粑亃氅熀焥虩炖齤爦覮罃鄨熩粍烍粯覢煝炾秈捲熗燉覺黨鱉焵煼鼈煷䙺籼𤈛𤆵熎𤊓𤏲
fv	quick	裳粼嫈煨爙褮籹嫳烺粻煁熡卷婁糧飬粮𤇼爉燶糂
fw	quick	當爛燔糷醟煪粞煉煏爤粬畑
fx	quick	焰熽爓迷逍遴熖𤑳
fy	quick	烸烞炵迷煽熾糑燼翷
g	quick	土士
ga	quick	增馨堵韾赭堷者珀耆珣階琩璯堦𤪻瑨
gb	quick	幫趙埔壩墉冉堉埥埇堶堣塉塴堋塙墑埽墆趫毊塥壖玥坱珮琄堝婿堧瑚瑞璃趟壻瑺㙟墧𢯎
gc	quick	賣填赤赫墳頡贅壙塤壝鋆鏧鏊赬趪顤埧趲趛塓贄堪壺琪頊瑣璜戴瓚壩㙉趩頳垻㙺
gd	quick	地垛埩趜埰堞壈趓趮堁圩垺槷垀堔塛趎埻孝栽珠珔琳琛瑋璅瑹璨璪㘾堢𤦸𡏭
ge	quick	報趣鼓圾坡殼穀榖堎赧轂縠墁瞉彀豰敼夌嗀赮埐埭觳漀皾鷇埱嗀阪玻球瑕瑗瑔璦瓊坂瑴皷𡐓埈𢿣糓
gf	quick	熱熬塢熹鰲坏壎埮縶堜鴶燾燅驁鷙墂騺趭鵱煮琮瑪璟壙珎𡓽𪇟塬琼𡐤㷫趂坟
gg	quick	臺堆埋墊圭垚埕堐趖堙堭垤埆堹墔趯墥鼞坴趡玨班珪理斑耋埵臷截墐瑾璀璡璐釐攤瓘𡐖瑝𡓨
gh	quick	場彭趁埸坋赻趀墋切劫珍珶勢塌瑏聲璱翹塲埗䞶
gi	quick	去執封塊壽寺蟄螫圴螯堸赨壔埶坶塼尌墫堍塒壿埒螜坽鼜劫者哉城玲埔栽球琺蛓載截瑰璃壇璣璕戴壙罈壜𡭄𡌺珏蟚坛𡊨坿㼆蠧
gj	quick	聲幸趕坪埠埤毐聱鼙墇墠垶赶鞤趠埣墿珥琿載璋璉璭𡎎垾墰圲埄𡎜𡌄
gk	quick	埃赦敖墩埂獒塽堠塻堧坱壧赽墽垘墺玟玫奊珚教琝塊瑙瑛瑍趙墳璞刼坆𡑒𡎘坺坟
gl	quick	坤郝圳圻赳墎垹邽邿鼘玠卻玲琊都瑯瑞幫却𨚫𡏆堺
gm	quick	均址域坦壢翹壇壺塌垣墟埵坻坵趐壼坯坩埡埏堽堩埴趄翿墐赹塕珊珝殼塢瑄瑪瑾螫趨驁塇𧰒
gn	quick	坑墘甏垿埁趔堬坅趍刲坲圪圢玎劫珩琍都殼瑜彀瑐璣鷇刦赺壳㓤
go	quick	走款坎堤塚垓壕趒欯歖瓡墣趧壉趑垗劫玖珧琢胾頊塤瑑瑣頡璇璣璞璩璲贅瓚壩塜埞
gp	quick	志懿恚坨愨慹塶坭坁塨垞老玟玳玼琨璁瓏壠慤埝憙垊堒㦤
gq	quick	摯摰墀坢垟埲摮垏犎埔琿載瑋璉璘擊墶
gr	quick	喜超吉嘉塔培趟垢塘坷嗇埼囍磬堝坫鼛嚭赯趌謦謷堿坰塎垌垥墡趏堌謺哉玷珂珈珞琯琦琚趑瑭璐䞦喆𡏾嚞𡌃坧趦
gs	quick	城勢劫坊垮坳圬劼堮壾塝赲墈考瑯却㘭
gt	quick	垃壹盍塭墱塏壚盩壏壴壣壒珊墟璶鹽塩塀
gu	quick	起境趨堯罄堀鼇亄圯圮瞽堳埢堈堄趬赩鼁垸垙坉覟赸覿垝墝圠鼀趉地老玩耄琉現琥越琬瑁睹瑤擊璿瓏𡉏埦坃㙈垍売嶅
gv	quick	越壞堪喪袁壤垠堰朅堨埌塿垵鼚琅裁瑯環瓖瓔珉𡒶𡤜
gw	quick	堛墦塯埬趥嗇瑙酨墻牆璫瓃瑠壋𡊰
gx	quick	壛埳逵達遠遨璾
gy	quick	赴卦坍坼鼕均琲塌塕趐遠翹翿
h	quick	竹
ha	quick	白簡香籍昏稽箔筍舶昝簪箸穭徇稓馫艚氆昋濌簎皛氌徻𥟠稭
hb	quick	師稱篇歸策帥稍稿肩稀魎篩箍帛犒魑艄篙魈穚稐篝筲篟皜犞篱籥箐稰幋犡簥艜鶳簼帠稨筩鼱簻犕黐艑舑帚禹秧偏徜喬遍幣籬徧篐箒𥡲䄲帋籂
hc	quick	與興質須顧贊積貿籲頹簧輿簾簣籟黌箕犢稹頎颶籅穔穨篊篢鼸鼰軉舼贕簀魌犋鶀頧馦穬顊簨稘籫秫顅篔鴥乎兵釆秉頫籯穥𥳁籄鍫魐鎜頟𩗗馪貭𦧺
hd	quick	學乎季朱牠徐築朵躲魅箏梨槃篠梟禾孵竽釆臬秝稞箘艀篨稛皪牸棨篥艅稌犉艓鵌箷稕稃馞筡箖秉秣秫徠條硃樂篪徽㹀棃𣘼躶𪆫栞犔竾𥣈秄条槩𤾚筂䲷
he	quick	後反般段復彼役毀泉黎殷穫艘稜笈皈籐馥叟稷颼簸黍舨毬籙殳灥鵔毇笯犦澩鸔徦鬾毈稄齂艭稯箙犌犪忁彶笝艐及沊鳳糠簆𢓭斅𥴠𥲑𣲛㴝叐𤛔馛穅籰艔
hf	quick	鳳系鳥秋烏鵝禦毯篤鵠纂熏黧鴟鶖鶹鴩綮鶣鵯鴭飉鷽穮鴔鱟鷌篻鵖鸒鴰衃魒簝扊穄鶞縏爨舄燢鵃鵅熧鸄鵚皫舕鷭穛鷑鷎鵳鴸鯬爂鵹篜徖鷮犥鶂鷍灸移稱鴆徽鞦繫犡鶴籣黴鴴毜炁𥡗䉀颷飈緜𥸎飃𤆬徱𥟡鵞𩿞𦧲
hg	quick	種凰程重往皇牡艇稚徨雇籬壬筐籮筌篁艟籉垕穜牷雒魋鵻壆籊鼮秷筳稑觷衄篞籦篧筀簊籗垼艎犝觕生戌秈垂甡徠筧犒稱稿箠𡈼𡒊𡉼箣
hh	quick	第身物秘秒釁穆穢颺篸笫笏馝稊舠篎飋牻颬牬飂颩秭穇秎鼢穋簜乒牝利皂秀的扇筇甥稈筋舅徹稷翩衝勳篛翱艙徽翻彻緜笌𨈘
hi	quick	的我得風等特待射鬼私丟凡符籌舟么魏魄卵簿禹夙箋篡筏衊篾舷螽穖舲彾牳睾魕艤篿笭璺彸皭皒蛗蝵鼭彴艬蚕籛皊斶瓥鸃牣颾箹簙穱瓝斥氐乓戍成囪忝扇移筑麼翱穢犡犧魑黴黐蠶籮囱舦耨䑺舩𥳀𩴾𥯆𥫩艥秢𦦵衂螌
hj	quick	科千拜釋秤卑竿魁聳筑篷鼾阜夆戽簞稗皋篳稈秣簟衈箤籜簳皁艂鞶毧轝犐鼲皞箄簰斞筸并朱律笄舁移笨毽罪銜睾魅辭韆𢕔幵皐臯皡皥秆䇯篺軃𣁽稺䅿辠𩲭𢔛
hk	quick	笑徵微啟奧臭徹牧夭筱徽筷簇戾皎黴秧囪筊篌徼魃鰴簢鼤笅鴃囟鼷徶敿犑徯鼵皦箯瞂鼥籔徾鼣氁鼳簆鷻失奐衍風筍筑敵軀犢囱笋𥱥𠘰飇𩡗齅敫筃𥰡
hl	quick	所節印郵鼻卿斤秉御卯邸鄔卬种舺卹郜酇箅鄎舯鄱鄋篽邾鄅鄡郈篰郫笻鄮郋笚鬿籪郳筇卵邦邥帛彿邱帥師喬稀種斲簫斵䘏𨛘魀𠒒邗
hm	quick	生翻笨租徑甜牲扇征垂籤翩筠笙翱竺箝牴甡氐筵稙舋箜箠彽魖徂艖笉魊秠秪舡笁篛齇笪鼪篲簂稢簅牼犆丘冬戌血烏舐徘鳥扉暨箋靠鴆皞箹篤篞鴟篾鵝鵠簽衊𦤎𥰁𥳾翺𦩒䇛𤚗𥮳籖
hn	quick	行利制術劉衛衝移街剩航衡箭彿刮几衍銜躬衙剁衢齀鳧衖笒劄甈鼽筣簃瓾箾笐劓籯鳦衚籈甃衎甀劗衕笰衒箌甂颲刊夙囪禿幾筑箏颳籮凢刋秔筕𧗠𧗤衞䘕衏𠒣𠜎𧗽衠籝𠠬𧗾𢖍箣毺
ho	quick	從失八簽欣徒瓜乏秩爪徙徠稼篆臾簌彳歟籇篋徥瓞筴筮簐艨歍歃箂簁籧歋艞筄笊穟篴箛臮箑躗久兆飛眾貿須質頹穖簣魎贊籟魕衆𦩂𦩑飜笟篏颴
hp	quick	怎德息乖穩愁乘悉氏籠穗懲皂舵憩舔鴕慫稔忝慇愆舐牝秅皉秕馜篦颸乇徿簏秖秜秺笢笓毸犤匆屔箋憊懇憇怣𠤣𦨮笩𪈳籭惣㦛𢜛舭悤惩
hq	quick	舉牛律筆肇徉犁掣犍毽篫徫甪犩牪搫舽揫稦徲拜篳釋釁𢔓徤犂𦤑穉𥣡𦘦擧𥯤衅犇
hr	quick	和各管告向答船后喬譽舌筒躺吞黏颱皓軀徊咎徜艙稠簷牯齁徛箇磐箴颳笳笞笘笥礜鼯犄箬簬筥牿扃譥簭牾鼩舸笤筘筈颭犗讆扂秮徟筶鼫秸笴笸稒笱箈礐毰嚳簉筎後啟犒稿篙犞氈嚮穡簥毡簵䫿䭲穃𠿟秴䅮秱䇹䈑𤘘鼦舚
hs	quick	動房秀戶犧筋彷勳舅乍徬粵舫甥軂艣劮籩筰篣秬笮勂牞舴舿艕竻勫簩卯印成卵迎邸勉郜務郳郵笻鄡篽邊酇簕筯䘏劤
ht	quick	算血扁升盤籃艦笠盥艋皚皏筭艗舁篕艫籚簋簠笄簦盉馧鵿笲甜箝製鼻篇篌籥䅬笧𥵃笹
hu	quick	看自覺先兒毛島範箱稅盾爬循兜禿笆扈皖舢艉筧秏兟艏卮峊嵇篪虒眚鷈毳徭瓟笎癿笵箵艒篹篘筅犓皝臲箎颮覣穊舥秈毨馣鼶嶴犅齆覛犈戺笣筦穘嶨儿匕冘危免牠岳既胤耽筆亂覜鼠皚魆擔艙龜犣艦籠𠒇𢔰𥝲嵆旣𣭚爮𤾂箢躭鶃𠒑𤙥䭯䚀牦𠒎篼巵笔徺戹
hv	quick	很委製鼠裊鼴簑簍魍穠扆犣齉筤齃艛媻稂齈穰嬃魆忀褩媝躽笀農筵馣馤躼鼹籑
hw	quick	留番笛鼬釉籣籀籓穡皤舳秞徆簹艡牰飀毢稫備犧䉪艢畠
hx	quick	稻簫臼穧艩臿迎返近迭迫追逅造透逢逶遍遑遁遞遛邀邊
hy	quick	靠冬斥徘扉箊鼨篚馡舟忝扇處舔遞遛翩篛翱翻𥮴𤘪
i	quick	戈廣
ia	quick	昶庴禬廥廜詣詢褚諸諧諳譜黁麘
ib	quick	席庸朗廟甫膺凊禰禴禘禸廗禲肩扁訥禍腐誦誚誧請諦謂謫譎𥛣
ic	quick	資廣麻廉貳祺禎麒朮鏖凎禛廎賡顑禶黂禷貵顣貣廙儐謙瀆識龔讚𥜝凟禩𥜥貟
id	quick	床祂凜糜凈麋祼廩庥穈楶庨栥粢禖秶祩麜麇枲朮柒凍訏訑涂麻溧誅誄槳諄課諍謀諜謎凓麕凃祙㮾
ie	quick	度求永康慶廢冰凌廈祿廄皴廋麚黀庋庱庪禐祲祋設發詖漿髮諼氷禝𪊴祾㪐
if	quick	為鷹熊戚馮庶鳶鷓廌鴘鴾縻炱麃禡爢鵏凞廡禚鶶絫緳鶊鷛涼詼諒談諫譙凉𤒼𤇍烕𩾷𪈠𪇵𠘑祢麖
ig	quick	社座塵庭准庄凐麈塺禋凗庢廛隿塱廱觱壯凋莊準詮誆誑廑慶誰壘壟垐𤨣禥𥚃𡏅
ih	quick	參廖祕戊庬尨庌禓扇訝診溧諺謬𠖳凑𢒋㣑冴
ii	quick	麼魔冷府飆禱廚戍麝廕祛尃廆戔庤祔禨蠯螷礿螚我底戕戾為討將瓷訟詅詩謝議𠗟広𤦂凇弌
ij	quick	庫禪戎庳祽麛廦軬禈禫計訐訊許評譁譚聾凓禆麞𪋟
ik	quick	救廠矣犬敷祆犮祅廒麌猋祓冹禊叉戎決庚戾狀啟訣湊發義誤慶獎諷謨謳議讀凑决义啓䄄𠗫
il	quick	神郎州祈廊廓廝祁邰鄺臧祌鄘郕鄜鄬凘祄郙庍沖所訓衝冲廍
im	quick	或式底祖祉戌彧祗祤冱禢禤麠麆廑戔扇訌証詛詆貳馮試鳶廣誼誕應謅謹證靡鷓讓讖鷹叁弍𪊟弌弎𠗊甙
in	quick	序廁划瓷冽麂瓵庈剫劘剆剼訂訖剷劃禠諭譏剗凴𠙖
io	quick	之次凝腐庚欸蹙庾庹禔欴祧祑禭庂廞庣庲禒永求貳該資禎誣認諛賡禨
ip	quick	能應感態廳惑憑鹿龐祇怠恣庇弋忒慼庛麤怷慦庀麀廲禗廘託訛詫誌論龍叅
iq	quick	摩祥麟牟庠犘禕廨廯甫庫庸詳肇諢譯冸𠘚
ir	quick	台店唐磨禍祐凋禧祠冶咸咨祜麔冾祫凔祒祏凅禂麙祰啟減詞詁詔訶詒詰話詬詻臺語誥調諮諾譆譫鹹譴礱减启譍麐麢禟䄎㓈𥛶麿𪊲
is	quick	成祚礽祊戶是郙訪廊詐詎鄬誇誠臧誘謗鄺廍
it	quick	禮盛戒盞廬弁庰祴盚廅扁盜誡講謐𠗠凒
iu	quick	視尤祝允廂庵麾祀庖冼麑祹毿麍禠祪庉戉況祂記訕扈廄詘詭說廡謊謠禮譊讜况祱礼𥙑廐麅
iv	quick	良威姿裘凄禳廔戉麎祳祣餈廮尤妝庵裝諉謁諶謊麍襲装飡禃
iw	quick	福凍畚庮廇廧廟醬
ix	quick	麡述迨諂遮𪗆
iy	quick	靡訃祤扉訴詡誨誹禢禤讒
j	quick	十
ja	quick	者宿暫耆窨兡𣇸
jb	quick	輪朝輔胡輛宵竊寓轎巿宥帘輤寎輎軜麶窉輣輲市軮窩簾鬍𡩋寗㝢麫轜
jc	quick	真實賽寶戴額賓穴顛竇寅賁寘頞鏨賨窴鑋寊轒軹頍輁顁協寳𩓐賫賷
jd	quick	字未案宇宋孝栽寐寨麴窠榦孛橐穻窏檕轃寀轏轢輮櫜輠窱槧窙轈寱孷末耒事來韓𥧌𠏉
je	quick	支寂寢寇輟寑嘏寖鼖輘輹漦毄軗麥輒輙𨌘䆲
jf	quick	寫宗察索繫煮寮窯鴣騫鴳鶦鵓鶘鶱窵寪鷒鶈鳷轑鷏鵷輬鶟鶾鶷鸋災窮鶴䴐灾烖竂𪃾𪃭鵼
jg	quick	室塞截釐塹窒窪輊墼耋窐軠漥輇軴雗臷輕兣
jh	quick	穿寡寥宓軫剺轇穴究協勃軌勀窈翅兝翰竊輰窃攰麨
ji	quick	轉專博守宏麥寬蜜蠹戟軔戭蛓輚攳麮蟿蟗軓穸轛軵轙螒軨朮求甫協者剋突冤栽耘寓窗載截耨戴螫寶竊𡧛宝尅甎𨍭軚寃
jj	quick	車南幹輯載軒轟辜宰斡廾窣轋窲軯轚兙兛軿輦𨐒
jk	quick	教較故突窗寞丈竅轍吏宎輳軑軮軷穾窔窫夫夾契軔救軟實敷賣獻竇献輭
jl	quick	都麵斬宦輀窷郣宧窌郪鄟邦帘審竄轎
jm	quick	直空士輕宜宣翅翰軾矗窿翥翸轣窢軧彗寒鴣騫𨌺翝轊
jn	quick	事究輸乾寧穹窮割軌剋剜宄穵窬軡剸麧宁剚軶冗麥窗磚宂卂寕𡨴甎𥦬
jo	quick	家定軟窕軼蹔窆蹇窳歕麩窾寙疐宨疌窊輆寲胾轐寔寁軱斄丈穴賁輛頰賽額顛
jp	quick	老它惠憲宅寵轆輥窸軝惌轗悹慚慧輪悳窻恵愙慙
jq	quick	擊韓牢甯犛轔搴麰丰挈載輔
jr	quick	容客害古官寄宮窩哉轄豁窘窖宕寤軻寣輅謇宭輖磛輍軩軺耇輑輷軥耜轎耈䴴䡱
js	quick	考協勃窄窈宬寯勀宦寡麵麪𥥆攰麫
jt	quick	卉轤寍轀麷轞軿卅阱耕輪䀄穽𨋢
ju	quick	完七克密宛窟窺輒兢軋軛輓耄窅軏宒麭軞氂窇寋竁輗窋罊輴窀軘竀輐軦覾屯灶剋耗兞規睹寬窯憲竄寵䡝宪窰竃竈㟻覩
jv	quick	安裁妻囊宴輾寰竄轅宸褰窶輞轘嫠輵轕寠七直衷軟喪農兢輸𡜦𨍥矗𨍽
jw	quick	富審宙軸輻輜酨轠轓輶轖窗麴麵麯𡧳
jx	quick	窞連邃轁
jy	quick	寒輈斗翅翥翰翸
k	quick	大乂
ka	quick	旭奢瘖猖獪奭癐痻旮瘏暫豬獵猪癎𤺧
kb	quick	有希帶痛病布猜獅脅狷冇癟猾獼瘠瘸肴痟癘猢癇痭獢癵猏瘺狶獮痡痏獝猵尳獳央育嗧輔輛𤟠猬
kc	quick	賀頰痲癲狽獺癩獷疻癪瘨頄獚痶狖辦鏨𧶘䫑癀獱
kd	quick	存架猙痳痚狳猱猓獉痵東棄殺痲𤢂
ke	quick	友殺獲疲瘦疫痠癈瘕猣攲玃狻瘢獶獀癜獌敧獿瘝猳殽輟轟猨
kf	quick	奈灰駕療狄鳩痰獠鵟猻狋鵪鴐瘰鷞綔鵸鷯疢鴮瘭鵊獯瘵獡獂鵗鸑夾鴦鬱尞癳猄癧
kg	quick	在雄狂狸奎癱痊尪玀獞狴癰痤獾疰瘞狃狅痽尰輊塹瘽壟癯癦瘇
kh	quick	疹瘍痧瘳痝犽獩猀狡狷猥癆犲
ki	quick	太獨套瘋丸奪痔狩猼痋瘣猦尥瘙狑厹尤犬疣軔辦獷癘轉玀𠕇痃
kj	quick	癖瘴痺瘁猝奲獐犴癉狨耷猈悍軒獄輯猂
kk	quick	爽獄疾猴狡癥瘓爻猰瘼玁獙瘊瘯癓瘈獥丈狹軑教較奩瘋輳獮轍獻𤠣𤜥㹴獏
kl	quick	郁尬痹狎疥癤郩玂獑狆郗狾郟夼奫奅布希狒帶斬痺轎鬱郄𤶸
km	quick	左症猩狙痙弒瘧疽疸翃狚瘥狉癃疘瘽疳狿狟狌戫直猶軾鳩輕駕鴦獫鵪瘂癧
kn	quick	九剎夷疙狒痢獰刈痍瘉犰猁瘌奓疔猘刳瓻剞犺疿痑痸犵存軌猙輸療玀卂
ko	quick	癡狐夾狹疚獗瘐欷瓠疺瘃狣瘚欹猭痎閷獛獫瘲狽病軟賀軼瘸獺癩癲獴
kp	quick	癮癒疵痣瘜疪勰悐疕瘛狫瘱猑疧狔態輪輥龍癟㥣㤲癔
kq	quick	癬痒獬羍車牽痛轔癢
kr	quick	加奇狗右痴痞瘡瘩痾痂訄狺痼痐狪猞痌痁哿猗狜痀奩狤猧獊瘔痯瘑痦癚軻轄癡疴㚚猄狢
ks	quick	力夸夯癆劦痄郗癤疞
kt	quick	猛奔瘟尷痘盔狦疶夾盎嗧痺癟痹𤷪
ku	quick	犯癌疤奄疝馗匏尢痷虓狁峱疣毠獟獍猇毻猊猺凶充兇軋狘皰軏軛猶輒輓瘡獵癙疱
kv	quick	狼狠痕獵癢猿猥袈痿獦癙癭狘獽猲獧奿姭奄痷輞輾轅瘬癑癏瘻
kw	quick	奮猶瘤癗軸輜貓輻猫𤞏𡘊
kx	quick	癠迦逖逛遼邊𡚒
ky	quick	疼瘀痱痗犿翃逖逛瘝瘺遼頭
l	quick	中
la	quick	書帕幟褚褶帾衵蜡螬襘蟙袙裮蛨蝫襫蠩袹蝔蚎間臨舊蠟蝽𧒄甴
lb	quick	補背鬧蝴巾蝙蠣蜻蛹衲蝟蠕褊冑裐蚋襦牖胄蚺帩蜎褵褙蛸褯螖裲螄螪蜅蟜襉袡褅蝺襋蛃蜦蠵螭蝑螮肖帥師腎閒禍蝸蝧牗襔𢅺蠄蟎
lc	quick	費貴順冀鬨幀蟘螟牘頫蜞襶蠊襩幘幩蟤幊蠀蠙袕襭幁蝢螾蟦幎蝜蟥賮蚓祺幟賢螉闐鑒𢅳褀
ld	quick	蝶裸蛛蜍牒褓蝣蜉蠑衪蠂螓袾蚞褋蜾袸蝚蟝衧幧襙蜠棐裍袘蜳蟂褬閑闈褳𩇫襍螩
le	quick	被版複蝦幔蝮襮蝬蠼沊衼裰裬蝃蛷褑蝂蚾蚑蝯蟃帔衱襏蠖蜬理祿隸𧎚隶鼗
lf	quick	螞螺襟鴦鴆螈蟡蟔幜蟭蟟幠鷫朄鷜褾蟅螐螵裧牒緊闌䗩
lg	quick	裡蛙蛀幢蜓螳蝗帷蛭幄裎衽蟶螲蜼蜌蠷蠸蝩蠗帖社堅蛟閏幌蛾閨墮螼袵袿𧜶蝰𧊲蠘𢃇
lh	quick	初暢衫蜴蚜裼蟉袗襂虭蟛衯幓蝪蚡蛖曳祕蛉閉蛭蛹蛻翡蜩蟀蟆螻蟧帉𣈱𢄪
li	quick	蟲虫蟻帆襪蛾蚣蠋褥袪襁蜚衩蛉蟳袨幭幬蚹襺幮襑襼虳帴蠾蚿蟣蛶蜙牋蠛螝襡凡禸鬥閎幗閩閥蟈禱觸蠣襯㻗螆𧖣鬪蠘蟵𧒆
lj	quick	牌輩褲蜂蟑蟬蟀蚌蝌蚪裨襌蜱幛虷蝻幝蟫襗蠌褌褳聿蛞聞蜿蜻蝆褔禪闡襪袜
lk	quick	數央史蚊袂斐袱蜈蟆蛟褉蛂襖蛜襒裀蝡奜鬫蜧蚥帗蝧幙螑蚗袚螏螇祆蛄閔蜆蟑闋牘蟻蠣袄幞
ll	quick	片申川串螂蜥蚓虯蝒邶蚚螹鄁衶鄪蜵蚧裫幯邥蝍襣祁祈鬥蚵袖肅郵閘蜷鬧蟹蠕邮鬭蟖牐
lm	quick	畫虹晝袒翡蚯幗蛆蜒袓韭褟蟈蝖袛蚳蜮襢蟺蚽蚐蛵蚶螼蠮襳螉袀卅非閂祖祗鴆螞鴦歸闖襠襝襪蠛鷴𧝁𧘲甴
ln	quick	劃鬥弗衿虼褕牏刜蚢蝓剕蛦蝏蜊虰蛚虮帄蚙几片門閌褫㠶
lo	quick	蠍兆蠔蠓蛺衭蜁帙蝭幪襚褷蟓蝝褖蛈蜨蚇蛌蚨襆裌褆袟幏襝襐以史長看袂閃衲帳幀費貴順閡幘褐賢蝎褲闕蟣幞歗蜨襥
lp	quick	北悲忠蛇患曳蟋衹襬螅袉褦虴幰螰蚍蟪蚔蟌襱蠬襹悶牕蚭䘆
lq	quick	聿幃蛘袢羋袶蛑褘蝆襻牉蚌祥蛹蜂補牖輩褲褳蠏𠤖𧞅襷
lr	quick	裕帖裙蝸蜘蟾蚵蛤蛔裾褡蛁蚼帢蛄袽蟢蛞袧袷螗蛅袺襜蜛袼裯牊袑幨蜩螛褣蛣祐問禍閣閤閭禧闊蟜蟮螥𧙗
ls	quick	螃蚱牓蟧甹蚴蚷袎祁邶祚郵裉螂鬩𧘌袴袵𧞄
lt	quick	盡蜢盎蠱蟒蛢盅襤螘蠦裋蝹帡褞衋監蝙褊豎禮闔襣幈裇
lu	quick	帽袍蠅襯蛻幌胤蜿鬩蜷褫裞蟯蜆蚖蝐蚆裗鬮褼螔覜蜣儿帊蝷帨裷蚘蛫蜺衴冘蜪裺蚝蝞艴氀帎蚅襓也兒祀虯祝猶視電閱蠔蠟覽兠𢃼虬靟𧐢
lv	quick	帳蠟褪褐裴裱婁蝎褸螻婓蜋蜲虻螁餥蠰蝛蠳裖裉蛝蠉襛蝘褗蜄裗裺蝓褕蠍禳䙛
lw	quick	由幅袖蝠褔襠幡蟠蛐蚰襴蝤蝀丳蠝蟷
lx	quick	肅蠐幍蠨蜭迪逃逮遣遺閻牐
ly	quick	非褂蚸裶蝳逃補翡遣蝦螉褟蠮虾袇补
m	quick	一厂工廠
ma	quick	百豬晉曆醋厝珀殉酯珣皕磳琩朁璔瑎殙碏霫醏璯晋瑉𤦊醩磵瑃瑨𤩎䃈碈𤤿晉䂿瓸
mb	quick	再瑞霸厲丙璃砸珮霄霈硝瑚礪豨瑀碥硼脣玥璊醐磞碖琄礄瓗瓋醹殢璚醨酳珃襾礝碻鬵碲琋醑珛磭碃酺瓀兩雨殃鬲舑瑛雵爾需碤鬧霙𤨡𤦍覇𩃥霱鬴㻞磮瑺𤦎䨝𤪲𤦭㻚䣺䝎
mc	quick	頭願項碩頂碰頁貢琪頑頸礦賈瑣碘璜磺殯頇瓚殞贗琠瑱霬殰頊礗珼顠礩銎磧厧豏磌礥殥珙礸磏豶璸霣霟璵西亞資隕碪鬨𤥂顬𧵔𧶏璌𥖏𨫣磒硔𤦹㻩𨨖
md	quick	碟殊厚于珠霖琳栗醇酥酵臻粟璨琛礫硃醚瑮瑧琤櫫磲孬霂雽玗酏珔瓅厤酴瑹璅碅矷琈磉磔璪硢碀磼殍醾碄醂硱栥秶粢楶瑋酷霞琹𩂯𤪤㺭㻧㻌𤦸㻡瑈臶𤨪酑
me	quick	球破夏覆憂酸玻瓊霞碌瑕汞泵歿豭琡璦瑗醱靉靆砅酘醁豉碬砓砐瑔夒瓁琭殔醊碫醙砯鬷殏反函取雨致敢廈厦瓈㻐𤫑瑖𩅍𤦫𤤯㻖𤧶霡
mf	quick	不原票示碼烈瑪焉碳鴉礁琮鵡璟鸝醺醮燹琰鳽鴷鷊鴈鮤鷅瓙烎鴯礤鶝醼鸍磥鵛醥鳿豲磩礯鷢鴀殦黶鳱鷣滅舕磴麗嚴羈𣎴珎瑓𤨧𤪌𩄍祘覊𪆒璙琼𤫇䲮鸘䲰𤩦𥗕𤪧𤧐鵐鵄
mg	quick	理至王確型班壓雅雁斑霍霆璀霾厘珪醛碓霪雃堊珽硅玨酲磪靃醀瓘臸璡确礭珵砫垔厔壬玊玫厜堙瑚碌硾酹銎瑾磋殣噩璐厓䃘𩆜𤧻璂瑝礶覼𤨩㻇𥕛硂𤣰甅
mh	quick	形珍牙砂瑟砌殤酚殄璆瑒雰玢雺霦珌鬺砑璱醪玡硥厖碭歾珶磣厂磟砏厊耏彯覅瑏功玟勁炮砭砠雪琳琥硯瑞碘酪零瑭碩酴碪廠璀翮勵壓殮璦磯霧𤪱厨彲𤨤珳𤦈磘厪瓰
mi	quick	雲磁玉零耐殘飄魂醜玲瑰融云瓦辱歹磚蠶酌矽磯酹璽蜃魘璣礡砝玹砪玓琺戛玊砡蛩虺琖瑼礒瑵霨酎戩硹礣蟨霐蠠釂砱磈硪珴蝁醆霵璕磠不丟玨砥蚕瓷酬甄厲廚璃霉鞏翮壓還醞礙麗蠆礦礪礬玜厨𩃭𩆜珏磗礴㺨𤩺酧𥐯𠀾㼆㻿𥖁碍珐𤧹醻𤧥𤤴矾
mj	quick	平醉干碎霹璋碑鞏硨砰璉琿覃矸殫珥鞷磾醰酐玤磹玕玶璭厙璻礔玝醳豍厗耳西幵瓩玨拜研砝砥乾豜琛雲酢幹電榦瑪璿殲靂琗琕㻫𤪼𤣳琸砞琒㻼𤩧𩆨酙瓧
mk	quick	天更政硬敢爾攻致厭玫雯瑛殃玟酗攷霰霙琝璥覈礅豯奀珓耎雵玦礹瓛碤釅磢霺珚璷敔磝殠殀璈瑍礉磎丈考炮殂砲戛瑁瑙硿敵緻璞霜瓊飄厫𤨨𤥿䣭礮𥐰𤪖䤆醻𤩸𤧞碶䃟
ml	quick	而面需邪丌酬靨玠邢砷瑯鄢郅斫珅琊鬲亓玔邧鄑鄏鄄酈郖郠鄠奡邳鄾邛厴邗邘郚珋邴砎玾酃霩井州尬車玲珮砸瑞雹瑰廝麵霽卭厮𩅰𩂋㺿𤦋𤥶𤩐
mm	quick	工三正二五武靈歷亞雪醒互靂歪殖亟瑄磋殲甦瑾殭碴丕酉酣亙砥殛厎殂砵靋瑳翮硿硜翲碔珇厜砠矼玵殌硾巠礓殣豇瑆雸珝玒醝珊面酌甜殘碰瑪碼鴉霏殮鵡嚴鷹鹼釅鸝砼𤦩㠭歴珷𦒘𤫩亘𠁆𤦌碹𩃀畺厪
mn	quick	到列琴刊副丁瑜刑甄剽琍玎珩亍酊矻瓨砩劂剄刓霠剢硎豟霒琌瑐碠砨丐瓦夷刮哥鬥瓷廁颳璣磯廳厠𤧟𤥀𤤌玪𤦷矴霛𤩑𥐥㻳𤤖𤪥
mo	quick	兩歌砍巫礙礎璞仄瓢璇玖厥琢碇璩豕殮跫琁醍砭礞璲硤殎珧覂霥雿醵砆豥歅豗豩瑽珿瑑醭豵豖丈夫丙夷次雨頁貢頂項資賈頑頊歃瑣碩碣殞璣磧磯躉顧贗瓚靈靄𤤳𤪦𤨢𤴓𤦧𨀂䨏琜𤥵玞𤨎琔𥖄瑅硋璴𠪴硺酜蹷礆
mp	quick	死惡恐麗琨瓏琵愿憨璁忑砒酡砣玳醷靇麉玼矺玭恧釃忝玟恣舐殘舔憑憩龐願珯𤦏璤𢦀𢟍𤥴珉𢢭磇龎𤦬𢘫𩂈𤤗𤫟慐𤪳𤨾硓
mq	quick	瑋甭磷璘揅珒硉琫肂珜拜厙硨琿確璉㹕𤩥𤪕𤧣㼀砽㧬
mr	quick	可否哥石露酷吾碧唇琦磊珈噩殆酪珂酮璐碉硐玷琱珞砧霑醣琣琚瑢酩砢硞珺瑲醅瑭殕霅醽酤琯瑊玿硌硈霘磍碕醧厬碢珨珆砳酟珸礂碚磄霝磿酠琀舌吞咨鬲鹼𤨦磓碱𥕥𤨥磰𩂰𥕝𤥁𤪔珦𩃤𤦺𤩅𠻸䣳醎覉
ms	quick	功巧勵勁霧丐磅琇万雱雩酢砟醡磡丏臹厏砌郖動鄄瑯虧麵酈珕磱𤤁𥗠霶𠡳勡𤩂𤧭珹
mt	quick	研弄豆盃珊磕醞豜磴盂醴醯砬醢豱幵殈殪醓璶殟礛璒磑瓂醠霯豷玴盜開尷瑥𥑬𤧸雴瓐𤧅㻂𤣿
mu	quick	電現玩元配砲碗霜璿琉瑤厄硫琶霓兀琬靦琥醃兀雹硯豝旡珗豌黿瑁酖厒矹殗磽覝巰礵醄覡珫虣瑂硊殑卼碙玸殧霿磃珖酕屯死函酗廂廄無畫豟亂礎瓏𤦤玧无𤤀𨠄珤瑶覼𥜆𤦻𤦔𥕜玘𤩊琷硄両𠀡厢砈𧢝酰霃酼磘瓱𤪻瓲覔
mv	quick	要環震耍裂辰釀霎靄琅碾餮瓔饜碣霮硭瓖硠霢碪碨豤醲嬮硍匚霋姴姿琉硫殖殗瑯瑜電巰瑰醃餈𥘅𠩐孁𩂱瓌𤧷珢𤥃
mw	quick	西雷瑙璠瓃璫硒霤礑礧磻礌琉畫靨瑠瑇㼄碯𤪺靁画
mx	quick	霽璾迂臿迺逗逐逕逼遷還邇邐璛瑫
my	quick	下雨霉霏琲厞砃珘碡玬迂忝迺珝逼翮翲㺪釄𩂓珻酶䃺
n	quick	弓乙
na	quick	階魯陌鰭鯧鰆鮨鱠鰼觰鰽陼鱨矠旭迫陽暘馹廹孴
nb	quick	隨隔彌隅胥孺隋鮪隬鬻鯖鰗陃鱊弸鱎魶鯆鮹陏鰝弰脀鱱陯鰅鰤觿鯞甬陋陰飾魴餚騙驪鱺𨺲鯿𡦖鯩随鱅
nc	quick	小預負隕夤鯕隤鰿彉鍪頲鰜顄鱮隒鐆頠費駟𡥼彍孭鱝
nd	quick	子除柔穌孕弛桀鰈孖鰷鯙鱳鮢鮇觻鮽鱢阤鰇陎鯚檃楘陱孓朵爭陳馳𨹦氹朶陁
ne	quick	發及函陵阪鰻鰥陂氶陬夃觩觼彏魬敻鯪癹鰒弢觙觨鯫鱍鯄飯馭皺錄駿餿弢𩹨𢎽陖氹𩵼鰕䰻鱇
nf	quick	魚際孫煞燄隙鴛鯨灸鷸鰍騖鶩隰鰾鶸鶔弶鯀駌鳵孮烝騭鰶鮛觾鵵尕鳩爾彌鯧瀰驃騾尔㷇隖鱻鰊
ng	quick	角陸廷墮墜丑鯉隍陞鮭陛墬隉觟鰹隀鱹堥鰉鯥隊陲飪塵駐醜雛鯀鱷𢌥陻
nh	quick	陽矛觴陟魛鯓鮅魦魵乃九少朵勇勉弱務隄預𨹥鰺
ni	quick	多強附蛋觸陰蟹弦夕兔弘虱鰣蝨触鱒鱘鱄鮒蜑隗魼瓕螴鱴蟊戤弣蝥魡阹戣毚丸叉孤弱隅蝕餓駙魷璽騷强𢏐𣫮魿䚗
nj	quick	陣彈障鰱弭斛阡鱆陴彃阠觶鞪建張餌璽鮃𨸶鱏鱓
nk	quick	又癸孜鮫奐鯁鰬隩敶魰鯸觖隞陾尖陝陜敢買飫馱餃駁駛敻彌驅觼贖矦廴𩸭䰻
nl	quick	引鄧鯽弔鼐觫魻鄈陑郔酁觓鮞弗邵疏階鄒隔馴孺驕𡖖𨺬疎
nm	quick	弱延隆阻丞疆鱈陲孑彊陘阯魽隡魱魟阺觝鱣魾鱋隓鰨翗觛弤孲弳十卄丑卅亟芻馬蛋魚險餞鴛騖鶸驗鷥鷸鱴鰯䱛鮏𨸹
nn	quick	了予凳粥矜弼隃魧阬劖劀陊阣甔多爭剄飢鼐暸瞭餼饑㣃鰂鯏刴
no	quick	隊象孩久飛承險孤欠豫疋隧弧陡陝孓隄陜鱌鱖鱁鯷觚鯠鮡陔欿鮂又負陋張頂飲隕預頸駭餽鰥驟𡘓𠄘癶𨺗𨼪
np	quick	急隱怨陀鯰隴恿鯤鮀鰓魠隳鱺愻魤阰駝餛𩼰麁
nq	quick	解建降鮮鱗甬舛觲鰎丮角阱陣彃鄰鰱驛觧隣
nr	quick	名阿夠陪詹鱷鯛鱔鰫鮕彄陭阽矞鯃魺鮯觡鮈謽鮦鱵鯦鰔鮐鮚鮥鮶弨觭殆迴飼飴餉駒館駱騎叾廻㢠鮎𢌡䱽𩺬鮰
ns	quick	務防勇乃勉觔鰳阞陓鮓阼魴勁飭鄰騁勐𧤤𨺳鰐勇
nt	quick	登孟盈阱隘鱸鱧盄隑孻餅駢彝盌隥𩶘鯭鰛
nu	quick	色院免危龜乙孔疏陶阮鮑魷孢阨阭魨巹眢鮠阢嶞觥鯇夗鮸觬氄瞀鱙鯢觤弝鰩隢郺鮿鮵鱦弛函陸飩飽凳隴饒驍𨻙𩸆阸
nv	quick	張限陋飧妴婺隇彋隈鰋鱞鯜延疏隃餒㜈𡛺鮟婱鱲隁娿
nw	quick	陳鰡鯔鱕迪迺餾廼廸鰌𨻧乪鮋鰊
nx	quick	陷卍鱐鱭隮迅通逸遜餡邂䧟
ny	quick	外陫鯡迅弱斛翗遜鰨饞鮗
o	quick	人入
oa	quick	會智伯借儲僧倡佰偕偆儈僭侚傮偺韽龤僣偣矰氜𠐔僴偖
ob	quick	內備偏偶佈倫佩僑飾儒倆倩俏禽矯傭舖俑餚氰脩餬侑佾餔氝傋俙偊仴偝僩傰龠倗偳僪偁伂佒侖偀儷傐㒖侢俌偦帒傦
oc	quick	價供兵領貨傾貪俱偵償債貸饋頷儐賃頜饌僎僨儥僓顩伿傔仈饙儹僋倛饡傎偩鎥倎氣氬顬顦𠍿𠇲龥僙𩓥
od	quick	他氣保條集仔餘休傑余侏俘偞罅餑龢橆栠偨僳僝饓柋餼氧偉傚夥儉𠎀𠍇榘籴㐵倮佅
oe	quick	假雙隻優俊飯傻侵饅氯餿伎伋傣俅僈敆餕餟复儤矱俶倰瀪僾汆夎敘復僅複叙敍儍傁仮
of	quick	你無係伙繁焦鶴偽僚鴿黛傌氮儻焂佘儰鴒煲鵂鷦絛伓儦傺烋倧鶬儵傶鵀鯈儑倷尒僬鴙鳹偢鵨缹餤鷡儽倓鸙傿僄傃僸倞家氣氬𠐟僞尓𪄴餻鰵𠎧𠏵䳡㷛
og	quick	全任住佳坐堡催罐仕飪儸僱雉隹僮矬儺俚侄讎俇倠饈佺僿儓雂傕雓偅糴雔侳偓侹餭偟雥伕忥偽倕僅饉𡌅𠓾
oh	quick	入份修傷氛乒伢儩饖飶佖僇餳仇仍气氖翎雋飽閤僵館餞餽𠊠𢒑𠆫伩俤㑳𦉘氱
oi	quick	每傳令付儀俄傅餓伐侍伶蝕俯傀饑餞仞乓饞伝儔餽偑俬佉伀俴伭倯偫僔儳戧餺代伏低侈侮偽偶翎會禽氳儈劍樽償罈蠢罇𠑥𠐓㺸㺱僟罎𦉡㑀
oj	quick	什午斜傘仟餌僻倖俾隼罈倬偮倅仵鞗僆傇佴傽僤餫伻体健缽華飩缾飼蝕劍樖聳儼儎飦俥餸
ok	quick	使做便候缺敏伊傲侯伏敘仗矢斂餃攸儼佼俟倏儆倣偀儌傒氤傚飫偰傸饃餱俁餪餀敜佒矨伕俠倉氣傴僕餉儀饒饑劔仸伩餸饊㩿
ol	quick	命介仰邱伸仲卸郃氘价侕伄餗矧鄶鄦氚偭氕氠伒鄃飹鄇佛伶佈佩氟個偳飾僑價鄰餓儒儕矯𠈄𠇁邻个
om	quick	但值低仁僅企伍缸体丘佐僵氫翎仝缽俎翕俓氬倵饉仩倥仨傞韱伾儃翛傝倕仜饘儮俳僉儉儅餞鴒儜鴿叢鶴儼體俹亼佂𠊙𠊿伹𠎷
on	quick	們今例倒停佛創劍偷舒側仇佇飢乞俐俞侈劊氟仃伉剉气儜侀儚倳仡餰仱刉瓴侇侺飣劁甒仉佤氣億憑饑凭䬷伃𠍅𠍆
oo	quick	像似肉俠飲傢促僕儉歛氦伕佚肏傱佻倢歙欱偍歈伬儊佽餯饛僉儗僛餩侅跾仗使倆倀家缺偵從眾貨貪偈貸債傾賃領頜頷餽饑倈𠎵𡦈罀儫𠉵𠈌俽从
op	quick	您代化念愈億悠佬憊恁儷佗傯餛仳怹龕伈偲矲僽儢忥佌飥悆侂僁儱倱侘怤屔他侖怎倫崙慫餞𠊞僡慜𢜔伲𠏋偬恷
oq	quick	年件拿舞偉伴健氧佯佣俸僯侔牮犨俑備傭舖搻罉
or	quick	個知信何合舍館含售佔倚倍俗估侶佑倉倘伺飼佮佫伽倌侷偌餉飴佶倜倨佸侗啎佪傴僖傖樖侞佝俉餂饎俖佁餇傛儋饇缿仇捨僑閤膳矯讎舘讐僐餹佋偘饍佲侰
os	quick	作仍仿矩傍雋佢氖飭僗俜侉仂乍卸氛務鄶儁㑺隽𠋀働𠉛俲
ot	quick	位短儘餅盒併侖氳饐偋饁伳弇餖盦罏缾侐倫偏𥂝倴僼
ou	quick	仙飽倦岳饒俺倪毓岱侃僥傜倔覦飩俛优僦缶佡僊儭伔侻屳嵞氪氙伅俋仚僶毹俔偗峹佹侁傂倇俷他倉傖優儠儻𠋥𥅽罁侊𠇔𧈛㑳
ov	quick	依食袋儂矮餵偎偈餒偃佞氨倭俵衾倀佷僂偯饟偠侲俍餧儠侒偡餲儇儴姇俀侃佻俞倦值俺毓侫𠍾兪
ow	quick	儡餾畬佃儅偪酓氥偤畣僠價㑤
ox	quick	儕餡偛迄迕途進逾饀
oy	quick	侮仆氡俳侜佟佧每迄迕翎途翕傝翛僕饞𠉴
p	quick	心七匕
pa	quick	怕惜皆旨旬憎愔憯慴恂慒惛恉曶𢡠懀惽
pb	quick	情怖悄惰懦慵惴匍憍悀惼悁悕憪愲憡慲憰惀怲愶怏憜
pc	quick	懶慣頓慎憤穎頃潁怵憒愩惍慏懭懻慊怬熲貰顈懫真貳顛懼眞𩓙頴惧
pd	quick	也悸慄悖愾懍惇懆憟悃悇惏恘惸惈粊匊橤惵怵憿𢙨𢛵㦡
pe	quick	慢皺慷愎惙忮懮怓悛惾愋戄愯忣懪懾懓
pf	quick	恢憬憔愫鴝憭鴇慓憮愀駂炰鶛鵴怀悰惊惔戃繠鶵驚𪃸慽
pg	quick	怪懂懼惟惶雛憧忸慳恮悜悝懽墯恇慛坒雊觺慬𢣷𢤦
ph	quick	必切慘勿惕悌忉愓毖憉怭憀劬慟恊惨慯
pi	quick	愧勾恃怯忖忪勺怜慅憳懱懤惤慱勻匆式怵匍悔夠憐懷忛𢞁乸
pj	quick	悼悍悴憚悻懾怦懌忤慞愅憛忏惲匉畢肄懺㦀㦊
pk	quick	快匆憫懊匈懨怏恔憿悷恟慀慔慡忕忷愜惱誤悞忟愌匁
pl	quick	慚鄒忡悚忻郇邲愐斪村怖怫惴懦邨
pm	quick	性恆懺勻怔惺怛慬悾怚愃慖怌勺忸恒鴇鴝翹懱
pn	quick	愉惻刎刨乜懰怫勼懧匑忔恀忴恞夠愾憶够𢖯𢖾悧
po	quick	疑愜怢憸懞恌惿欨忺懅懥匆快悵頃愒款頓慣憤潁穎懶惞欵
pp	quick	比憶忽憾惚怩憓忯惢惃恅悿怋匆斃怱𢞴憁𢣁懚㦙
pq	quick	憐懈肄甮怑匍慵懌愇
pr	quick	句怡悟恰恬惆愴惦恫恪怙怐恛訇慥憺怊恄悺慪怗愘匒悎惝恦𢚘𢘜憘㤧
ps	quick	愣慟愕怍劬怮勩勓乜協恊
pt	quick	世恤愷慍恲悈憕懢
pu	quick	包悅慨慌恍屯忱惋芻懵悒怳怉惓匋忳憢悗憴忨覕愮毞憱匎匈危怴堯惱愴愷憂憮𢜟愰
pv	quick	懷忙恨惘悵悽愒袃懩悢懁愖怴懹愝慺愄匎慌懐恾
pw	quick	惱甸匐怞慉恓愊
px	quick	懠慆迆迣
py	quick	悔悱忭勻翹𢘛
q	quick	手
qa	quick	指春拍替措摺揩晢搢擼抇揝摍耤搘摿撦𢵧𢰦揞
qb	quick	青搞掃捕摘捐攜揣擒揹捅捎拺耦搆掄掤掅掮搰撟搹揙擩抪搠搚抈撾揥揟摛掯擿撱抩撊耩抰幫帮㩦𢬢㧜鬹抦
qc	quick	責損擴撰拱扒擷攢摃捵撗搷擯摜掑銴搛掽頛捇撌摟贅賛鋬
qd	quick	靜操採探拖秦掙揉捆掬扡捰搽耒栔捈摷搮擛揲扜拵挬搡擽捊槼攗耔揓抹掃捭梊揀據攆攔搸𢰧㩞㨃靝
qe	quick	投技援授擾撥搬泰披搜扳撮攫掇擭扱捸掫耰捄洯捘摋拔麥報攝𢸶耯摱𢹸揼掕
qf	quick	素擦撫掠揀揪撩捺摀摽掞纛摭撚攥抔焎摞攃摵鳺搣搎攩撝絜鶄拻捩紮熬熱燾攔鷔𪂹熭𢱢㩒紥𢴒
qg	quick	推擁握撞挺扭攤挫摧挂捱拴拄擢撋搉挃捔攉拰揰捚揘攡觢捏捶搆墊攞擡㨩揑擓抂
qh	quick	揚抄扮拐摻摥摎捗抮耖扔拋拗耡撈撐擄𩇕挱靝挮
qi	quick	找持毒蠢搏耘搔耨拇拎攙蜇摶擣捋抾蛪拊抎撙擉攭扚扠撠撏拔抵拆捕執專掖捩韌壽摑撲撫耦擒撾蟄擴擺襬寿捬𢴇𢺳扨抅
qj	quick	掉擇揮攝抹摔抖捍丰抨揖輦捀攆扦擗扞撢捙捭捽撣搟挕摙摓揇拼毒摒撻聱豐撶𢳂擀
qk	quick	換奏摸拔契撒撤挨撇抉揍擻揆捩撽掖扙擏挭捑抆擫挍扷撖抰擙揳挾敖摳撲撻扨
ql	quick	折邦抑撕挪押擲揶擤抻揤邞擳挋摲郬鄻扴拂抽拎掃插揣郼撟擠挷
qm	quick	控扯抵擅拯捏拭彗扛搓捶搧摑挳挻抯攕搨掗拑搦掝揎揯毒掃排掽擋撿擔攔𢶣掋担揸㨁耝揑𢴈攊
qn	quick	打抗挖拂抒捌捫擰揄揃扢捯拶扲揨攍拸掙靜𢵧揦
qo	quick	提據抓夫挑擬捷撿捉扶撲掀挾踅靛撅扻攓摦抸撳摐掟擨掾抶扒抉責揭損摜摯麩擷齧拟㨗𢲛𢱑
qp	quick	慧批擺托攏撼拽捻挓扺摠抿摁摝攄惷揌攦恝掍掭悊憃抳攇掄拕
qq	quick	奉撐捧掰拌撻挈掱搿揵摨井捕捅揮摯輦擁擇攆𢲡攑
qr	quick	招擔括哲搭搶捨扣誓拾抬拘拓擱搪摳拈搥拮据撂捂掂撘砉搳挶耞挏挌硩耛掊捁掎耜揈捃搞摘據撾攜
qs	quick	拒拋拷撈扔拗擄搾挎耡耪勣拹耟扐摴搒抑拐揶勢撐擲鄻携㩗护拃抝抛
qt	quick	拉拼耕拚抴摒搵撜搕搤揜攎掄擤豐韞掹揾𢭃挵㩜擝
qu	quick	把規抱搖耗捲掩扎挽拙攪掏掘搗攬扼耙撓靚挹撬摡抭齧靘扤搊扰扥抌捥捖抁挩扽摬抏搋挸㨘摫掜揗抗晃搶輓撫擾擺擸攏攛艷鼇豔撯靗㧥𢭪㨪捤
qv	quick	表接按振揭摟攘揕揠挀拫掁搌擖擃捼擸揋攛攖攁攌攐耬攮挼擐裚嫢挔掩攍㛃𢸍㨁捿
qw	quick	播抽描擋攔擂搐揂揊揀攟
qx	quick	插擠掐舂搯逝韜
qy	quick	排掛拆扑挴抃攠拇毒搦搨搧撲攙
r	quick	口
ra	quick	唱踏啪嚐嗜嚕躇喈嘈蹧喑蹭暋噌噲噆蹜踖喒咰噾躤踳唶𠴲啫㕷
rb	quick	嘴唷吊嘲吶喘哨啼蹄啃踹蹦哺唏嗝喟蹛踽蹣嘀咂踊嚅噙嚆蹁蹻喁嘺踚蹐肙啢咘嗍嗃嗋蹢踃呥躎噊喎囑𠺶𡁻
rc	quick	只員嘛嚇噴叭蹟跡哄趴噸嘖嗔嗩唄顎踫哧巽嘳嚝躦躓囋噀踑嗊嘪蹞嗿嚬蹎呬嚽唭嗛蹪哂咪祗隻啞𠯿唫𡃤䪸躀
rd	quick	味呆呼咪踩噪躁嗓咻蹂踝吁哮喋跺啍囌蹀啋吇嗏嘄踍喍跦趶唋喿躒踘咮哱啶嘛啉哋槑吔𠼝嚤𨀤嗪㗎踭嘑哚
re	quick	吸唆吱跛噯啜嗖踱啵嗄呶嚘嚄唚踜躩嘬躞蹳敯趿嚗踙踆喥跂躨嚃踧詠跋嘆嘜嘰歎囁躡咏嚟𠼦𠱁𠵿叚
rf	quick	嗎嗚嘿鳴嘸鷺啾鵑嚥嗦噤嘹鴞啖嚓鶚嗉吥喣嘌嘁鷤蹠嘕鷕吙噅踿罵嚎躡噍駡踪鴖𤏩喺𡁵噝呩嗻𠼮
rg	quick	喔雖哇囉唯哩吐躍呈躪踵蹚啀嚜喤喱嚾踓噰跓嗺躣吜跧跬唑咥唃躔囃嚁跮踛唾跆嘴蹦蹟蹕蹺躊躚𠰍噻𠼻𡁶嚡
rh	quick	呀吵踢吻吩叨踼唦嘐咇喭噦踄跈哤另叻勛跑跡跤跦踟蹄踴踹蹋蹤蹲蹺𠻝嘭嘞嗰㗳𠴕
ri	quick	戰哦喲吋踐嘎蹲嚼嘰嗤躊咐囑吆囈躅呣戢囀呤躕呔噂跗哷呿嚵噣跱趵嗕吰囆蹡噚吠吱哺哭唳跋喁嗨嗲嘜噙導雖𠸖𨆼嚒𠯫𠽤嚋啲嗞呍𧿹嘠蟁唥
rj	quick	單啤喃嗶嘩啐躡囁嗥踤蹕吘嘾啈蹥呯嘝咠咡嘽嗹啅噿哻斝踔味呠趴趺趼葉跺踡踞躅躂𠯢叶𡂴嘷𨅯𠹶唞唓噼
rk	quick	唉嚴吳哭獸咬哎喚喉噢吠跤咽跋嗅咿哽喫嗷蹊唳噉呅嗾噭趹躈敃吷嗼噳哅嘔嘆跼噗蹂蹼躍躓㖡咲𠸍吚
rl	quick	叫哪嘟呻鄙嘶叩呷唧躑郢啷啣听鄂斲鄲鄖喌吤哳郘喕鄵鄳吊串啼喘嗝嘯蹄踹嚅躋聽卾𠵴嚊㖄噺𠱸吲吖喐
rm	quick	噓喧唾啞嗡蹋呸趾蹉咀咁喳嗟叼嘓唌呠咺嚦呁蹅跙躖呾呧嘒咚趵啡喲跚嗎嗚鳴罵踫踐鵑鷺𠵌咗踁噏𠼭㗲𨃩
rn	quick	別吃咧喇咦吟喻叮咒哼吭嚀唰哆嗲踰咈咑嘜唎刡跢劋跠趷唬嗚號嘰囈㖗嘢吖
ro	quick	足跳吹跌嘆蹤咳呱啄喙嚎噱呎噗嗽噬蹶嚏蹼趺噘唻啶咷啑哫唊踀躆跿踶噞噷踕唗蹝叭吶咦員唄喝嗊嘖噴嘰噶蹣顎曚躓囓𠸝嘥𠺢呋踨
rp	quick	呢民嗯唸噁嚨跎噫跩叱吒愍咾呲踗躘蹗吪呡跜跐跽踐咤𠳓吡𠰺躧喼𠻹㖭咜㗾𠹌
rq	quick	吽咩哞噠躂哖唪跘喡躌蹸哺嗶嘴嘩踴蹕𨀞𤰉嚤嗱𠸎𠾴噒
rr	quick	路啊哈呵器品啥嘻喊呂咖囂唔咕嘔喀嗆跆踮咯嗣踞唅咭喏嗐跏蹌啁喎踟嗒呴哠嘂唁跼跖踦跲哃跍嚚跕呫踣咍咶碞嘀響𠱷啝𠵎嗬噡𡀔𠴱响啱唂㗊踎𠺝嗰𠶧𠴨㗳跔啹
rs	quick	另距呦踴跨勛嗙咋嘮呺叻咢叩號嘟鄲勳躑号𠮨𠰠𠲸嘞𠳔
rt	quick	啦噎蹬跚嗑嚧哢啽呏嗌跇嗢跰趼嚍嚂异異噓撅𠯢呭哣𠵼
ru	quick	吧號兄跑咱唬吼呃蹺跪𡃁咆巳嗈咄吮邑蹴黽囓啕吨嚙唵喨嘵嘧踡躚唴踂跁喦鼉唈啒氉嗂睯唲跣噈踠嵒嚫咒嗆跳嘸噸嚨齧囈躐躥唍㕰𠳿呪嗁嘅啳蹏
rv	quick	跟喝喂嘍嚷噶饕嚶踉囔噥蹍躟躥囅啿踒辴唼喓噮躐哸踸踥哏唵喻踰喩𠹵喰喴𠯆𠲖𠵱㗒𠺘䟴
rw	quick	喵噹哂蹓躝蹯跴唒踾噃
rx	quick	蹈嘯躋喢啗嚌嚪蹖逞遐選嚿㗖
ry	quick	啡嗨咚踇唹跅逞嗡嚇蹋吓咔啩㗒
s	quick	尸
sa	quick	職習層屠騽馹鬙鬊驓鬠鬐䮖䰇
sb	quick	騙臂驕屑鬍腎屌臀匝帚匾髯鬅翯鬗鬌聃駽幦驈髾驨屩凸屬驪䮎属
sc	quick	賢翼匹咫鑒騏鬚頤鬢驥匱駟贀屄顳聵鬒顟賾頵屭驞鋻頨鬑屎負巽肆職𢁉䦉贒鍳䰎𩧉頣屓鬂
sd	quick	馳屎孱檗髹糪騥屘屧騍驏棸匜驧駼尋髢𦏸驜
se	quick	取殿尿駿履屐毆馭鬘騄駸髲翪騪敺騣騢馺翍髮錄聶鑷騡鬉
sf	quick	馬緊熙鷗耿熨鬃騾驃鸐繄鷚鶠繴騵焣鷿屪鶌驫鳲鶋翵焄翞驠鵋鵘鷵鴄黳鳭燛鷖镽靈𤍥灵騌㞠驣𦖠䮽
sg	quick	聖屆堅屋壁駐匯匡翟騅壂驩駩驖駤髽雡朢騜匷聃驕𠥔埾𤩹𩣱
sh	quick	刀劈驂翂翏髳鬄髟鬖駜匢駗駹力尹羽劻騙勠䭻髿
si	quick	屬尋鬆騷尉聆刃戳璧戮駖駙颿耾騩螶蜸瑿飁馰免兔層導甌螱𤩱駄𩢤
sj	quick	耳翠聶驛辟驊驒騿騂駥駻匰翴驆聑屖騲驔駬髶馯駍髼翬屏群肆闢鬔䮓䮗属䯀𦑩聛
sk	quick	改髮駛駁尹馱騃騤翭駃鬕騱翇駰駮驐駇镺聧區駥聯醫驅𦐐騻馼駚䭾
sl	quick	那耶聊臣匠匣邵馴郡卲郾馽鄹斸鄝臩臦聏駷翀邔鄩郰尹㊣屌聆臍驕䣝𠁨馸
sm	quick	羽刁翳驙驉聝羾髬聇聬騸聜騹駓駔帚匪恥屝晝習衛醫鷗鷚驗𡲥耻耼𩣪
sn	quick	刷尻甌耹匭耵聹聤騚匟鬎剭鬋刵甓鬁彿剝髡瘌劇髠髴𦖭騟匬刟劚
so	quick	驗聚歐尺臥驟駭躄屣騋翨騠毉镻騛駣翐翜匱頤匳𨃨聢
sp	quick	聽忍尼屁聰忌恥慰屍駝驪騬慝髭馲驄憵騉民驗𩥝𦏵聡𢛶騐䮾騦䰄聦
sq	quick	群肆犀擘掔羼驎騝犚驆驊驛擥羣
sr	quick	區局司騎居君臨驅召譬匿駱駒聒髻叵屙騇髺騆駋駘髫駶聸聐匼騧駧硻騞駉翑加跼驕𩤅䮐䛐匲
ss	quick	巨聘騁劭髣聈駏劻力凹凸臣勠騯
st	quick	聯監屏鹽豎驢屜羿翌駢翋匴馵异駴盬匾異騂騙屉竪𩦝𦐒𩥈
su	quick	已己尾覽屈凹耽驍髦鬈髡駪駾耴兕騊騶髱毦髧翫镼覗毣驦馻鼊匹免屆屍馳鬣覧𨛦𩯕巵聣
sv	quick	長展娶屢驤鬟屨褽騕嫛褧匽鬣騴鬞襞嬖鬤騔妀媐翣駺婜
sw	quick	醫騮屇髷駎屆届
sx	quick	驌迢遲避駵
sy	quick	匪屝騑羽臥習盡儘聬翳騸𩬅卧
t	quick	廿
ta	quick	著普藉暮曹昔薯荀薈藷菖蓍蓿萫藸蘵鞜萶萻蕌𦴥萡𦻖蕳𧅥𦮂
tb	quick	期萬幕菁蒂葡朔蒲萌鞘葫藕芮蒨蕎萹蓆蒿苒薾茦莆黹芾菺蕅蒱羺蘛蕑薃薖蓇蕀薷蒴黼蓪苪萭蔏冓菕蕱莦藡蓨莃蒚蘥莔蘬鞙蔕英帶萵鞅蔭邁芇蔳𦽴蒒蓢萠𦱀朞鞴
tc	quick	其並共黃典兼蘋蒹鑿顢顴萁菳蕻頩韇蕆薕藬藾蕷蕡顜蘱蓂薠藚薋萯羵蕦蕢蔩藇甚恭麻業寶蘇囌𨮝蔴蒖葓蓥
td	quick	業某葉藥蘇茶菜菊菌芋孽藻鞠茱荼荐蓁葆棻孳菻茠蘜蕖槊蘗莩檠荸菋鞣蒤蘪蓧芓葇鞢葹蔾蔝鞂莯蒢果荂麻萊葳榮螢蕥蘋蘭孶荣棊糳糵荢菓𦹂蔴䔧蘖藁𧂈蘂鞟𦳑蒣𦷰𦳀䔉萘
te	quick	藤叢菱蔓葭菠菡蔻夔蕞靸藜芨萲菽蔎藑菔蔆蘉菉菆薐蕔薣芟羖蔱蒑蔋羧蕸葰菣莍葮藙苃芰鞁羕蓌蕧韄羻皵葠蒰荾莈薆獲䓩䕕𧄦蓤䔖𡖂𧃍䕫𧁒蘐葲
tf	quick	薦驚蔡燕薰煎蒸蕉驀羔蒜蕪荻鵲蔗蔫鞦蓀萩鶼蘸爇鸛鯗鶧蔦虆鷋鴱綦鷁芣羰鷨鶜鶿蔂藀韅鸏蔒蕬鷰蔈蘩菼蕠蕮蒍藨鷬韉羱藄薸蘌蒝苂蓔蘤蘻苶鷷萰鵧熒縈蘭𪅐䔝𦶣蘨韀鴹虅𪆴𪃳𩤯䔳藮萘
tg	quick	難基莊鞋羞塑墓董蘿藺荃荏荎薙茬蘺藿蕫蓷蕹薶蘳茌藋萑芏蘲葟蕥莛茥雚薹黈蘣雈莥蓶蒮莝虇羌塋菙摹蓳蕤藦蘁𦻓𦻗𦸀𦯀鞺
th	quick	芬剪莎茂蕩芽茅蓼蔘芴苾黺菞薚蕛羒莏蒶芀虋薉荔荏勒勘莠翔募勤蓊鞣勸蘿𦹮羏羗苐茘䔋䓪尠𦯷蓚
ti	quick	對義藝尊蔣薄茲繭蔚蔭芸蒐蔑苓羚葯戡芍蕁葑苻芃蒔苺菘莪蕓茷蘶蛬蠲菟蟴蠆薱丼薵茧蒪蓺薅苰刱菂蒬蓻鞃蓐芄蠤芶蟼薎藱鞿靮蕺蓾蓴蕶飌羌芣瓶莓莆甦韌萬夢瑩甍羲螢邁藕藥蘇蘊蘿𦻒莹羗𦍑𦶥莬䕃蔃剙兹靱䓎𦵑𦲂䔿靭𧕴
tj	quick	華草蓮革萍蓬薛卅萃斟茉莘葷茸芊苹薜蕈鞞蓽羢蘀萳靬葺莗藫茙茿斢輂蕇靺蓒斠萆葞蔊羋苯蘋韃鑿𦱾䕜莑䒠䕪鞾𧅵鞸䓬
tk	quick	美英莫散敬艾鞭薇茵葵蔽羹葔奠猷藪茯鞅芵荍蒺黻藈蘞芺蓛藢蔜蔟菝葖蒛芠薂薁茭芛茇芙茿莢獲薾穫關藑韃鞇𦾡𧃸敟莜𦱿𡙡𦻔䓴𦴤葜
tl	quick	斯鄭薪芹芥靳邯鄴茆蘄鄸郱薌酄鄞酀荋蔀鄿蓹菥鄚斮薡茞蔪靷鄯鞹斳鄀苓羚節蒂幕養蕭藏薺繭䒢𦶦䓅𦳃茚茝𣂷𣂼𦰡𦺄䔮茽䣐
tm	quick	差翔薩甘芷萱莖堇薑酋蓊苯蕤菫靼韁翦苤蓳荺羥虀芢葅蔧萓蒫羶羝茳葒馘蘙虃荁蒻蒩靻菙苴菧薤菹莚藶鞚蔮蔖芍並苧韭羞菲靮業葯蔑薟藥鵲蘭驀鶯鸛𦮳苼蕋䖅韮𦭒苷茋韈
tn	quick	前夢瓶莉荊芎芩荇苧薊葥薴蘅蒯芞荑蘮茀莿芧藅藭藰葶甍羛茤艼苀菛艽靲靪羜茢薽萷羠剒蕍荶菿萴羭薡藝𦭑萮𦶢葕𦸇剳
to	quick	歡歉欺蒙萊羨芝歎芙蕨羡莢茨芡萸苡萣蔌蓰菰薟莁歁荴苵苬藃羷藂躠躉藗荄蓗莰蓯鞮蔙蓫蘧菮萐蓏臡羑薿英萇葛鞅羯矇藹鞿𦬨𦮖𧄌鞉𦴧苽𦲽
tp	quick	花慕恭慈惹蔥蕙蕊芯靴葾恙薏懟菾荖苠薨懃蘢茈戁蕄藯荵惎藣蘟薧藘愬苨莣蔍葸蓖蒠憼芅菎芘菍𦲁𦴪慈𦹲芪葱䓤𦻕𦽳蒽藼𦿞𧄉
tq	quick	羊擎葦韃摹蘚荈蕣蕼鞬藆靽拲菶薢蒘薘藦葎羋莆華葷葡犖蒲蓮蓽𦺙𦭵𦎾荦
tr	quick	若落苦善警蒼菩荷蓉苛茹苟茍蓓菇莒苔茄茗菅蘑茼萵茩諅葀茖茴蕗蘦萿苕蘁葴鞊藲苫莙荅鞫蓎鞳菏蒟蓲菪鞀薝菬蒧藞鞈虈葋莕鞝羬碁蒿蕎營薔𦴩䕒𦶡𦹄苢𦬅𦹷𦹃虂鞛䓀萔𦸒𦿟䓫䓟𦴦菭𦲀𦴨萜䒷
ts	quick	藏芳勒勸勤募勘羲萼莠荔葄苣勱荂蒡苭莮菃葧莇靿苲葃荿莋艿葝蓩葂茆剪勞業鄞鄯蕂蘍艻蕚芦
tt	quick	益藍蓋井蘊葬并荳蘆莽蒞豊菈卌鞥蘴萛荓薀藎葐鞡苙靾蓱豐豔𦭓𦾟葢莅葊𦼦䓝蒀𧄧𦲷萾𧂯盖莾蘯
tu	quick	觀首巷荒芭苑范萄靶茁藐蔬莞苞韆葩菀虌羌蕘茪覲芫苜芼蔇菴覯瞢葙菢莧蓅萺莐蔨萒莌氋鞄鞔蕝薍齹羦芑艵芚蔰藽蔤茺芤萉靰菤腆著蒼範蕪艷豔苮萖𦬓𦹅𨠫着𦬊蒓葿𦶤蒭覥
tv	quick	甚養農葛茫芒羯艱姜萎藹鞍葳蓑葚萋荽葽蔞鞨莨茛蘘葌蒗菵葨蕵蘾荌薳蘹鞻蒎菨薞藒蔉鞎萇蒆蘡世荒菴蓅蔬薑蔅𦶠𦮗䔽𦷪䕑𦶧𧁓𦸅
tw	quick	曲蘭苗蓄蕾蕃蔔茜薔藩菑莤蔯苖蕕菗菄蘠蒏羳葍藟酋葘
tx	quick	舊蕭萏薺送逆迸道遂遘遭遵邁蓞鞱
ty	quick	菲菸莓苳蘼芐蔠恭翔斟蓊蒻慕翦蘙𦷫𦲸䒟
u	quick	山
ua	quick	峋嶍嶆嶒嶜崏岶𡾡𡼏
ub	quick	崩崙嵩峭嶠峟嵽嵎崹崤崝雟巋巂峬岟耑崘𡶺巁嵴
uc	quick	嶺嶼巔顗崟顓岤嵿巑崸顄𡸷
ud	quick	嶸崢崞嶪嵲糱櫱嵥崺孽孼嶫
ue	quick	峻岐崚岌岥岋嵕函岅凾
uf	quick	崇祟炭嵨嶚嶕嶋㟲
ug	quick	崔崖峚嶊峌糶嶉巏崲嵀𡺉峑
uh	quick	匕嵃嵺岈嵾岉崵岰嶗嵗
ui	quick	幽嵐峙巍峨崧蚩颽嵬嵹巉嶈岭屻崶巇嶯嵫嶬嶟蠥巀歲嶺峩𡺤岺嶎
uj	quick	峰岸嶂崒崋輋嶧嵙崥嶭峷峯㟸辥
uk	quick	凶巖嶽獃岆岟巘敳峽崗嵐嶇巗嶶𡽪𣁋
ul	quick	嶄岬峏酆屮耑酅岕岓嶠顓
um	quick	峘崆嵯嵼岯岨嶼巋𡸜
un	quick	凱岑屹剴峛峓剬剻岒崳崱嵉岪崢劌嵛
uo	quick	峽崁嵌嶔崍豳嶮嶡歂嵷崼嶷崨峐顓巔㠙𡷑
up	quick	崑崽岷嵊岮峔巃鬯崐㞾
uq	quick	嶙嵂嶰峰崋嶧𡺨
ur	quick	岩崎嶇峈峒峆峇嵅峪嵢峉嵣嵱崮巆岧岢岵峿岣峮崌嵩𡶐
us	quick	嶀岠峸岝嶗岰嶲崿屴凹芳岞𡷫
ut	quick	豐豈豔岦岍嶝瓩兙兛兞兝崙兡嗧糎兣
uu	quick	出兇崗艷艸崛嵋覬峗芔峴岏峞茻崦屺屾屼嶢屹豈巃齣𡷹
uv	quick	崴峖峎崀嶱嵁嶁嶩崣嵑巕崦
uw	quick	岫嶓崷崰崠嵧崬
ux	quick	導
uy	quick	嶵峂
v	quick	女
va	quick	響婚縮織緒繪絢娼縉繒緡曫媋媎絔嬂㛥姰𡢃
vb	quick	編納婦娟綿嬌締綸繃婿帑絹嫦嫡縞媾綪綃嬬姵妠纗嬭絺媩緉婧姷媏縃繘帤媦嫞繑繻孈嫷婂媥姌縭縎姎紻媧嫻嫺嚮姉媠綳𡠹婨𡤃𡢠㛓𡠪𡛦娋媂𡝭
vc	quick	續績嫌繽鑾媜縝娸嬪嬾嫇縯纊纈纘繢縑嫹縜嬇婰嬚織嫲㜥𡤐嫃𨫥𨥬𡣑㛝𡤧娂銺綨㜺
vd	quick	好她樂妹媒巢彙欒嫻槳綵姝綑孥嫭孿婐紆嬠縥姀絑繅媟絁縔繰綍媃綒嫀媬綧婇綝床練緯㛦牀緤緥縧嫲婅𡡣𡤄𡜻婙嬫䋴桇𡡢
ve	quick	級線綠緩奴漿妓嫂媛綴綾緞綬嫚縵婽絿嬡婌緮繌嫝緅纋綅婈彔繓孇娵紱緻變𦀩緵𡤕𡛻𡛀𡝯娽𡟺㛖
vf	quick	妳練媽絲綜災絮嫖鷥嫣鸞縹嫵嬿駑糸繚鴽嫄嫘婃鴢紑鶨嫽纁繺婛媯焋縲縤婒鶭鶅綡縓嫬縩嫊嫶緂綵𦇝𪆓𡤻𡢾㜣𡡡𡞫𡡅妚媡𢇃
vg	quick	維娃壯纏紐妞姪婬娌妊紸絰綎嬥纙紝纆雝嬯墏姾娾嬞緟絓娗絟媓妵繀絃絞絳娷媾絹綞纜姙婣𡠩媑𤕸繮纒𡤢㛵緾㛇𡠠絍
vh	quick	妙姊紛紗繆娣緲縿綈嫪紾緆絼妼婸娏妢奶幼努紂統紱絲絡絢鄉勦綞緙繃繅縴縵縯𡠨𡝱𡛧𡛁
vi	quick	將幾約蠻繼姆絃縛娥紜嬤戕紂纔紘紈妁蠡紉妘縳螿縟孎紶繜媷娹嫥媿姈蠿繈蠁妐嬦妶媸紨狀終紱線縭繪纊𡛕𡚸幺繧綫𡢅𡜐𡛼𡡤𡞰𦅛𥿢
vj	quick	奸縫綽緝絨嬋繹婢妺綷嬅妦嫜縺繟緙奷婩綼婥繂婻緷嫴媶娀紏縡婞縪妍紋純絊綰綜綴綸縑縴繒纖纔媈㛅𡞴㛁䊹㛔䋻姸
vk	quick	變收狀獎繳妖紋姻緻娛嫩嫉絞媄姣奘媺奱妏緶紻奊紎嬓嬽絪嫫縸紁緛繖姎緱孍紱綟娭綆絨嫗綾綱綺締縉縐繈嬭繚續𡘾𡟻媖𢑱𡟹𡢢𡢄𦆮緓媆𡞵𡛂𡞳㜜
vl	quick	斷鄉娜糾姬綁紳緬綀妡斨紃鄛紖娕紒妎凵絒媔妽爿帑姻紉紼嬌緘緞縞縲嬸繡繩婣嫏𡡒𡜼姫
vm	quick	經組紅姐姓纖妲爿嫋紺孅嬗妅娙繣婭媗娷綞緎絊綖姮嫿縒緪嬔姏姃繵丱妁妞姍約紐婦終絲媽緋線駑縐醬韁鷥㚱繮𡟸娬㜁𡝮縇嫤䊼𡟙㚰娫絚𦁈纎
vn	quick	彎婷剝姨剿弩紓妤妗娳姼媊媮紇糽紟劙紼嬣絎紵嬼緰姍䊵㜲𦅜妔奵
vo	quick	以緣縱嫁綻姚緹姒媞婕臠絯絩彖繸繉疀纀嫙縼縰嫨紩娖緁嬐絘婝姨納幾績媫𡟼𡝳𡣘𡢟婡嫰妷
vp	quick	總戀紙怒妮恕媳姥媲紕奼彘妣纚婖繶繐緦緄嫕嬨絏紽孋她忌您綸線姹嫓𡣺𡟯娡婫𥿡嬑𦁤姄
vq	quick	緯絆絳攣繲拏繨挐牂姅姩縴繗嬅縫縪繹𡡞媁𡛾𡤒𡢡嫾
vr	quick	如給結始絡紹姑嚮綺繕嬉綢繾緘婀媧綰轡姶嫗絇婄絽婟姤紿婼牄縋緺綹婍嫸姠縖牁娮姞婤妱嫟姁姡砮絧綌嫆姛絅姳婠妒嫡嬌縞牆繑𡣗㜍妸娪綗𡝗㜬𡜺婮妬
vs	quick	努幻奶妨幼妒紡勦娉姖姱嫮縍紛𡞲絝綉𦄡娍嫎妰㛢
vt	quick	妍姍紲彝絣姘縊盭縕嬁嬧媼媕纑盝綸編𡝰䋼𡟚𦂤𡟛彜繿
vu	quick	統絕純紀繞綱媚婉繩妃纜巒娓綣娩矕綩絀嬈絻孀縐姽邕紌婗媢媱姺縌媰緗娊絖綯婘奾綄妧紞她姚幽嫵𡜍䌫㛡𡝴㚪𡡀妉𡤅姯娧
vv	quick	網裝娘姦妝饗婊縷綏纓孃嬝嬛孌繯纕娠媴婑繷奻縗緀緌娞姲媮經娤𡟜孆𡢞𡛟㛄㜢㜳媙婾𡣖㜊𡢿婹𡞱
vw	quick	細牆醬嬸畿緇妯繙嬙紬緧甾媌嬏媹練𡤑孏孄㚼㜭
vx	quick	繡縚嫍巡𡣙
vy	quick	終緋巡姆嫋𡛨孊𡛓娒㚵
w	quick	田
wa	quick	署黯罾圕
wb	quick	胃圃囿圇羃囧罥圊圌禺㘣𤲟
wc	quick	四買異顆圓貫黷顒黰圚腮貫顋
wd	quick	果困囝櫐罦囷罧圞罺圍睏𡥘㝀
we	quick	畯畷罬畈斀畟敤
wf	quick	黑罵累鴨羈纍羆罘鷶黥羉鸀鷝鸓鸅圝䴉
wg	quick	羅里壘墨墅罣罹畦壨罿畽罜黫罡罷囯疃𪐴
wh	quick	囫黲畛罞毋男團黝嬲糰罸
wi	quick	團母蜀疇禺囹罻畤畎圃國夥罰罷默羅𤴆国罸
wj	quick	畢罩毋睪毌圉罼圛罱
wk	quick	因默畋斁畎奰毋黷
wl	quick	界甲畀甽毌由目畍曱
wm	quick	國置疊罡翾罝畇罭黚曰罪鴨羈㽣
wn	quick	野罰夥町黔囥罽黟疊㽙㽘𠝹㓻
wo	quick	眾囚罛歜圂欭貫圓顆
wp	quick	思罷恩愚毗毘罳黓囮罠慁圇
wq	quick	圍畔疄圃畢罼
wr	quick	點回略固畸黠圄詈礨罟羇黵圁迴圖畧
ws	quick	男黝嬲圀
wt	quick	黭圔曲畊
wu	quick	圈囤畹黜罍黤黖黕黦罨園园𤳙
wv	quick	園畏囡圜瞏黮甿褁圈置罨黤睘
ww	quick	圖畾罶國畕𦌵
wx	quick	迴遇遝還邏
wy	quick	罪罫母迴圖遝翾畮
x	quick	，。、；：？！「」『』（）｛｝〔〕【】《》〈〉︵︶︷︸︹︺︻︼︽︾︿﹀﹁﹂﹃﹄
xa	quick	春迫迿遭
xb	quick	迶逍通逋遇過遍遄遘適邁邇邐遡
xc	quick	其述迣迷跡選遺迹
xd	quick	迂迆述迤迷探途遊
xe	quick	返般逑逡逮逯遐遝
xf	quick	原逖遜遮遼
xg	quick	任迋逞逛逵進遑遳暹邏𨑳
xh	quick	份透逤逿遞遢込递
xi	quick	迅風逸運遇過麼導遵邁邏蠭
xj	quick	什迅迕連逢逴運達遷遧避辻遖
xk	quick	送這達遨遫邀邇
xl	quick	迎近迪速逝迚
xm	quick	延直逕遢邅
xn	quick	迄迾處逾遞遼邏
xo	quick	來迭逃逐遂遏遯遺遽邃
xp	quick	代邐
xq	quick	建逄通連逢達違遴遲邂
xr	quick	各何迦迢迥迨迴追逅迼這造逜週逭過逽遣適鋭閲税
xs	quick	成迎透逌邊遌
xt	quick	迸逗遍邆藴
xu	quick	迆逆逸溯道遁遠遙遞遷選遶遻邈覺悦兑
xv	quick	巡表退逶遏遠還邋
xw	quick	迪迺逼遒遛
xx	quick	這
xy	quick	章
y	quick	卜蔔
ya	quick	音識諸遭詢譜迫諧詣諳齰迿譇誻旝譖諙謵𧪽誯𧬘
yb	quick	請論通市講育適帝遇謂端肯遍邁靖膚逍諦膏誦譎訥邇謫肓遄逋遘膂誚旆遹誧譑离謞諞遰齵齲旓諯詴斒鬳謪迶歶帟譋諝謧脊高凊商溯裔過諢離韺邐𧬺謿遡讁𢂚斾
yc	quick	選六讀亦述遺頻顏旗韻讚貞謙顫龔顱贛貲謮齻遉譔頦齎贇贙旟頝鈭訹譧齞錖賌諆顪頏虡謓凎廉跡諶蹟識贏鑾亷贑迹𩐳𨘀𣄃𩑈顇𪙊
yd	quick	迷課遊施享棄途桌謀柴謎諜誅稟迂諄諍譟迤粲竫迆謋訏斿杗虖諃謼誄訑齫誖述凍凈淨訹辣凜槳斕孿斈栾㰍䜓𨔼𨘋𧩹𧨾槀稾
ye	quick	設護毅叔叡返敲詠歧逮遐謾竣逑謢諼謖譭頀遝謏逡邍諏齱諔竷讂詖皽逯毃敁殶皻敊冰凌變㪫𠮏㕡𣫛誜䛵詉攴
yf	quick	談熟京紫諒齋遜遮遼烹紊譙詼諫逖鷲鮆鴗讌鶉讜鷟鳪齌鶙謤鸇譕龒鶁虪鷾旚謜鳼謶祡鸕鵁鶐鸗鵫鸆涼馮凞謼鹹斕鸁爕禀譌𧪾𩐿遤点歒
yg	quick	主進望誰離雜註童邏逛詮壟逞迋塾雌雍遑逵齷誑壑壅暹讙誆諲詿觜諻韹遳壯坤准凐啻溯準詼凗誣諜諈講謨謹瓣譅堃𡑔墪㘹𨗴𨑳
yh	quick	步歲彰彥謬訝診彪諺逿逤迓虨玅虙齴齖訬劾竑記訖產訪訛透詐詗虜詨誥誘遞遢誼諒諉諮謂謎謙講謝羸譜辮譯護齷効㣌彣竧逷訜込讁襃递竓謭
yi	quick	謝討議導戲詩逸齡玄遵諷孰譏訟竑颯玆鹵讒竤誸蠪歭譐戠詅訒虥旍譸諓冷迅夜戕畝蚊訊將詆歲運遇過誨戰邁甕離識韻蠃邏齲蠻䇊蝱誐讛齢蠭㱔畆
yj	quick	訊章許計連辦運率評逢避譯辛辯辨卒斗迅卓譚瓣聾訐辮顰譁誶諢諵迕諀嚲遧謰韸謘讘諿逴譂訂鬥詠詐詼詭詬達誚諄遷諾諷諳讖𣁾遡辻遖
yk	quick	交文放夜效送誤族敵獻邀敦遨訣奕虞虔謨誒詨敨讞韺龑遫迖謑訞詙譈敹譀迗冹狀訊訟這鹵詛詻達誦颯獎諍諫諷諭諼頭謗謊邇謳譁議譴讀讂變齩竢䜘詾
yl	quick	新部近速迎郭訓逝辣郊訢旂鄐竦鄣詶邟邙鄗邡齘齗市帝迪訐訖訥詔詆詖誅端齊凘衝謠齋譏齡讜𨜓𠨑迚
ym	quick	上些試產止虛誼証誕謹斌虐逕詛翊謔詡詆遢旌讖齟訌譠翽与詌譅亹諈鹺邅讈亶謆齏謯誙譾韰斖諠甝冱夜馮與誹證韻鶉讓鸞𨒂𦒍𧩙竩韵𧥺韲𧫴𦐑譃𪘲
yn	quick	處劇刻贏訂亨劑亭迄剖逾亢諭嬴剷甕訖羸迾鸁瓿誃劌臝蠃迒甋瓬斻甗迻齕謻冽虎亮訊遞劉諍遼譏彎竚𨔁驘𥪜𧭈諪剠
yo	quick	該豪逃旋逐齒遂亥鹼誣邃遽迭畝齪諛詄歆歔遯諟遾旐螤瓤欬旞豦欳歊譹諑譣譺斔誂胔歑誺夜貞訥貲遏竭認凝謁遲遺頻歟顏瓣譏贏顫顪贛顱臠諚遬譢歒蹵
yp	quick	意此龍認忘慮誌託氓訛詫忐亳戇旎邐諗齜忞譓詑齔虍惄誋諰龘齥迡譿憝謥讔訿論憑戀𧩓䛏訫譩𢥫
yq	quick	達詳違牽遲邂諱遴逄撉詊通連逢誦誧諢羸譁譯攣𣁄旔𨗨
yr	quick	這過站話高言語造調商追詞週諾迴吝占詗遣譴迦諮齣詰鹹逅訶裔韶詬迢詔迥詒啻謳迵迨齬諴旖詁砦訾礱誥譫迼适逽迠詻呰詀讋齮謒詺逭譆竘譗齝齠讟逜詷冶冾凋凅凔適謫譎𧪄啇旑𨘥𧬸謌誩𨔽𩐝訽䢛𧬆逈
ys	quick	方邊誠旁透訪誇虧誘詐謗虜劾詎諤謣迉齶勴勷勍逌迮詏卣勯迎鄗効辸遌齚剠
yt	quick	立證盧逗誡謐迸迣弈諡衁竮謚髜齍齛詍邆齸誁棄盜進遍論講𧬹竝
yu	quick	就說道記竟親亮充虎督競遙毫逆遷謠遞謊盲詭遁睿訕旄乩覷謅邈詘氈遶兗巟訧眥辿覘迍齙譊齺齯譝旒齾諕遻詵謕覤訰誽氃罋虤冼訑逃遠齒選龍礎邋巒讜龘𧨎𥈠𨕬竜𥪯齓竓
yv	quick	還讓遠餐退衣旅亡哀巡襲衷衰妄襄竭裹褻褒妾遏齦邋諉謁袞誏諶逶袤褭譪褱裒袬饔玈譨袌裻裛褎褢誫諘飺袲謱巟妝凄旒裝裏誕嬴謊孌𨘻𧜏衮裦譞裵襃袠
yw	quick	逼迪畜迺斕旛遛遒讕諨讅讄譒凍畝睿諫還醬
yx	quick	齊諂這遊適遽謟
yy	quick	於卡訴誨誹卞旃訃翊詡遢謆韻翽譾讒𠁎
z	quick	。，、；：？！「」『』（）｛｝〔〕【】《》〈〉︵︶︷︸︹︺︻︼︽︾︿﹀﹁﹂﹃﹄
